pdf_page,pdf_group,pdf_topic,pdf_words,website_url,http_status,redirect_to,exists,published,indexable,in_sitemap,in_search,in_navigation,hub_linked,inbound_contextual,inbound_hub,own_pdf_text_rendered,topic_match,content_match,content_depth,structure_match,structure_elements,topic_specific_words,context_words,topic_sections_beyond_hero,max_prose_overlap,most_similar_pdf_page,duplication,hero_visual,claims,context_page,status,notes
1,1-10 Platform,GetSibu — Creative Asset Management Platform,58,/,200,,yes,published,yes,yes,yes,no,yes,348,20,yes,PASS,PASS,developed,PASS,hero|introduction|features|benefits|workflow|use-case|cta,,,,0.038,3,no,library-search,,,PASS,
2,1-10 Platform,The Operating System for Creative Libraries,46,/platform,200,,yes,published,yes,yes,yes,mega menu,yes,21,2,yes,PASS,PARTIAL,thin,PASS,hero|introduction|features|faq|cta,46,217,0,0.524,7,no,library-search,,,PARTIAL,THIN: topic-specific content is only the 46-word PDF paragraph in the hero; every other section is neighbouring-topic context
3,1-10 Platform,AI-Powered Digital Asset Management,39,/platform/ai-powered-digital-asset-management,200,,yes,framed,yes,yes,yes,no,yes,10,1,no,PARTIAL,PARTIAL,withheld,PARTIAL,hero|features|workflow|faq|cta,19,92,1,0.215,60,no,ai-review:tags,ai-tagging scene-detection face-grouping ocr semantic-search duplicate-detection,/,PARTIAL,"Topic (manual): Hero shows the platform statement (PDF 1), not PDF 3; the 'Named in this page' workflow (tagging, OCR, semantic search, duplicates) conveys AI-powered DAM. / Framed: own PDF paragraph withheld (claims: ai-tagging, scene-detection, face-grouping, ocr, semantic-search, duplicate-detection); verified context from PDF 1"
4,1-10 Platform,Creative Library Management,43,/platform/creative-library-management,200,,yes,published,yes,yes,yes,no,yes,8,1,yes,PASS,PARTIAL,introduced,PASS,hero|introduction|features|benefits|workflow|cta,71,57,1,0.302,235,no,media-library,,,PARTIAL,Topic developed in the hero plus at most one section; other sections are related PDF context
5,1-10 Platform,Intelligent Media Library,35,/platform/intelligent-media-library,200,,yes,framed,yes,yes,yes,no,yes,11,1,no,PARTIAL,PARTIAL,withheld,PASS,hero|introduction|features|workflow|faq|cta,0,311,0,0.43,7,no,search-signals:semantic,scene-detection,/,PARTIAL,"Topic (manual): Hero shows PDF 1; search sections convey an intelligent library, but 'intelligent media library' is not explained. / Framed: own PDF paragraph withheld (claims: scene-detection); verified context from PDF 1"
6,1-10 Platform,Centralised Creative Asset Library,37,/platform/centralised-creative-asset-library,200,,yes,published,yes,yes,yes,mega menu,yes,8,1,yes,PASS,PARTIAL,thin,PASS,hero|introduction|features|benefits|cta,37,46,0,0.217,370,no,ingest-pipeline:sources,,,PARTIAL,THIN: topic-specific content is only the 37-word PDF paragraph in the hero; every other section is neighbouring-topic context
7,1-10 Platform,Modern Digital Asset Management,32,/platform/modern-digital-asset-management,200,,yes,published,yes,yes,yes,no,yes,8,1,yes,PASS,PARTIAL,thin,PASS,hero|introduction|features|faq|cta,32,217,0,0.65,360,near-duplicate,library-search,,,PARTIAL,Topic (manual): Contrasts traditional file storage with what GetSibu adds (PDF 7 wording): the modern-DAM topic is clear without the title. / THIN: topic-specific content is only the 32-word PDF paragraph in the hero; every other section is neighbouring-topic context / Near-duplicate of PDF 360 /business-value/why-invest-in-getsibu (prose overlap 0.65)
8,1-10 Platform,Creative Asset Organisation,40,/platform/creative-asset-organisation,200,,yes,published,yes,yes,yes,mega menu,yes,23,3,yes,PASS,PASS,developed,PASS,hero|introduction|features|workflow|cta,114,127,2,0.601,395,near-duplicate,media-library,taxonomy,,PARTIAL,Near-duplicate of PDF 395 /get-started/give-your-creative-team-one-source-of-truth (prose overlap 0.601)
9,1-10 Platform,AI-Aware Asset Management,34,/platform/ai-aware-asset-management,200,,yes,published,yes,yes,yes,no,yes,14,1,yes,PASS,PARTIAL,introduced,PASS,hero|introduction|features|benefits|workflow|faq|cta,34,165,0,0.457,394,no,ai-review:approve,ai-tagging,,PARTIAL,Topic developed in the hero plus at most one section; other sections are related PDF context
10,1-10 Platform,One Source of Truth for Creative Teams,39,/platform/one-source-of-truth-for-creative-teams,200,,yes,published,yes,yes,yes,mega menu,yes,7,1,yes,PASS,PARTIAL,introduced,PARTIAL,hero|introduction|features|cta,39,143,0,0.389,61,no,folder-access:team,,,PARTIAL,Topic developed in the hero plus at most one section; other sections are related PDF context
11,11-30 Core Product Pages,Creative Asset Search,37,/features/creative-asset-search,200,,yes,published,yes,yes,yes,mega menu,yes,34,5,yes,PASS,PASS,developed,PASS,hero|introduction|features|benefits|workflow|cta,96,29,3,0.584,26,no,search-signals,ocr,,PASS,
12,11-30 Core Product Pages,AI Asset Discovery,37,/features/ai-asset-discovery,200,,yes,published,yes,yes,yes,no,yes,31,3,yes,PASS,PARTIAL,introduced,PASS,hero|introduction|features|benefits|workflow|cta,37,110,0,0.5,30,no,library-search,,,PARTIAL,Topic developed in the hero plus at most one section; other sections are related PDF context
13,11-30 Core Product Pages,Media Search Platform,33,/features/media-search-platform,200,,yes,published,yes,yes,yes,no,yes,9,2,yes,PASS,PARTIAL,introduced,PASS,hero|introduction|features|benefits|cta,33,15,0,0.159,393,no,search-signals:metadata,,,PARTIAL,Topic developed in the hero plus at most one section; other sections are related PDF context
14,11-30 Core Product Pages,Semantic Creative Search,42,/features/semantic-creative-search,200,,yes,published,yes,yes,yes,mega menu,yes,5,2,yes,PASS,PASS,developed,PASS,hero|introduction|features|benefits|workflow|cta,68,29,2,0.481,26,no,search-signals:semantic,semantic-search,,PASS,
15,11-30 Core Product Pages,OCR-Powered Asset Search,37,/features/ocr-powered-asset-search,200,,yes,published,yes,yes,yes,mega menu,yes,15,3,yes,PASS,PASS,developed,PASS,hero|introduction|features|benefits|workflow|faq|cta,66,110,2,0.621,53,near-duplicate,search-signals:ocr,ocr,,PARTIAL,"Topic (manual): Missing term is a modifier (e.g. 'Powered', 'Advanced', 'DAM'); the PDF paragraph states the topic. / Near-duplicate of PDF 53 /features/ai-document-discovery (prose overlap 0.621)"
16,11-30 Core Product Pages,Search Across Creative Libraries,32,/features/search-across-creative-libraries,200,,yes,published,yes,yes,yes,no,yes,6,2,yes,PASS,PARTIAL,introduced,PASS,hero|introduction|features|benefits|workflow|cta,32,29,0,0.436,11,no,search-signals,,,PARTIAL,Topic developed in the hero plus at most one section; other sections are related PDF context
17,11-30 Core Product Pages,Saved Asset Searches,31,/features/saved-asset-searches,200,,yes,published,yes,yes,yes,mega menu,yes,30,3,yes,PASS,PASS,developed,PASS,hero|introduction|features|workflow|cta,59,33,2,0.221,30,no,search-signals:comments,saved-search-urls,,PASS,
18,11-30 Core Product Pages,Natural Language Asset Search,36,/features/natural-language-asset-search,200,,yes,published,yes,yes,yes,no,yes,18,3,yes,PASS,PARTIAL,introduced,PASS,hero|introduction|features|benefits|workflow|cta,50,114,1,0.456,53,no,search-signals:semantic,semantic-search,,PARTIAL,Topic developed in the hero plus at most one section; other sections are related PDF context
19,11-30 Core Product Pages,Advanced Media Filters,31,/features/advanced-media-filters,200,,yes,published,yes,yes,yes,no,yes,18,2,yes,PASS,PARTIAL,introduced,PASS,hero|introduction|features|workflow|cta,46,101,1,0.29,20,no,search-signals:metadata,,,PARTIAL,"Topic (manual): Missing term is a modifier (e.g. 'Powered', 'Advanced', 'DAM'); the PDF paragraph states the topic. / Topic developed in the hero plus at most one section; other sections are related PDF context"
20,11-30 Core Product Pages,Fast Asset Discovery,31,/features/fast-asset-discovery,200,,yes,framed,yes,yes,yes,no,yes,4,2,no,PARTIAL,PARTIAL,withheld,PARTIAL,hero|features|workflow|cta,0,69,0,0.382,39,no,search-signals,sub-second-search,/architecture/fast-creative-search,PARTIAL,Topic (manual): Hero from PDF 307 (low-latency search) conveys fast discovery; sub-second claim withheld. / Framed: own PDF paragraph withheld (claims: sub-second-search); verified context from PDF 307
21,11-30 Core Product Pages,Creative Asset Indexing,29,/features/creative-asset-indexing,200,,yes,published,yes,yes,yes,no,yes,38,4,yes,PASS,PASS,developed,PASS,hero|introduction|features|workflow|cta,82,132,2,0.35,146,no,search-signals:metadata,,,PASS,
22,11-30 Core Product Pages,Media Metadata Management,33,/features/media-metadata-management,200,,yes,published,yes,yes,yes,no,yes,18,2,yes,PASS,PARTIAL,introduced,PASS,hero|introduction|features|workflow|cta,50,46,1,0.193,19,no,search-signals:metadata,metadata-preserved,,PARTIAL,Topic developed in the hero plus at most one section; other sections are related PDF context
23,11-30 Core Product Pages,Asset Metadata Search,29,/features/asset-metadata-search,200,,yes,published,yes,yes,yes,no,yes,19,2,yes,PASS,PARTIAL,introduced,PASS,hero|introduction|features|workflow|cta,45,29,1,0.196,374,no,search-signals:metadata,,,PARTIAL,Topic developed in the hero plus at most one section; other sections are related PDF context
24,11-30 Core Product Pages,Creative File Discovery,34,/features/creative-file-discovery,200,,yes,published,yes,yes,yes,no,yes,12,2,yes,PASS,PARTIAL,introduced,PASS,hero|introduction|features|benefits|workflow|cta,55,97,1,0.558,30,no,media-library,,,PARTIAL,Topic developed in the hero plus at most one section; other sections are related PDF context
25,11-30 Core Product Pages,Searchable Video Library,21,/features/searchable-video-library,200,,yes,published,yes,yes,yes,no,yes,26,2,yes,PASS,PARTIAL,introduced,PASS,hero|introduction|features|workflow|cta,42,97,1,0.262,57,no,media-library:video,,,PARTIAL,Topic developed in the hero plus at most one section; other sections are related PDF context
26,11-30 Core Product Pages,Searchable Image Library,22,/features/searchable-image-library,200,,yes,published,yes,yes,yes,no,yes,27,2,yes,PASS,PARTIAL,introduced,PASS,hero|introduction|features|benefits|workflow|cta,36,29,1,0.584,11,no,media-library:image,,,PARTIAL,Topic developed in the hero plus at most one section; other sections are related PDF context
27,11-30 Core Product Pages,Searchable Document Library,23,/features/searchable-document-library,200,,yes,published,yes,yes,yes,no,yes,26,2,yes,PASS,PASS,developed,PASS,hero|introduction|features|benefits|workflow|faq|cta,48,67,2,0.303,24,no,media-library:document,,,PASS,
28,11-30 Core Product Pages,Searchable Audio Library,28,/features/searchable-audio-library,200,,yes,published,yes,yes,yes,no,yes,25,2,yes,PASS,PARTIAL,introduced,PASS,hero|introduction|features|workflow|cta,42,61,1,0.35,20,no,media-library:audio,,,PARTIAL,Topic developed in the hero plus at most one section; other sections are related PDF context
29,11-30 Core Product Pages,Creative Library Navigation,24,/features/creative-library-navigation,200,,yes,published,yes,yes,yes,no,yes,11,2,yes,PASS,PARTIAL,thin,PASS,hero|introduction|features|workflow|cta,24,170,0,0.337,10,no,library-search,,,PARTIAL,THIN: topic-specific content is only the 24-word PDF paragraph in the hero; every other section is neighbouring-topic context
30,11-30 Core Product Pages,Asset Discovery Workflow,33,/features/asset-discovery-workflow,200,,yes,published,yes,yes,yes,no,yes,8,2,yes,PASS,PARTIAL,thin,PASS,hero|introduction|features|benefits|workflow|cta,33,142,0,0.558,24,no,library-search,,,PARTIAL,THIN: topic-specific content is only the 33-word PDF paragraph in the hero; every other section is neighbouring-topic context
31,31-60 AI Features,AI-Assisted Tagging,29,/features/ai-assisted-tagging,200,,yes,published,yes,yes,yes,mega menu,yes,70,5,yes,PASS,PASS,developed,PASS,hero|introduction|features|workflow|faq|cta,77,188,3,0.35,381,no,ai-review:tags,ai-tagging,,PASS,
32,31-60 AI Features,AI Vision Analysis,20,/features/ai-vision-analysis,200,,yes,framed,yes,yes,yes,no,yes,4,2,no,PARTIAL,PARTIAL,withheld,PASS,hero|introduction|features|workflow|cta,42,111,2,0.468,34,no,ai-review,ai-vision-attributes scene-detection,/features/ai-object-detection,PARTIAL,"Topic (manual): Objects, moods, colours and media understanding convey vision analysis; scenes withheld. / Framed: own PDF paragraph withheld (claims: ai-vision-attributes, scene-detection); verified context from PDF 34"
33,31-60 AI Features,AI Scene Detection,25,/features/ai-scene-detection,307,/features/practical-ai-for-creative-teams,held (not routed),held,no,no,no,no,no,0,0,no,BLOCKED,BLOCKED,blocked,BLOCKED,,0,0,0,,,,,scene-detection,/features/practical-ai-for-creative-teams,BLOCKED — UNCONFIRMED CLAIM,Title states an unconfirmed claim / 307 → /features/practical-ai-for-creative-teams until claim(s) scene-detection are client-confirmed
34,31-60 AI Features,AI Object Detection,24,/features/ai-object-detection,200,,yes,published,yes,yes,yes,no,yes,11,2,yes,PASS,PARTIAL,thin,PASS,hero|introduction|features|workflow|cta,24,145,0,0.531,42,no,ai-review:object,ai-vision-attributes,,PARTIAL,THIN: topic-specific content is only the 24-word PDF paragraph in the hero; every other section is neighbouring-topic context
35,31-60 AI Features,AI Mood Detection,26,/features/ai-mood-detection,200,,yes,published,yes,yes,yes,no,yes,11,2,yes,PASS,PARTIAL,introduced,PASS,hero|introduction|features|workflow|cta,40,47,1,0.155,34,no,ai-review:mood,ai-vision-attributes,,PARTIAL,Topic developed in the hero plus at most one section; other sections are related PDF context
36,31-60 AI Features,AI Colour Detection,27,/features/ai-colour-detection,200,,yes,published,yes,yes,yes,no,yes,15,2,yes,PASS,PARTIAL,thin,PASS,hero|introduction|features|workflow|cta,27,149,0,0.572,43,no,ai-review:colour,ai-vision-attributes,,PARTIAL,"Topic (manual): Missing term is a modifier (e.g. 'Powered', 'Advanced', 'DAM'); the PDF paragraph states the topic. / THIN: topic-specific content is only the 27-word PDF paragraph in the hero; every other section is neighbouring-topic context"
37,31-60 AI Features,AI Face Grouping,27,/features/ai-face-grouping,307,/features/practical-ai-for-creative-teams,held (not routed),held,no,no,no,no,no,0,0,no,BLOCKED,BLOCKED,blocked,BLOCKED,,0,0,0,,,,,face-grouping,/features/practical-ai-for-creative-teams,BLOCKED — UNCONFIRMED CLAIM,Title states an unconfirmed claim / 307 → /features/practical-ai-for-creative-teams until claim(s) face-grouping are client-confirmed
38,31-60 AI Features,AI OCR,21,/features/ai-ocr,200,,yes,published,yes,yes,yes,mega menu,yes,17,4,yes,PASS,PARTIAL,introduced,PASS,hero|introduction|features|workflow|faq|cta,21,68,0,0.356,53,no,search-signals:ocr,ocr,,PARTIAL,Topic developed in the hero plus at most one section; other sections are related PDF context
39,31-60 AI Features,AI Semantic Search,22,/features/ai-semantic-search,200,,yes,published,yes,yes,yes,no,yes,9,3,yes,PASS,PARTIAL,introduced,PASS,hero|introduction|features|workflow|cta,37,109,1,0.382,20,no,search-signals:semantic,semantic-search,,PARTIAL,Topic developed in the hero plus at most one section; other sections are related PDF context
40,31-60 AI Features,AI Duplicate Detection,25,/features/ai-duplicate-detection,200,,yes,published,yes,yes,yes,mega menu,yes,10,3,yes,PASS,PARTIAL,introduced,PASS,hero|introduction|features|benefits|workflow|cta,32,96,1,0.487,350,no,media-library,duplicate-detection,,PARTIAL,Topic developed in the hero plus at most one section; other sections are related PDF context
41,31-60 AI Features,AI Auto Collections,26,/features/ai-auto-collections,307,/features/ai-library-organisation,held (not routed),held,no,no,no,no,no,0,0,no,BLOCKED,BLOCKED,blocked,BLOCKED,,0,0,0,,,,,auto-collections,/features/ai-library-organisation,BLOCKED — UNCONFIRMED CLAIM,Title states an unconfirmed claim / 307 → /features/ai-library-organisation until claim(s) auto-collections are client-confirmed
42,31-60 AI Features,AI Asset Classification,18,/features/ai-asset-classification,200,,yes,published,yes,yes,yes,no,yes,10,2,yes,PASS,PARTIAL,introduced,PASS,hero|introduction|features|workflow|faq|cta,18,47,0,0.706,46,near-duplicate,ai-review:tags,,,PARTIAL,Topic developed in the hero plus at most one section; other sections are related PDF context / Near-duplicate of PDF 46 /features/ai-tag-confidence (prose overlap 0.706)
43,31-60 AI Features,AI Media Understanding,22,/features/ai-media-understanding,200,,yes,published,yes,yes,yes,no,yes,19,2,yes,PASS,PASS,developed,PASS,hero|introduction|features|workflow|cta,59,151,2,0.689,50,near-duplicate,ingest-pipeline:processing,,,PARTIAL,Near-duplicate of PDF 50 /features/ai-media-indexing (prose overlap 0.689)
44,31-60 AI Features,AI Creative Intelligence,28,/features/ai-creative-intelligence,200,,yes,published,yes,yes,yes,no,yes,5,2,yes,PASS,PARTIAL,introduced,PASS,hero|introduction|features|workflow|cta,45,65,1,0.567,46,no,ingest-pipeline:processing,,,PARTIAL,Topic developed in the hero plus at most one section; other sections are related PDF context
45,31-60 AI Features,AI-Powered Asset Management,23,/features/ai-powered-asset-management,200,,yes,published,yes,yes,yes,no,yes,9,2,yes,PASS,PARTIAL,introduced,PASS,hero|introduction|features|workflow|cta,23,36,0,0.239,36,no,ingest-pipeline:processing,,,PARTIAL,Topic developed in the hero plus at most one section; other sections are related PDF context
46,31-60 AI Features,AI Tag Confidence,20,/features/ai-tag-confidence,200,,yes,published,yes,yes,yes,no,yes,19,2,yes,PASS,PARTIAL,introduced,PASS,hero|introduction|features|workflow|faq|cta,40,169,1,0.706,42,near-duplicate,ai-review:confidence,ai-tagging,,PARTIAL,Topic developed in the hero plus at most one section; other sections are related PDF context / Near-duplicate of PDF 42 /features/ai-asset-classification (prose overlap 0.706)
47,31-60 AI Features,AI Tag Approval,18,/features/ai-tag-approval,200,,yes,published,yes,yes,yes,mega menu,yes,24,3,yes,PASS,PARTIAL,introduced,PASS,hero|introduction|features|workflow|faq|cta,56,53,1,0.549,364,no,ai-review:approve,ai-tagging,,PARTIAL,Topic developed in the hero plus at most one section; other sections are related PDF context
48,31-60 AI Features,AI Tag Override,22,/features/ai-tag-override,200,,yes,published,yes,yes,yes,no,yes,10,2,yes,PASS,PARTIAL,introduced,PASS,hero|introduction|features|workflow|faq|cta,47,152,1,0.561,36,no,ai-review:override,ai-tagging,,PARTIAL,Topic developed in the hero plus at most one section; other sections are related PDF context
49,31-60 AI Features,AI Creative Search,22,/features/ai-creative-search,200,,yes,published,yes,yes,yes,no,yes,12,2,yes,PASS,PARTIAL,introduced,PASS,hero|introduction|features|workflow|cta,37,29,1,0.357,20,no,search-signals:semantic,semantic-search,,PARTIAL,Topic developed in the hero plus at most one section; other sections are related PDF context
50,31-60 AI Features,AI Media Indexing,17,/features/ai-media-indexing,200,,yes,published,yes,yes,yes,no,yes,16,2,yes,PASS,PASS,developed,PASS,hero|introduction|features|workflow|cta,56,161,2,0.689,43,near-duplicate,ingest-pipeline:processing,,,PARTIAL,Near-duplicate of PDF 43 /features/ai-media-understanding (prose overlap 0.689)
51,31-60 AI Features,AI-Powered Video Discovery,18,/features/ai-powered-video-discovery,200,,yes,framed,yes,yes,yes,no,yes,5,2,no,PARTIAL,PARTIAL,withheld,PASS,hero|introduction|features|workflow|cta,21,115,1,0.362,34,no,media-library:video,scene-detection,/features/ai-asset-discovery,PARTIAL,Topic (manual): AI discovery and video library content convey the topic; scene-based video search withheld. / Framed: own PDF paragraph withheld (claims: scene-detection); verified context from PDF 12
52,31-60 AI Features,AI-Powered Image Discovery,18,/features/ai-powered-image-discovery,200,,yes,published,yes,yes,yes,no,yes,4,2,yes,PASS,PARTIAL,introduced,PASS,hero|introduction|features|workflow|cta,18,150,0,0.39,43,no,media-library:image,,,PARTIAL,Topic developed in the hero plus at most one section; other sections are related PDF context
53,31-60 AI Features,AI Document Discovery,18,/features/ai-document-discovery,200,,yes,published,yes,yes,yes,no,yes,9,2,yes,PASS,PARTIAL,thin,PASS,hero|introduction|features|benefits|workflow|faq|cta,18,101,0,0.621,15,near-duplicate,search-signals:ocr,ocr,,PARTIAL,THIN: topic-specific content is only the 18-word PDF paragraph in the hero; every other section is neighbouring-topic context / Near-duplicate of PDF 15 /features/ocr-powered-asset-search (prose overlap 0.621)
54,31-60 AI Features,AI Creative Workflow,32,/features/ai-creative-workflow,200,,yes,published,yes,yes,yes,no,yes,12,2,yes,PASS,PARTIAL,introduced,PASS,hero|introduction|features|workflow|cta,60,69,1,0.344,80,no,ingest-pipeline:processing,,,PARTIAL,Topic developed in the hero plus at most one section; other sections are related PDF context
55,31-60 AI Features,AI Media Automation,15,/features/ai-media-automation,200,,yes,published,yes,yes,yes,no,yes,7,2,yes,PASS,PASS,developed,PASS,hero|introduction|features|workflow|cta,46,126,2,0.714,59,near-duplicate,ingest-pipeline:processing,ocr,,PARTIAL,Near-duplicate of PDF 59 /features/ai-creative-operations (prose overlap 0.714)
56,31-60 AI Features,AI Asset Recommendations,15,/features/ai-asset-recommendations,200,,yes,framed,yes,yes,yes,no,yes,2,2,no,FAIL,FAIL,absent,PASS,hero|introduction|features|workflow|cta,0,36,0,0.415,32,no,media-library,auto-collections,/features/ai-library-organisation,FAIL,"Topic (manual): Nothing on the page discusses recommendations; hero and body are AI organisation/intelligence context (PDF 57, 58, 55, 54)."
57,31-60 AI Features,AI Library Organisation,20,/features/ai-library-organisation,200,,yes,published,yes,yes,yes,no,yes,16,2,yes,PASS,PARTIAL,introduced,PASS,hero|introduction|features|workflow|cta,53,51,1,0.302,52,no,media-library,,,PARTIAL,Topic developed in the hero plus at most one section; other sections are related PDF context
58,31-60 AI Features,AI Asset Intelligence,16,/features/ai-asset-intelligence,200,,yes,published,yes,yes,yes,no,yes,7,2,yes,PASS,PASS,developed,PASS,hero|introduction|features|workflow|cta,53,65,2,0.343,44,no,ingest-pipeline:processing,,,PASS,
59,31-60 AI Features,AI Creative Operations,23,/features/ai-creative-operations,200,,yes,published,yes,yes,yes,no,yes,7,2,yes,PASS,PARTIAL,introduced,PASS,hero|introduction|features|workflow|cta,23,36,0,0.714,55,near-duplicate,ingest-pipeline:processing,,,PARTIAL,Topic developed in the hero plus at most one section; other sections are related PDF context / Near-duplicate of PDF 55 /features/ai-media-automation (prose overlap 0.714)
60,31-60 AI Features,Practical AI for Creative Teams,28,/features/practical-ai-for-creative-teams,200,,yes,published,yes,yes,yes,no,yes,9,2,yes,PASS,PARTIAL,introduced,PASS,hero|introduction|features|workflow|cta,28,81,0,0.244,54,no,ingest-pipeline:processing,ocr duplicate-detection,,PARTIAL,Topic developed in the hero plus at most one section; other sections are related PDF context
61,61-90 Collaboration,Creative Team Collaboration,20,/features/creative-team-collaboration,200,,yes,published,yes,yes,yes,no,yes,24,5,yes,PASS,PASS,developed,PASS,hero|introduction|features|workflow|cta,70,167,2,0.389,10,no,timeline-review:comments,,,PASS,
62,61-90 Collaboration,Asset Comments,16,/features/asset-comments,200,,yes,published,yes,yes,yes,no,yes,39,2,yes,PASS,PASS,developed,PASS,hero|introduction|features|workflow|faq|cta,55,108,3,0.359,86,no,timeline-review:comments,,,PASS,
63,61-90 Collaboration,Threaded Comments,20,/features/threaded-comments,200,,yes,published,yes,yes,yes,mega menu,yes,24,3,yes,PASS,PARTIAL,introduced,PASS,hero|introduction|features|benefits|workflow|cta,40,33,1,0.366,79,no,timeline-review:comments,,,PARTIAL,Topic developed in the hero plus at most one section; other sections are related PDF context
64,61-90 Collaboration,Video Timeline Comments,21,/features/video-timeline-comments,200,,yes,published,yes,yes,yes,mega menu,yes,34,3,yes,PASS,PASS,developed,PASS,hero|introduction|features|workflow|faq|cta,58,88,3,0.35,385,no,timeline-review:timeline,timeline-comments,,PASS,
65,61-90 Collaboration,Frame-Accurate Review,18,/features/frame-accurate-review,200,,yes,published,yes,yes,yes,no,yes,7,2,yes,PASS,PARTIAL,introduced,PASS,hero|introduction|features|benefits|workflow|faq|cta,36,62,1,0.38,69,no,timeline-review:timeline,frame-accurate,,PARTIAL,Topic developed in the hero plus at most one section; other sections are related PDF context
66,61-90 Collaboration,Team Mentions,20,/features/team-mentions,200,,yes,published,yes,yes,yes,no,yes,20,2,yes,PASS,PASS,developed,PASS,hero|introduction|features|workflow|cta,40,145,2,0.538,75,no,timeline-review:comments,folder-aware-mentions,,PASS,
67,61-90 Collaboration,Creative Approval Workflow,17,/features/creative-approval-workflow,200,,yes,published,yes,yes,yes,mega menu,yes,48,3,yes,PASS,PARTIAL,introduced,PASS,hero|introduction|features|benefits|workflow|cta,17,47,0,0.565,74,no,timeline-review:status,,,PARTIAL,Topic developed in the hero plus at most one section; other sections are related PDF context
68,61-90 Collaboration,Asset Approval,24,/features/asset-approval,200,,yes,published,yes,yes,yes,no,yes,27,3,yes,PASS,PASS,developed,PASS,hero|introduction|features|workflow|cta,132,80,2,0.446,71,no,timeline-review:status,,,PASS,
69,61-90 Collaboration,Creative Review,17,/features/creative-review,200,,yes,published,yes,yes,yes,no,yes,25,2,yes,PASS,PARTIAL,introduced,PASS,hero|introduction|features|benefits|faq|cta,106,23,1,0.38,65,no,timeline-review:status,,,PARTIAL,Topic developed in the hero plus at most one section; other sections are related PDF context
70,61-90 Collaboration,Campaign Review,14,/features/campaign-review,200,,yes,published,yes,yes,yes,no,yes,8,2,yes,PASS,PARTIAL,introduced,PASS,hero|introduction|features|benefits|workflow|cta,14,0,0,0.313,67,no,timeline-review:status,,,PARTIAL,Topic developed in the hero plus at most one section; other sections are related PDF context
71,61-90 Collaboration,Brand Asset Approval,19,/features/brand-asset-approval,200,,yes,published,yes,yes,yes,no,yes,14,2,yes,PASS,PARTIAL,introduced,PASS,hero|introduction|features|workflow|cta,19,80,0,0.535,89,no,timeline-review:status,,,PARTIAL,Topic developed in the hero plus at most one section; other sections are related PDF context
72,61-90 Collaboration,Client Review,16,/features/client-review,200,,yes,published,yes,yes,yes,no,yes,12,2,yes,PASS,PARTIAL,introduced,PASS,hero|introduction|features|workflow|faq|cta,16,66,0,0.302,372,no,timeline-review:status,,,PARTIAL,Topic developed in the hero plus at most one section; other sections are related PDF context
73,61-90 Collaboration,Team Feedback,16,/features/team-feedback,200,,yes,published,yes,yes,yes,no,yes,9,2,yes,PASS,PASS,developed,PASS,hero|introduction|features|workflow|cta,80,75,2,0.382,66,no,timeline-review:comments,,,PASS,
74,61-90 Collaboration,Creative Feedback Management,16,/features/creative-feedback-management,200,,yes,published,yes,yes,yes,no,yes,8,2,yes,PASS,PARTIAL,introduced,PASS,hero|introduction|features|benefits|workflow|cta,52,38,1,0.565,67,no,timeline-review:comments,,,PARTIAL,Topic developed in the hero plus at most one section; other sections are related PDF context
75,61-90 Collaboration,Asset Discussion History,12,/features/asset-discussion-history,200,,yes,published,yes,yes,yes,no,yes,8,2,yes,PASS,PARTIAL,introduced,PASS,hero|introduction|features|workflow|cta,12,44,0,0.814,86,duplicate,timeline-review:comments,,,PARTIAL,Topic developed in the hero plus at most one section; other sections are related PDF context / DUPLICATE of PDF 86 /features/asset-mentions (prose overlap 0.814)
76,61-90 Collaboration,Review Status,20,/features/review-status,200,,yes,published,yes,yes,yes,no,yes,16,2,yes,PASS,PARTIAL,introduced,PASS,hero|introduction|features|workflow|cta,64,11,1,0.387,89,no,timeline-review:status,,,PARTIAL,Topic developed in the hero plus at most one section; other sections are related PDF context
77,61-90 Collaboration,Approval History,18,/features/approval-history,200,,yes,published,yes,yes,yes,no,yes,17,2,yes,PASS,PARTIAL,introduced,PASS,hero|introduction|features|workflow|cta,60,56,1,0.342,117,no,timeline-review:status,,,PARTIAL,Topic developed in the hero plus at most one section; other sections are related PDF context
78,61-90 Collaboration,Team Asset Sharing,17,/features/team-asset-sharing,200,,yes,published,yes,yes,yes,no,yes,3,2,yes,PASS,PARTIAL,introduced,PASS,hero|introduction|features|workflow|cta,44,125,1,0.245,74,no,search-signals:comments,,,PARTIAL,Topic developed in the hero plus at most one section; other sections are related PDF context
79,61-90 Collaboration,Shared Creative Views,16,/features/shared-creative-views,200,,yes,published,yes,yes,yes,no,yes,3,2,yes,PASS,PARTIAL,thin,PASS,hero|introduction|features|benefits|workflow|cta,16,89,0,0.366,63,no,search-signals:comments,saved-search-urls,,PARTIAL,THIN: topic-specific content is only the 16-word PDF paragraph in the hero; every other section is neighbouring-topic context
80,61-90 Collaboration,Creative Workflow Management,15,/features/creative-workflow-management,200,,yes,published,yes,yes,yes,no,yes,9,2,yes,PASS,PASS,developed,PASS,hero|introduction|features|workflow|cta,60,103,2,0.408,90,no,timeline-review:comments,,,PASS,
81,61-90 Collaboration,Production Collaboration,14,/features/production-collaboration,200,,yes,published,yes,yes,yes,no,yes,12,2,yes,PASS,PARTIAL,introduced,PASS,hero|introduction|features|workflow|faq|cta,14,122,0,0.405,87,no,timeline-review:timeline,,,PARTIAL,Topic developed in the hero plus at most one section; other sections are related PDF context
82,61-90 Collaboration,Marketing Collaboration,15,/features/marketing-collaboration,200,,yes,published,yes,yes,yes,no,yes,6,2,yes,PASS,PARTIAL,introduced,PASS,hero|introduction|features|workflow|cta,15,98,0,0.564,88,no,timeline-review:comments,,,PARTIAL,Topic developed in the hero plus at most one section; other sections are related PDF context
83,61-90 Collaboration,Brand Collaboration,14,/features/brand-collaboration,200,,yes,published,yes,yes,yes,no,yes,11,2,yes,PASS,PARTIAL,introduced,PASS,hero|introduction|features|workflow|cta,14,130,0,0.48,88,no,timeline-review:comments,,,PARTIAL,Topic developed in the hero plus at most one section; other sections are related PDF context
84,61-90 Collaboration,Agency Collaboration,10,/features/agency-collaboration,200,,yes,published,yes,yes,yes,no,yes,11,2,yes,PASS,PARTIAL,introduced,PASS,hero|introduction|features|workflow|faq|cta,10,85,0,0.476,87,no,tenant-boundaries:tenants,multi-tenant,,PARTIAL,Topic developed in the hero plus at most one section; other sections are related PDF context
85,61-90 Collaboration,Creative Team Communication,17,/features/creative-team-communication,200,,yes,published,yes,yes,yes,no,yes,6,2,yes,PASS,PARTIAL,thin,PASS,hero|introduction|features|workflow|cta,17,68,0,0.454,75,no,timeline-review:comments,,,PARTIAL,THIN: topic-specific content is only the 17-word PDF paragraph in the hero; every other section is neighbouring-topic context
86,61-90 Collaboration,Asset Mentions,13,/features/asset-mentions,200,,yes,published,yes,yes,yes,no,yes,4,2,yes,PASS,PARTIAL,thin,PASS,hero|introduction|features|workflow|cta,13,132,0,0.814,75,duplicate,timeline-review:comments,,,PARTIAL,THIN: topic-specific content is only the 13-word PDF paragraph in the hero; every other section is neighbouring-topic context / DUPLICATE of PDF 75 /features/asset-discussion-history (prose overlap 0.814)
87,61-90 Collaboration,Collaborative Asset Review,18,/features/collaborative-asset-review,200,,yes,published,yes,yes,yes,no,yes,8,2,yes,PASS,PARTIAL,introduced,PASS,hero|introduction|features|workflow|cta,34,93,1,0.508,82,no,timeline-review:comments,,,PARTIAL,Topic developed in the hero plus at most one section; other sections are related PDF context
88,61-90 Collaboration,Remote Creative Collaboration,15,/features/remote-creative-collaboration,200,,yes,published,yes,yes,yes,no,yes,7,2,yes,PASS,PARTIAL,introduced,PASS,hero|introduction|features|workflow|cta,15,96,0,0.564,82,no,timeline-review:comments,,,PARTIAL,Topic developed in the hero plus at most one section; other sections are related PDF context
89,61-90 Collaboration,Creative Approval Management,14,/features/creative-approval-management,200,,yes,published,yes,yes,yes,no,yes,5,2,yes,PASS,PASS,developed,PASS,hero|introduction|features|workflow|cta,172,33,3,0.535,71,no,timeline-review:status,,,PASS,
90,61-90 Collaboration,Creative Team Workspace,16,/features/creative-team-workspace,200,,yes,published,yes,yes,yes,no,yes,12,2,yes,PASS,PARTIAL,thin,PASS,hero|introduction|features|workflow|cta,16,194,0,0.48,87,no,timeline-review:comments,,,PARTIAL,THIN: topic-specific content is only the 16-word PDF paragraph in the hero; every other section is neighbouring-topic context
91,91-120 Versioning and Asset Management,Creative Asset Versioning,25,/features/creative-asset-versioning,200,,yes,published,yes,yes,yes,mega menu,yes,28,3,yes,PASS,PASS,developed,PASS,hero|introduction|features|workflow|faq|cta,115,117,3,0.78,97,near-duplicate,version-record:versions,,,PARTIAL,Near-duplicate of PDF 97 /features/video-version-management (prose overlap 0.78)
92,91-120 Versioning and Asset Management,File Version History,18,/features/file-version-history,200,,yes,published,yes,yes,yes,no,yes,19,2,yes,PASS,PASS,developed,PASS,hero|introduction|features|workflow|faq|cta,50,69,2,0.699,93,near-duplicate,version-record:versions,,,PARTIAL,Near-duplicate of PDF 93 /features/asset-replacement (prose overlap 0.699)
93,91-120 Versioning and Asset Management,Asset Replacement,20,/features/asset-replacement,200,,yes,published,yes,yes,yes,no,yes,20,2,yes,PASS,PASS,developed,PASS,hero|introduction|features|workflow|faq|cta,59,62,2,0.699,92,near-duplicate,version-record:versions,,,PARTIAL,Near-duplicate of PDF 92 /features/file-version-history (prose overlap 0.699)
94,91-120 Versioning and Asset Management,Version Restore,16,/features/version-restore,200,,yes,published,yes,yes,yes,no,yes,22,3,yes,PASS,PARTIAL,thin,PASS,hero|introduction|features|workflow|faq|cta,16,233,0,0.541,98,no,version-record:restore,,,PARTIAL,THIN: topic-specific content is only the 16-word PDF paragraph in the hero; every other section is neighbouring-topic context
95,91-120 Versioning and Asset Management,Creative File History,12,/features/creative-file-history,200,,yes,published,yes,yes,yes,no,yes,11,2,yes,PASS,PARTIAL,introduced,PASS,hero|introduction|features|workflow|faq|cta,26,43,1,0.761,99,near-duplicate,version-record:versions,,,PARTIAL,Topic developed in the hero plus at most one section; other sections are related PDF context / Near-duplicate of PDF 99 /features/document-version-management (prose overlap 0.761)
96,91-120 Versioning and Asset Management,Campaign Asset Versioning,13,/features/campaign-asset-versioning,200,,yes,published,yes,yes,yes,no,yes,11,2,yes,PASS,PARTIAL,introduced,PASS,hero|introduction|features|workflow|faq|cta,13,133,0,0.625,115,near-duplicate,version-record:versions,,,PARTIAL,Topic developed in the hero plus at most one section; other sections are related PDF context / Near-duplicate of PDF 115 /features/asset-ownership (prose overlap 0.625)
97,91-120 Versioning and Asset Management,Video Version Management,17,/features/video-version-management,200,,yes,published,yes,yes,yes,no,yes,12,2,yes,PASS,PARTIAL,introduced,PASS,hero|introduction|features|workflow|faq|cta,17,174,0,0.78,91,near-duplicate,version-record:versions,,,PARTIAL,Topic developed in the hero plus at most one section; other sections are related PDF context / Near-duplicate of PDF 91 /features/creative-asset-versioning (prose overlap 0.78)
98,91-120 Versioning and Asset Management,Image Version Management,15,/features/image-version-management,200,,yes,published,yes,yes,yes,no,yes,8,2,yes,PASS,PARTIAL,introduced,PASS,hero|introduction|features|workflow|faq|cta,15,172,0,0.629,97,near-duplicate,version-record:versions,,,PARTIAL,"Topic (manual): Missing term is a modifier (e.g. 'Powered', 'Advanced', 'DAM'); the PDF paragraph states the topic. / Topic developed in the hero plus at most one section; other sections are related PDF context / Near-duplicate of PDF 97 /features/video-version-management (prose overlap 0.629)"
99,91-120 Versioning and Asset Management,Document Version Management,10,/features/document-version-management,200,,yes,published,yes,yes,yes,no,yes,8,2,yes,PASS,PARTIAL,introduced,PASS,hero|introduction|features|workflow|faq|cta,10,67,0,0.761,95,near-duplicate,version-record:versions,,,PARTIAL,Topic developed in the hero plus at most one section; other sections are related PDF context / Near-duplicate of PDF 95 /features/creative-file-history (prose overlap 0.761)
100,91-120 Versioning and Asset Management,Creative Revision Tracking,15,/features/creative-revision-tracking,200,,yes,published,yes,yes,yes,no,yes,19,2,yes,PASS,PARTIAL,introduced,PASS,hero|introduction|features|workflow|faq|cta,30,73,1,0.636,99,near-duplicate,version-record:versions,,,PARTIAL,Topic developed in the hero plus at most one section; other sections are related PDF context / Near-duplicate of PDF 99 /features/document-version-management (prose overlap 0.636)
101,91-120 Versioning and Asset Management,Asset Lifecycle Management,18,/features/asset-lifecycle-management,200,,yes,published,yes,yes,yes,no,yes,7,2,yes,PASS,PARTIAL,thin,PASS,hero|introduction|features|workflow|cta,18,179,0,0.678,109,near-duplicate,version-record:lifecycle,,,PARTIAL,THIN: topic-specific content is only the 18-word PDF paragraph in the hero; every other section is neighbouring-topic context / Near-duplicate of PDF 109 /features/asset-deletion (prose overlap 0.678)
102,91-120 Versioning and Asset Management,Asset Status Management,12,/features/asset-status-management,200,,yes,published,yes,yes,yes,no,yes,13,2,yes,PASS,PASS,developed,PASS,hero|introduction|features|workflow|cta,48,139,2,0.716,108,near-duplicate,version-record:lifecycle,,,PARTIAL,Near-duplicate of PDF 108 /features/asset-archiving (prose overlap 0.716)
103,91-120 Versioning and Asset Management,Approved Asset Library,17,/features/approved-asset-library,200,,yes,published,yes,yes,yes,mega menu,yes,21,3,yes,PASS,PASS,developed,PASS,hero|introduction|features|workflow|cta,122,47,3,0.439,71,no,folder-access:folders,,,PASS,
104,91-120 Versioning and Asset Management,Expiring Creative Assets,18,/features/expiring-creative-assets,200,,yes,published,yes,yes,yes,no,yes,15,2,yes,PASS,PARTIAL,introduced,PASS,hero|introduction|features|workflow|use-case|cta,36,108,1,0.171,101,no,folder-access:folders,,,PARTIAL,Topic developed in the hero plus at most one section; other sections are related PDF context
105,91-120 Versioning and Asset Management,Brand Guardrail Tags,15,/features/brand-guardrail-tags,200,,yes,published,yes,yes,yes,no,yes,5,2,yes,PASS,PARTIAL,introduced,PASS,hero|introduction|features|workflow|use-case|cta,34,169,1,0.507,71,no,folder-access:folders,,,PARTIAL,"Topic (manual): Missing term is a modifier (e.g. 'Powered', 'Advanced', 'DAM'); the PDF paragraph states the topic. / Topic developed in the hero plus at most one section; other sections are related PDF context"
106,91-120 Versioning and Asset Management,Asset Usage Tracking,14,/features/asset-usage-tracking,200,,yes,published,yes,yes,yes,no,yes,4,2,yes,PASS,PARTIAL,introduced,PASS,hero|introduction|features|workflow|cta,14,44,0,0.639,187,near-duplicate,library-activity:uploads,,,PARTIAL,Topic developed in the hero plus at most one section; other sections are related PDF context / Near-duplicate of PDF 187 /analytics/creative-library-trends (prose overlap 0.639)
107,91-120 Versioning and Asset Management,Creative Asset Lifecycle,17,/features/creative-asset-lifecycle,200,,yes,published,yes,yes,yes,no,yes,11,2,yes,PASS,PARTIAL,thin,PASS,hero|introduction|features|workflow|cta,17,155,0,0.232,109,no,version-record:lifecycle,,,PARTIAL,THIN: topic-specific content is only the 17-word PDF paragraph in the hero; every other section is neighbouring-topic context
108,91-120 Versioning and Asset Management,Asset Archiving,18,/features/asset-archiving,200,,yes,published,yes,yes,yes,no,yes,20,2,yes,PASS,PARTIAL,introduced,PASS,hero|introduction|features|workflow|cta,36,157,2,0.716,102,near-duplicate,version-record:lifecycle,,,PARTIAL,Topic developed in the hero plus at most one section; other sections are related PDF context / Near-duplicate of PDF 102 /features/asset-status-management (prose overlap 0.716)
109,91-120 Versioning and Asset Management,Asset Deletion,11,/features/asset-deletion,200,,yes,published,yes,yes,yes,no,yes,12,2,yes,PASS,PARTIAL,introduced,PASS,hero|introduction|features|workflow|cta,22,164,1,0.703,102,near-duplicate,version-record:lifecycle,,,PARTIAL,Topic developed in the hero plus at most one section; other sections are related PDF context / Near-duplicate of PDF 102 /features/asset-status-management (prose overlap 0.703)
110,91-120 Versioning and Asset Management,Asset Recovery,13,/features/asset-recovery,200,,yes,published,yes,yes,yes,no,yes,7,2,yes,PASS,PARTIAL,thin,PASS,hero|introduction|features|workflow|cta,13,195,0,0.586,98,no,version-record:restore,,,PARTIAL,THIN: topic-specific content is only the 13-word PDF paragraph in the hero; every other section is neighbouring-topic context
111,91-120 Versioning and Asset Management,Creative Library Maintenance,15,/features/creative-library-maintenance,200,,yes,published,yes,yes,yes,no,yes,4,2,yes,PASS,PARTIAL,thin,PASS,hero|introduction|features|workflow|cta,15,187,0,0.658,113,near-duplicate,media-library,,,PARTIAL,THIN: topic-specific content is only the 15-word PDF paragraph in the hero; every other section is neighbouring-topic context / Near-duplicate of PDF 113 /features/asset-quality-management (prose overlap 0.658)
112,91-120 Versioning and Asset Management,Duplicate Asset Management,11,/features/duplicate-asset-management,200,,yes,published,yes,yes,yes,no,yes,3,2,yes,PASS,PARTIAL,introduced,PASS,hero|introduction|features|workflow|cta,39,183,1,0.355,40,no,media-library,duplicate-detection,,PARTIAL,Topic developed in the hero plus at most one section; other sections are related PDF context
113,91-120 Versioning and Asset Management,Asset Quality Management,11,/features/asset-quality-management,200,,yes,published,yes,yes,yes,no,yes,3,2,yes,PASS,PARTIAL,thin,PASS,hero|introduction|features|workflow|cta,11,173,0,0.674,109,near-duplicate,media-library,,,PARTIAL,THIN: topic-specific content is only the 11-word PDF paragraph in the hero; every other section is neighbouring-topic context / Near-duplicate of PDF 109 /features/asset-deletion (prose overlap 0.674)
114,91-120 Versioning and Asset Management,Creative Asset Governance,11,/features/creative-asset-governance,200,,yes,published,yes,yes,yes,no,yes,11,3,yes,PASS,PARTIAL,thin,PASS,hero|introduction|features|workflow|cta,11,87,0,0.405,159,no,folder-access:folders,,,PARTIAL,THIN: topic-specific content is only the 11-word PDF paragraph in the hero; every other section is neighbouring-topic context
115,91-120 Versioning and Asset Management,Asset Ownership,10,/features/asset-ownership,200,,yes,published,yes,yes,yes,no,yes,13,2,yes,PASS,PARTIAL,thin,PASS,hero|introduction|features|workflow|cta,10,142,0,0.625,96,near-duplicate,version-record:audit,,,PARTIAL,THIN: topic-specific content is only the 10-word PDF paragraph in the hero; every other section is neighbouring-topic context / Near-duplicate of PDF 96 /features/campaign-asset-versioning (prose overlap 0.625)
116,91-120 Versioning and Asset Management,Asset Attribution,14,/features/asset-attribution,200,,yes,published,yes,yes,yes,no,yes,15,2,yes,PASS,PARTIAL,thin,PASS,hero|introduction|features|workflow|cta,14,87,0,0.678,118,near-duplicate,version-record:audit,,,PARTIAL,THIN: topic-specific content is only the 14-word PDF paragraph in the hero; every other section is neighbouring-topic context / Near-duplicate of PDF 118 /features/asset-activity (prose overlap 0.678)
117,91-120 Versioning and Asset Management,Asset History,11,/features/asset-history,200,,yes,published,yes,yes,yes,no,yes,12,2,yes,PASS,PASS,developed,PASS,hero|introduction|features|workflow|cta,73,53,2,0.706,119,near-duplicate,version-record:audit,,,PARTIAL,Near-duplicate of PDF 119 /features/asset-audit-trail (prose overlap 0.706)
118,91-120 Versioning and Asset Management,Asset Activity,13,/features/asset-activity,200,,yes,published,yes,yes,yes,no,yes,12,2,yes,PASS,PARTIAL,introduced,PASS,hero|introduction|features|workflow|cta,28,72,1,0.678,116,near-duplicate,version-record:audit,,,PARTIAL,Topic developed in the hero plus at most one section; other sections are related PDF context / Near-duplicate of PDF 116 /features/asset-attribution (prose overlap 0.678)
119,91-120 Versioning and Asset Management,Asset Audit Trail,13,/features/asset-audit-trail,200,,yes,published,yes,yes,yes,mega menu,yes,14,3,yes,PASS,PARTIAL,thin,PASS,hero|introduction|features|workflow|cta,13,116,0,0.706,117,near-duplicate,version-record:audit,,,PARTIAL,THIN: topic-specific content is only the 13-word PDF paragraph in the hero; every other section is neighbouring-topic context / Near-duplicate of PDF 117 /features/asset-history (prose overlap 0.706)
120,91-120 Versioning and Asset Management,Complete Asset Management,16,/features/complete-asset-management,200,,yes,published,yes,yes,yes,no,yes,6,3,yes,PASS,PARTIAL,thin,PASS,hero|introduction|features|workflow|faq|cta,16,253,0,0.498,381,no,version-record:lifecycle,,,PARTIAL,Topic (manual): PDF 120 lists everything combined into one asset-management workflow: 'complete' is conveyed. / THIN: topic-specific content is only the 16-word PDF paragraph in the hero; every other section is neighbouring-topic context
121,121-150 Storage and Ingestion,Automated Asset Ingestion,28,/storage/automated-asset-ingestion,200,,yes,published,yes,yes,yes,mega menu,yes,31,4,yes,PASS,PARTIAL,introduced,PASS,hero|introduction|features|workflow|cta,39,110,1,0.576,128,no,ingest-pipeline:upload,,,PARTIAL,Topic developed in the hero plus at most one section; other sections are related PDF context
122,121-150 Storage and Ingestion,Google Drive Integration,27,/storage/google-drive,307,/storage/centralised-media-storage,held (not routed),held,no,no,no,no,no,0,0,no,BLOCKED,BLOCKED,blocked,BLOCKED,,0,0,0,,,,,storage-sources,/storage/centralised-media-storage,BLOCKED — UNCONFIRMED CLAIM,Title states an unconfirmed claim / 307 → /storage/centralised-media-storage until claim(s) storage-sources are client-confirmed
123,121-150 Storage and Ingestion,Dropbox Integration,14,/storage/dropbox,307,/storage/centralised-media-storage,held (not routed),held,no,no,no,no,no,0,0,no,BLOCKED,BLOCKED,blocked,BLOCKED,,0,0,0,,,,,storage-sources,/storage/centralised-media-storage,BLOCKED — UNCONFIRMED CLAIM,Title states an unconfirmed claim / 307 → /storage/centralised-media-storage until claim(s) storage-sources are client-confirmed
124,121-150 Storage and Ingestion,OneDrive Integration,16,/storage/onedrive,307,/storage/centralised-media-storage,held (not routed),held,no,no,no,no,no,0,0,no,BLOCKED,BLOCKED,blocked,BLOCKED,,0,0,0,,,,,storage-sources,/storage/centralised-media-storage,BLOCKED — UNCONFIRMED CLAIM,Title states an unconfirmed claim / 307 → /storage/centralised-media-storage until claim(s) storage-sources are client-confirmed
125,121-150 Storage and Ingestion,AWS S3 Integration,19,/storage/aws-s3,307,/storage/centralised-media-storage,held (not routed),held,no,no,no,no,no,0,0,no,BLOCKED,BLOCKED,blocked,BLOCKED,,0,0,0,,,,,storage-sources,/storage/centralised-media-storage,BLOCKED — UNCONFIRMED CLAIM,Title states an unconfirmed claim / 307 → /storage/centralised-media-storage until claim(s) storage-sources are client-confirmed
126,121-150 Storage and Ingestion,Local NAS Integration,18,/storage/local-nas,307,/storage/centralised-media-storage,held (not routed),held,no,no,no,no,no,0,0,no,BLOCKED,BLOCKED,blocked,BLOCKED,,0,0,0,,,,,storage-sources,/storage/centralised-media-storage,BLOCKED — UNCONFIRMED CLAIM,Title states an unconfirmed claim / 307 → /storage/centralised-media-storage until claim(s) storage-sources are client-confirmed
127,121-150 Storage and Ingestion,Drag and Drop Upload,23,/storage/drag-and-drop-upload,200,,yes,published,yes,yes,yes,no,yes,20,3,yes,PASS,PARTIAL,thin,PASS,hero|introduction|features|workflow|cta,23,120,0,0.385,135,no,ingest-pipeline:upload,,,PARTIAL,THIN: topic-specific content is only the 23-word PDF paragraph in the hero; every other section is neighbouring-topic context
128,121-150 Storage and Ingestion,Watch Folder Ingestion,17,/storage/watch-folder-ingestion,200,,yes,published,yes,yes,yes,mega menu,yes,5,2,yes,PASS,PARTIAL,thin,PASS,hero|introduction|features|workflow|cta,17,138,0,0.576,121,no,ingest-pipeline:upload,watch-folders,,PARTIAL,THIN: topic-specific content is only the 17-word PDF paragraph in the hero; every other section is neighbouring-topic context
129,121-150 Storage and Ingestion,Automated Media Import,11,/storage/automated-media-import,200,,yes,published,yes,yes,yes,no,yes,5,2,yes,PASS,PARTIAL,thin,PASS,hero|introduction|features|workflow|cta,11,143,0,0.36,128,no,ingest-pipeline:upload,,,PARTIAL,THIN: topic-specific content is only the 11-word PDF paragraph in the hero; every other section is neighbouring-topic context
130,121-150 Storage and Ingestion,Bulk Asset Import,15,/storage/bulk-asset-import,200,,yes,published,yes,yes,yes,no,yes,5,3,yes,PASS,PARTIAL,introduced,PASS,hero|introduction|features|benefits|workflow|cta,30,80,1,0.415,128,no,ingest-pipeline:upload,,,PARTIAL,Topic developed in the hero plus at most one section; other sections are related PDF context
131,121-150 Storage and Ingestion,Large Library Migration,14,/storage/large-library-migration,200,,yes,published,yes,yes,yes,no,yes,5,2,yes,PASS,PARTIAL,introduced,PARTIAL,hero|introduction|workflow|cta,14,10,0,0.767,289,near-duplicate,migration-map,,,PARTIAL,Topic developed in the hero plus at most one section; other sections are related PDF context / Near-duplicate of PDF 289 /migration/dam-migration-strategy (prose overlap 0.767)
132,121-150 Storage and Ingestion,Metadata Preservation,16,/storage/metadata-preservation,200,,yes,published,yes,yes,yes,no,yes,7,2,yes,PASS,PARTIAL,introduced,PASS,hero|introduction|features|workflow|cta,16,25,0,0.299,286,no,migration-map:metadata,metadata-preserved,,PARTIAL,Topic developed in the hero plus at most one section; other sections are related PDF context
133,121-150 Storage and Ingestion,Folder Mapping,18,/storage/folder-mapping,200,,yes,published,yes,yes,yes,no,yes,4,2,yes,PASS,PARTIAL,introduced,PASS,hero|introduction|features|benefits|workflow|cta,18,90,0,0.518,287,no,migration-map:folders,,,PARTIAL,Topic developed in the hero plus at most one section; other sections are related PDF context
134,121-150 Storage and Ingestion,Creative Migration,13,/storage/creative-migration,200,,yes,published,yes,yes,yes,no,yes,7,2,yes,PASS,PASS,developed,PASS,hero|introduction|features|benefits|workflow|cta,45,54,2,0.289,376,no,migration-map,,,PASS,
135,121-150 Storage and Ingestion,Digital Asset Import,17,/storage/digital-asset-import,200,,yes,published,yes,yes,yes,no,yes,7,2,yes,PASS,PARTIAL,introduced,PASS,hero|introduction|features|workflow|cta,43,141,1,0.385,127,no,ingest-pipeline:upload,,,PARTIAL,Topic developed in the hero plus at most one section; other sections are related PDF context
136,121-150 Storage and Ingestion,Media Upload Management,12,/storage/media-upload-management,200,,yes,published,yes,yes,yes,no,yes,11,1,yes,PASS,PARTIAL,introduced,PASS,hero|introduction|features|workflow|cta,12,35,0,0.775,142,near-duplicate,ingest-pipeline:upload,,,PARTIAL,Topic developed in the hero plus at most one section; other sections are related PDF context / Near-duplicate of PDF 142 /storage/parallel-uploads (prose overlap 0.775)
137,121-150 Storage and Ingestion,Resumable Uploads,17,/storage/resumable-uploads,200,,yes,published,yes,yes,yes,mega menu,yes,14,1,yes,PASS,PARTIAL,introduced,PASS,hero|introduction|features|workflow|cta,34,0,1,0.446,141,no,ingest-pipeline:upload,,,PARTIAL,Topic developed in the hero plus at most one section; other sections are related PDF context
138,121-150 Storage and Ingestion,Chunked Uploads,12,/storage/chunked-uploads,200,,yes,published,yes,yes,yes,no,yes,15,1,yes,PASS,PARTIAL,introduced,PASS,hero|introduction|features|workflow|cta,37,30,2,0.782,142,near-duplicate,ingest-pipeline:upload,,,PARTIAL,Topic developed in the hero plus at most one section; other sections are related PDF context / Near-duplicate of PDF 142 /storage/parallel-uploads (prose overlap 0.782)
139,121-150 Storage and Ingestion,High-Volume Media Uploads,19,/storage/high-volume-media-uploads,200,,yes,published,yes,yes,yes,no,yes,5,1,yes,PASS,PARTIAL,thin,PASS,hero|introduction|features|workflow|cta,19,127,0,0.642,141,near-duplicate,ingest-pipeline:upload,,,PARTIAL,THIN: topic-specific content is only the 19-word PDF paragraph in the hero; every other section is neighbouring-topic context / Near-duplicate of PDF 141 /storage/upload-progress (prose overlap 0.642)
140,121-150 Storage and Ingestion,10 GB File Uploads,19,/storage/10-gb-file-uploads,307,/storage/media-upload-management,held (not routed),held,no,no,no,no,no,0,0,no,BLOCKED,BLOCKED,blocked,BLOCKED,,0,0,0,,,,,upload-10gb,/storage/media-upload-management,BLOCKED — UNCONFIRMED CLAIM,Title states an unconfirmed claim / 307 → /storage/media-upload-management until claim(s) upload-10gb are client-confirmed
141,121-150 Storage and Ingestion,Upload Progress,14,/storage/upload-progress,200,,yes,published,yes,yes,yes,no,yes,10,1,yes,PASS,PARTIAL,introduced,PASS,hero|introduction|features|workflow|cta,26,0,1,0.642,139,near-duplicate,ingest-pipeline:upload,,,PARTIAL,Topic developed in the hero plus at most one section; other sections are related PDF context / Near-duplicate of PDF 139 /storage/high-volume-media-uploads (prose overlap 0.642)
142,121-150 Storage and Ingestion,Parallel Uploads,11,/storage/parallel-uploads,200,,yes,published,yes,yes,yes,no,yes,12,1,yes,PASS,PARTIAL,introduced,PASS,hero|introduction|features|workflow|cta,22,30,1,0.782,138,near-duplicate,ingest-pipeline:upload,,,PARTIAL,Topic developed in the hero plus at most one section; other sections are related PDF context / Near-duplicate of PDF 138 /storage/chunked-uploads (prose overlap 0.782)
143,121-150 Storage and Ingestion,Asset Processing,16,/storage/asset-processing,200,,yes,published,yes,yes,yes,no,yes,40,4,yes,PASS,PASS,developed,PASS,hero|introduction|features|workflow|cta,82,103,3,0.334,130,no,ingest-pipeline:processing,,,PASS,
144,121-150 Storage and Ingestion,AI Processing Queue,17,/storage/ai-processing-queue,200,,yes,published,yes,yes,yes,no,yes,3,1,yes,PASS,PARTIAL,introduced,PASS,hero|introduction|features|workflow|cta,33,41,1,0.28,141,no,ingest-pipeline:processing,,,PARTIAL,Topic developed in the hero plus at most one section; other sections are related PDF context
145,121-150 Storage and Ingestion,Media Processing Status,20,/storage/media-processing-status,200,,yes,published,yes,yes,yes,no,yes,8,1,yes,PASS,PARTIAL,thin,PASS,hero|introduction|features|workflow|cta,20,147,0,0.538,142,no,ingest-pipeline:processing,,,PARTIAL,THIN: topic-specific content is only the 20-word PDF paragraph in the hero; every other section is neighbouring-topic context
146,121-150 Storage and Ingestion,Asset Thumbnail Generation,13,/storage/asset-thumbnail-generation,200,,yes,published,yes,yes,yes,no,yes,8,1,yes,PASS,PARTIAL,introduced,PASS,hero|introduction|features|workflow|cta,29,142,1,0.379,145,no,ingest-pipeline:preview,,,PARTIAL,Topic developed in the hero plus at most one section; other sections are related PDF context
147,121-150 Storage and Ingestion,Streaming Media Preview,14,/storage/streaming-media-preview,200,,yes,published,yes,yes,yes,mega menu,yes,34,3,yes,PASS,PASS,developed,PASS,hero|introduction|features|workflow|cta,41,107,3,0.377,130,no,ingest-pipeline:preview,,,PASS,
148,121-150 Storage and Ingestion,Creative Storage Management,16,/storage/creative-storage-management,200,,yes,published,yes,yes,yes,no,yes,5,1,yes,PASS,PARTIAL,introduced,PASS,hero|introduction|features|workflow|cta,55,54,1,0.277,134,no,library-activity:storage,,,PARTIAL,Topic developed in the hero plus at most one section; other sections are related PDF context
149,121-150 Storage and Ingestion,Storage Growth Analytics,14,/storage/storage-growth-analytics,200,,yes,published,yes,yes,yes,no,yes,4,1,yes,PASS,PASS,developed,PASS,hero|introduction|features|workflow|cta,63,22,2,0.608,187,near-duplicate,library-activity:storage,,,PARTIAL,Near-duplicate of PDF 187 /analytics/creative-library-trends (prose overlap 0.608)
150,121-150 Storage and Ingestion,Centralised Media Storage,20,/storage/centralised-media-storage,200,,yes,published,yes,yes,yes,no,yes,22,3,yes,PASS,PARTIAL,introduced,PASS,hero|introduction|features|workflow|cta,48,122,1,0.304,392,no,connector-flow,,,PARTIAL,Topic developed in the hero plus at most one section; other sections are related PDF context
151,151-180 Permissions and Multi-Tenancy,Creative Asset Permissions,17,/permissions/creative-asset-permissions,200,,yes,published,yes,yes,yes,no,yes,33,4,yes,PASS,PARTIAL,introduced,PARTIAL,hero|introduction|features|cta,48,109,1,0.429,153,no,folder-access:folders,,,PARTIAL,Topic developed in the hero plus at most one section; other sections are related PDF context
152,151-180 Permissions and Multi-Tenancy,Folder-Level Permissions,15,/permissions/folder-level-permissions,200,,yes,published,yes,yes,yes,mega menu,yes,33,2,yes,PASS,PASS,developed,PASS,hero|introduction|features|workflow|cta,44,82,2,0.635,159,near-duplicate,folder-access:folders,,,PARTIAL,Near-duplicate of PDF 159 /permissions/creative-access-governance (prose overlap 0.635)
153,151-180 Permissions and Multi-Tenancy,Role-Based Access Control,16,/permissions/role-based-access-control,200,,yes,framed,yes,yes,yes,no,yes,15,2,no,PARTIAL,PARTIAL,withheld,FAIL,hero|features|cta,0,24,0,0.561,157,no,folder-access:folders,rbac-roles,/permissions/creative-asset-permissions,PARTIAL,"Topic (manual): Access matrix (admins, managers, editors, individuals, folders) conveys role-based access; named built-in roles withheld. / Framed: own PDF paragraph withheld (claims: rbac-roles); verified context from PDF 151"
154,151-180 Permissions and Multi-Tenancy,Default-Deny Access,21,/permissions/default-deny-access,200,,yes,published,yes,yes,yes,mega menu,yes,24,2,yes,PASS,PARTIAL,introduced,PASS,hero|introduction|features|workflow|cta,31,87,1,0.555,159,no,folder-access:private,default-deny,,PARTIAL,Topic developed in the hero plus at most one section; other sections are related PDF context
155,151-180 Permissions and Multi-Tenancy,Manager Permissions,17,/permissions/manager-permissions,200,,yes,published,yes,yes,yes,no,yes,23,1,yes,PASS,PARTIAL,introduced,PARTIAL,hero|introduction|features|cta,17,39,0,0.623,157,near-duplicate,folder-access:individual,,,PARTIAL,Topic developed in the hero plus at most one section; other sections are related PDF context / Near-duplicate of PDF 157 /permissions/individual-permissions (prose overlap 0.623)
156,151-180 Permissions and Multi-Tenancy,Editor Permissions,17,/permissions/editor-permissions,200,,yes,published,yes,yes,yes,no,yes,23,1,yes,PASS,PARTIAL,thin,PARTIAL,hero|introduction|features|cta,17,35,0,0.627,158,near-duplicate,folder-access:individual,,,PARTIAL,THIN: topic-specific content is only the 17-word PDF paragraph in the hero; every other section is neighbouring-topic context / Near-duplicate of PDF 158 /permissions/organisation-admin-controls (prose overlap 0.627)
157,151-180 Permissions and Multi-Tenancy,Individual Permissions,15,/permissions/individual-permissions,200,,yes,published,yes,yes,yes,no,yes,32,1,yes,PASS,PARTIAL,thin,PARTIAL,hero|introduction|features|cta,15,50,0,0.623,155,near-duplicate,folder-access:individual,,,PARTIAL,THIN: topic-specific content is only the 15-word PDF paragraph in the hero; every other section is neighbouring-topic context / Near-duplicate of PDF 155 /permissions/manager-permissions (prose overlap 0.623)
158,151-180 Permissions and Multi-Tenancy,Organisation Admin Controls,11,/permissions/organisation-admin-controls,200,,yes,published,yes,yes,yes,no,yes,31,1,yes,PASS,PARTIAL,introduced,PARTIAL,hero|introduction|features|cta,24,24,1,0.627,156,near-duplicate,folder-access:folders,,,PARTIAL,Topic developed in the hero plus at most one section; other sections are related PDF context / Near-duplicate of PDF 156 /permissions/editor-permissions (prose overlap 0.627)
159,151-180 Permissions and Multi-Tenancy,Creative Access Governance,10,/permissions/creative-access-governance,200,,yes,published,yes,yes,yes,no,yes,5,1,yes,PASS,PARTIAL,introduced,PASS,hero|introduction|features|workflow|cta,10,0,0,0.635,152,near-duplicate,folder-access:folders,,,PARTIAL,Topic developed in the hero plus at most one section; other sections are related PDF context / Near-duplicate of PDF 152 /permissions/folder-level-permissions (prose overlap 0.635)
160,151-180 Permissions and Multi-Tenancy,Multi-Tenant Digital Asset Management,16,/permissions/multi-tenant-digital-asset-management,200,,yes,published,yes,yes,yes,no,yes,20,3,yes,PASS,PASS,developed,PASS,hero|introduction|features|workflow|use-case|faq|cta,46,63,2,0.748,162,near-duplicate,tenant-boundaries:tenants,multi-tenant,,PARTIAL,Near-duplicate of PDF 162 /permissions/agency-multi-tenancy (prose overlap 0.748)
161,151-180 Permissions and Multi-Tenancy,Client Tenant Isolation,20,/permissions/client-tenant-isolation,200,,yes,published,yes,yes,yes,mega menu,yes,10,2,yes,PASS,PASS,developed,PASS,hero|introduction|features|workflow|faq|cta,90,115,3,0.808,167,duplicate,tenant-boundaries:tenants,multi-tenant,,PARTIAL,DUPLICATE of PDF 167 /permissions/client-asset-isolation (prose overlap 0.808)
162,151-180 Permissions and Multi-Tenancy,Agency Multi-Tenancy,14,/permissions/agency-multi-tenancy,200,,yes,published,yes,yes,yes,no,yes,11,1,yes,PASS,PASS,developed,PASS,hero|introduction|features|workflow|use-case|faq|cta,46,63,2,0.774,168,near-duplicate,tenant-boundaries:tenants,multi-tenant,,PARTIAL,Near-duplicate of PDF 168 /permissions/agency-asset-management (prose overlap 0.774)
163,151-180 Permissions and Multi-Tenancy,Per-Client Storage,11,/permissions/per-client-storage,200,,yes,published,yes,yes,yes,no,yes,14,1,yes,PASS,PARTIAL,introduced,PASS,hero|introduction|features|faq|cta,22,95,1,0.649,165,near-duplicate,tenant-boundaries:tenants,per-client-config,,PARTIAL,Topic developed in the hero plus at most one section; other sections are related PDF context / Near-duplicate of PDF 165 /permissions/per-client-authentication (prose overlap 0.649)
164,151-180 Permissions and Multi-Tenancy,Per-Client AI Keys,10,/permissions/per-client-ai-keys,200,,yes,published,yes,yes,yes,no,yes,14,1,yes,PASS,PARTIAL,introduced,PASS,hero|introduction|features|faq|cta,20,88,1,0.569,177,no,tenant-boundaries:tenants,multi-tenant per-client-config,,PARTIAL,Topic developed in the hero plus at most one section; other sections are related PDF context
165,151-180 Permissions and Multi-Tenancy,Per-Client Authentication,14,/permissions/per-client-authentication,200,,yes,published,yes,yes,yes,no,yes,15,1,yes,PASS,PARTIAL,introduced,PASS,hero|introduction|features|faq|cta,28,90,1,0.649,163,near-duplicate,tenant-boundaries:tenants,per-client-config,,PARTIAL,Topic developed in the hero plus at most one section; other sections are related PDF context / Near-duplicate of PDF 163 /permissions/per-client-storage (prose overlap 0.649)
166,151-180 Permissions and Multi-Tenancy,White-Label Asset Management,11,/permissions/white-label-asset-management,200,,yes,published,yes,yes,yes,no,yes,14,1,yes,PASS,PARTIAL,thin,PASS,hero|introduction|features|workflow|faq|cta,11,95,0,0.777,168,near-duplicate,tenant-boundaries:tenants,white-label,,PARTIAL,THIN: topic-specific content is only the 11-word PDF paragraph in the hero; every other section is neighbouring-topic context / Near-duplicate of PDF 168 /permissions/agency-asset-management (prose overlap 0.777)
167,151-180 Permissions and Multi-Tenancy,Client Asset Isolation,14,/permissions/client-asset-isolation,200,,yes,published,yes,yes,yes,no,yes,5,1,yes,PASS,PARTIAL,introduced,PASS,hero|introduction|features|workflow|faq|cta,14,63,0,0.808,161,duplicate,tenant-boundaries:tenants,multi-tenant,,PARTIAL,Topic developed in the hero plus at most one section; other sections are related PDF context / DUPLICATE of PDF 161 /permissions/client-tenant-isolation (prose overlap 0.808)
168,151-180 Permissions and Multi-Tenancy,Agency Asset Management,12,/permissions/agency-asset-management,200,,yes,published,yes,yes,yes,no,yes,10,1,yes,PASS,PASS,developed,PASS,hero|introduction|features|workflow|use-case|faq|cta,44,63,2,0.777,166,near-duplicate,tenant-boundaries:tenants,,,PARTIAL,Near-duplicate of PDF 166 /permissions/white-label-asset-management (prose overlap 0.777)
169,151-180 Permissions and Multi-Tenancy,Enterprise Permissions,12,/permissions/enterprise-permissions,200,,yes,published,yes,yes,yes,no,yes,11,1,yes,PASS,PARTIAL,introduced,PASS,hero|introduction|features|workflow|cta,12,49,0,0.578,176,no,folder-access:folders,,,PARTIAL,Topic developed in the hero plus at most one section; other sections are related PDF context
170,151-180 Permissions and Multi-Tenancy,Permission Auditing,15,/permissions/permission-auditing,200,,yes,published,yes,yes,yes,no,yes,12,1,yes,PASS,PARTIAL,introduced,PASS,hero|introduction|features|workflow|cta,15,74,0,0.639,118,near-duplicate,tenant-boundaries:audit,,,PARTIAL,Topic developed in the hero plus at most one section; other sections are related PDF context / Near-duplicate of PDF 118 /features/asset-activity (prose overlap 0.639)
171,151-180 Permissions and Multi-Tenancy,Access History,11,/permissions/access-history,200,,yes,published,yes,yes,yes,no,yes,5,2,yes,PASS,PARTIAL,introduced,PASS,hero|introduction|features|workflow|cta,11,55,0,0.497,173,no,tenant-boundaries:audit,,,PARTIAL,Topic developed in the hero plus at most one section; other sections are related PDF context
172,151-180 Permissions and Multi-Tenancy,Secure Asset Sharing,14,/permissions/secure-asset-sharing,200,,yes,published,yes,yes,yes,no,yes,4,2,yes,PASS,PARTIAL,thin,PASS,hero|introduction|features|workflow|cta,14,79,0,0.683,180,near-duplicate,folder-access:folders,,,PARTIAL,THIN: topic-specific content is only the 14-word PDF paragraph in the hero; every other section is neighbouring-topic context / Near-duplicate of PDF 180 /permissions/secure-creative-collaboration (prose overlap 0.683)
173,151-180 Permissions and Multi-Tenancy,Folder Access Maps,12,/permissions/folder-access-maps,200,,yes,published,yes,yes,yes,no,yes,6,1,yes,PASS,PARTIAL,introduced,PARTIAL,hero|introduction|features|cta,25,25,1,0.497,171,no,library-activity,,,PARTIAL,Topic developed in the hero plus at most one section; other sections are related PDF context
174,151-180 Permissions and Multi-Tenancy,Creative Security Controls,11,/permissions/creative-security-controls,200,,yes,published,yes,yes,yes,no,yes,7,2,yes,PASS,PARTIAL,introduced,PARTIAL,hero|introduction|workflow|cta,11,48,0,0.423,180,no,folder-access:folders,,,PARTIAL,Topic developed in the hero plus at most one section; other sections are related PDF context
175,151-180 Permissions and Multi-Tenancy,Team Access Management,12,/permissions/team-access-management,200,,yes,published,yes,yes,yes,no,yes,32,1,yes,PASS,PASS,developed,PASS,hero|introduction|features|workflow|cta,87,0,2,0.617,159,near-duplicate,folder-access:team,,,PARTIAL,Near-duplicate of PDF 159 /permissions/creative-access-governance (prose overlap 0.617)
176,151-180 Permissions and Multi-Tenancy,Department Access,13,/permissions/department-access,200,,yes,published,yes,yes,yes,no,yes,24,1,yes,PASS,PARTIAL,introduced,PASS,hero|introduction|features|workflow|cta,25,14,1,0.578,169,no,folder-access:team,,,PARTIAL,Topic developed in the hero plus at most one section; other sections are related PDF context
177,151-180 Permissions and Multi-Tenancy,Client Workspace Access,9,/permissions/client-workspace-access,200,,yes,published,yes,yes,yes,no,yes,3,1,yes,PASS,PARTIAL,introduced,PASS,hero|introduction|features|faq|cta,23,80,1,0.569,164,no,tenant-boundaries:tenants,,,PARTIAL,Topic developed in the hero plus at most one section; other sections are related PDF context
178,151-180 Permissions and Multi-Tenancy,Permission Hierarchies,14,/permissions/permission-hierarchies,200,,yes,published,yes,yes,yes,no,yes,9,1,yes,PASS,PARTIAL,introduced,PARTIAL,hero|introduction|features|cta,14,46,0,0.516,154,no,folder-access:folders,,,PARTIAL,Topic developed in the hero plus at most one section; other sections are related PDF context
179,151-180 Permissions and Multi-Tenancy,Enterprise Asset Governance,11,/permissions/enterprise-asset-governance,200,,yes,published,yes,yes,yes,no,yes,6,1,yes,PASS,PARTIAL,introduced,PASS,hero|introduction|features|workflow|cta,11,52,0,0.411,159,no,folder-access:folders,,,PARTIAL,Topic developed in the hero plus at most one section; other sections are related PDF context
180,151-180 Permissions and Multi-Tenancy,Secure Creative Collaboration,16,/permissions/secure-creative-collaboration,200,,yes,published,yes,yes,yes,no,yes,3,1,yes,PASS,PARTIAL,introduced,PASS,hero|introduction|features|workflow|cta,16,63,0,0.683,172,near-duplicate,folder-access:folders,,,PARTIAL,Topic developed in the hero plus at most one section; other sections are related PDF context / Near-duplicate of PDF 172 /permissions/secure-asset-sharing (prose overlap 0.683)
181,181-210 Analytics,Creative Asset Analytics,14,/analytics/creative-asset-analytics,200,,yes,published,yes,yes,yes,mega menu,yes,40,4,yes,PASS,PASS,developed,PASS,hero|introduction|features|workflow|cta,101,10,2,0.523,186,no,library-activity:uploads,,,PASS,
182,181-210 Analytics,Asset Usage Analytics,13,/analytics/asset-usage-analytics,200,,yes,published,yes,yes,yes,mega menu,yes,17,1,yes,PASS,PARTIAL,introduced,PASS,hero|introduction|features|workflow|cta,13,104,0,0.533,196,no,library-activity:uploads,,,PARTIAL,Topic developed in the hero plus at most one section; other sections are related PDF context
183,181-210 Analytics,Storage Analytics,13,/analytics/storage-analytics,200,,yes,published,yes,yes,yes,mega menu,yes,16,3,yes,PASS,PASS,developed,PASS,hero|introduction|features|workflow|cta,55,0,2,0.384,181,no,library-activity:storage,,,PASS,
184,181-210 Analytics,Upload Analytics,13,/analytics/upload-analytics,200,,yes,published,yes,yes,yes,no,yes,18,1,yes,PASS,PARTIAL,introduced,PASS,hero|introduction|features|workflow|cta,39,10,2,0.63,186,near-duplicate,library-activity:uploads,,,PARTIAL,Topic developed in the hero plus at most one section; other sections are related PDF context / Near-duplicate of PDF 186 /analytics/tag-analytics (prose overlap 0.63)
185,181-210 Analytics,Contributor Analytics,14,/analytics/contributor-analytics,200,,yes,published,yes,yes,yes,no,yes,17,1,yes,PASS,PARTIAL,introduced,PARTIAL,hero|introduction|features|cta,28,0,1,0.532,194,no,library-activity:uploads,,,PARTIAL,Topic developed in the hero plus at most one section; other sections are related PDF context
186,181-210 Analytics,Tag Analytics,17,/analytics/tag-analytics,200,,yes,published,yes,yes,yes,no,yes,18,2,yes,PASS,PARTIAL,introduced,PASS,hero|introduction|features|workflow|cta,17,10,0,0.63,184,near-duplicate,library-activity:tags,,,PARTIAL,Topic developed in the hero plus at most one section; other sections are related PDF context / Near-duplicate of PDF 184 /analytics/upload-analytics (prose overlap 0.63)
187,181-210 Analytics,Creative Library Trends,13,/analytics/creative-library-trends,200,,yes,published,yes,yes,yes,no,yes,20,1,yes,PASS,PARTIAL,introduced,PASS,hero|introduction|features|workflow|cta,35,47,1,0.692,189,near-duplicate,library-activity:cadence,,,PARTIAL,Topic developed in the hero plus at most one section; other sections are related PDF context / Near-duplicate of PDF 189 /analytics/weekly-library-analytics (prose overlap 0.692)
188,181-210 Analytics,Daily Library Analytics,12,/analytics/daily-library-analytics,200,,yes,published,yes,yes,yes,no,yes,20,1,yes,PASS,PARTIAL,introduced,PASS,hero|introduction|features|workflow|cta,24,26,1,0.516,190,no,library-activity:cadence,,,PARTIAL,Topic developed in the hero plus at most one section; other sections are related PDF context
189,181-210 Analytics,Weekly Library Analytics,11,/analytics/weekly-library-analytics,200,,yes,published,yes,yes,yes,no,yes,20,2,yes,PASS,PARTIAL,introduced,PASS,hero|introduction|features|workflow|cta,22,22,1,0.692,187,near-duplicate,library-activity:cadence,,,PARTIAL,Topic developed in the hero plus at most one section; other sections are related PDF context / Near-duplicate of PDF 187 /analytics/creative-library-trends (prose overlap 0.692)
190,181-210 Analytics,Monthly Library Analytics,9,/analytics/monthly-library-analytics,200,,yes,published,yes,yes,yes,no,yes,20,1,yes,PASS,PARTIAL,introduced,PASS,hero|introduction|features|workflow|cta,18,22,1,0.516,188,no,library-activity:cadence,,,PARTIAL,Topic developed in the hero plus at most one section; other sections are related PDF context
191,181-210 Analytics,Asset Activity Dashboard,12,/analytics/asset-activity-dashboard,200,,yes,published,yes,yes,yes,no,yes,10,1,yes,PASS,PARTIAL,introduced,PASS,hero|introduction|features|workflow|cta,12,60,0,0.522,186,no,library-activity:uploads,,,PARTIAL,Topic developed in the hero plus at most one section; other sections are related PDF context
192,181-210 Analytics,Storage by Category,14,/analytics/storage-by-category,200,,yes,published,yes,yes,yes,no,yes,6,1,yes,PASS,PARTIAL,introduced,PARTIAL,hero|introduction|features|cta,14,0,0,0.461,185,no,library-activity:storage,,,PARTIAL,Topic developed in the hero plus at most one section; other sections are related PDF context
193,181-210 Analytics,Most Searched Tags,11,/analytics/most-searched-tags,200,,yes,published,yes,yes,yes,no,yes,7,1,yes,PASS,PARTIAL,thin,PASS,hero|introduction|features|workflow|cta,11,67,0,0.421,181,no,library-activity:tags,,,PARTIAL,THIN: topic-specific content is only the 11-word PDF paragraph in the hero; every other section is neighbouring-topic context
194,181-210 Analytics,Top Contributors,12,/analytics/top-contributors,200,,yes,published,yes,yes,yes,no,yes,8,1,yes,PASS,PARTIAL,thin,PARTIAL,hero|introduction|features|cta,12,36,0,0.532,185,no,library-activity:uploads,,,PARTIAL,THIN: topic-specific content is only the 12-word PDF paragraph in the hero; every other section is neighbouring-topic context
195,181-210 Analytics,Creative Operations Analytics,15,/analytics/creative-operations-analytics,200,,yes,published,yes,yes,yes,no,yes,7,1,yes,PASS,PARTIAL,introduced,PASS,hero|introduction|features|workflow|cta,15,10,0,0.56,199,no,library-activity:uploads,,,PARTIAL,Topic developed in the hero plus at most one section; other sections are related PDF context
196,181-210 Analytics,Library Health Analytics,13,/analytics/library-health-analytics,200,,yes,published,yes,yes,yes,no,yes,12,1,yes,PASS,PARTIAL,introduced,PASS,hero|introduction|features|workflow|cta,13,130,0,0.533,182,no,library-activity:uploads,,,PARTIAL,Topic developed in the hero plus at most one section; other sections are related PDF context
197,181-210 Analytics,Asset Access Analytics,13,/analytics/asset-access-analytics,200,,yes,published,yes,yes,yes,no,yes,19,1,yes,PASS,PARTIAL,introduced,PASS,hero|introduction|features|workflow|cta,13,10,0,0.43,204,no,folder-access:team,,,PARTIAL,Topic developed in the hero plus at most one section; other sections are related PDF context
198,181-210 Analytics,Folder Access Analytics,13,/analytics/folder-access-analytics,200,,yes,published,yes,yes,yes,no,yes,5,1,yes,PASS,PARTIAL,thin,PASS,hero|introduction|features|workflow|cta,13,93,0,0.396,197,no,folder-access:team,,,PARTIAL,THIN: topic-specific content is only the 13-word PDF paragraph in the hero; every other section is neighbouring-topic context
199,181-210 Analytics,Creative Team Analytics,12,/analytics/creative-team-analytics,200,,yes,published,yes,yes,yes,no,yes,7,1,yes,PASS,PASS,developed,PASS,hero|introduction|features|workflow|cta,72,10,2,0.56,195,no,library-activity:uploads,,,PASS,
200,181-210 Analytics,Marketing Asset Analytics,14,/analytics/marketing-asset-analytics,200,,yes,published,yes,yes,yes,no,yes,6,1,yes,PASS,PARTIAL,introduced,PARTIAL,hero|introduction|features|cta,14,0,0,0.486,185,no,library-activity:uploads,,,PARTIAL,Topic developed in the hero plus at most one section; other sections are related PDF context
201,181-210 Analytics,Production Analytics,10,/analytics/production-analytics,200,,yes,published,yes,yes,yes,no,yes,6,1,yes,PASS,PARTIAL,introduced,PASS,hero|introduction|features|workflow|cta,10,10,0,0.514,202,no,library-activity:uploads,,,PARTIAL,Topic developed in the hero plus at most one section; other sections are related PDF context
202,181-210 Analytics,Agency Analytics,11,/analytics/agency-analytics,200,,yes,published,yes,yes,yes,no,yes,12,1,yes,PASS,PARTIAL,introduced,PASS,hero|introduction|features|workflow|cta,11,10,0,0.514,201,no,library-activity:uploads,,,PARTIAL,Topic developed in the hero plus at most one section; other sections are related PDF context
203,181-210 Analytics,Brand Asset Analytics,15,/analytics/brand-asset-analytics,200,,yes,published,yes,yes,yes,no,yes,10,1,yes,PASS,PARTIAL,introduced,PASS,hero|introduction|features|workflow|cta,15,79,0,0.303,105,no,library-activity:uploads,,,PARTIAL,Topic developed in the hero plus at most one section; other sections are related PDF context
204,181-210 Analytics,Asset Performance Insights,10,/analytics/asset-performance-insights,200,,yes,published,yes,yes,yes,no,yes,6,1,yes,PASS,PARTIAL,thin,PASS,hero|introduction|features|workflow|cta,10,93,0,0.43,197,no,library-activity:uploads,,,PARTIAL,THIN: topic-specific content is only the 10-word PDF paragraph in the hero; every other section is neighbouring-topic context
205,181-210 Analytics,Creative Library Reporting,12,/analytics/creative-library-reporting,200,,yes,published,yes,yes,yes,no,yes,6,1,yes,PASS,PARTIAL,thin,PARTIAL,hero|introduction|features|cta,12,13,0,0.571,206,no,library-activity:uploads,,,PARTIAL,THIN: topic-specific content is only the 12-word PDF paragraph in the hero; every other section is neighbouring-topic context
206,181-210 Analytics,Asset Management Metrics,11,/analytics/asset-management-metrics,200,,yes,published,yes,yes,yes,no,yes,5,1,yes,PASS,PARTIAL,introduced,PARTIAL,hero|introduction|features|cta,25,23,1,0.629,208,near-duplicate,library-activity:uploads,,,PARTIAL,Topic developed in the hero plus at most one section; other sections are related PDF context / Near-duplicate of PDF 208 /analytics/creative-workflow-metrics (prose overlap 0.629)
207,181-210 Analytics,Digital Asset KPIs,13,/analytics/digital-asset-kpis,200,,yes,published,yes,yes,yes,no,yes,5,1,yes,PASS,PARTIAL,thin,PARTIAL,hero|introduction|features|cta,13,40,0,0.137,206,no,library-activity:uploads,,,PARTIAL,THIN: topic-specific content is only the 13-word PDF paragraph in the hero; every other section is neighbouring-topic context
208,181-210 Analytics,Creative Workflow Metrics,14,/analytics/creative-workflow-metrics,200,,yes,published,yes,yes,yes,no,yes,9,1,yes,PASS,PARTIAL,introduced,PARTIAL,hero|introduction|features|cta,14,23,0,0.629,206,near-duplicate,library-activity:uploads,,,PARTIAL,Topic developed in the hero plus at most one section; other sections are related PDF context / Near-duplicate of PDF 206 /analytics/asset-management-metrics (prose overlap 0.629)
209,181-210 Analytics,Library Growth Reporting,10,/analytics/library-growth-reporting,200,,yes,published,yes,yes,yes,no,yes,27,1,yes,PASS,PARTIAL,introduced,PASS,hero|introduction|features|workflow|cta,20,47,1,0.675,187,near-duplicate,library-activity:storage,,,PARTIAL,Topic developed in the hero plus at most one section; other sections are related PDF context / Near-duplicate of PDF 187 /analytics/creative-library-trends (prose overlap 0.675)
210,181-210 Analytics,Executive Asset Analytics,14,/analytics/executive-asset-analytics,200,,yes,published,yes,yes,yes,no,yes,9,1,yes,PASS,PARTIAL,introduced,PARTIAL,hero|introduction|features|cta,14,11,0,0.073,200,no,library-activity:uploads,,,PARTIAL,Topic developed in the hero plus at most one section; other sections are related PDF context
211,211-240 Use Cases,GetSibu for Production Studios,26,/use-cases/production-studios,200,,yes,published,yes,yes,yes,mega menu,yes,5,2,yes,PASS,PARTIAL,thin,PASS,hero|introduction|features|workflow|use-case|cta,26,133,0,0.306,235,no,media-library:video,,,PARTIAL,THIN: topic-specific content is only the 26-word PDF paragraph in the hero; every other section is neighbouring-topic context
212,211-240 Use Cases,GetSibu for Video Teams,29,/use-cases/video-teams,200,,yes,framed,yes,yes,yes,no,yes,5,1,no,PARTIAL,PARTIAL,withheld,PASS,hero|introduction|features|use-case|cta,66,38,2,0.477,216,no,media-library:video,scene-detection,/features/video-version-management,PARTIAL,"Topic (manual): Video versions, timeline comments and AI tagging convey video teams; scene detection withheld. / Framed: own PDF paragraph withheld (claims: scene-detection); verified context from PDF 97"
213,211-240 Use Cases,GetSibu for Marketing Teams,18,/use-cases/marketing-teams,200,,yes,published,yes,yes,yes,mega menu,yes,8,2,yes,PASS,PASS,developed,PASS,hero|introduction|features|workflow|use-case|cta,68,115,2,0.445,225,no,"media-library:video,image,document",,,PASS,
214,211-240 Use Cases,GetSibu for Brand Teams,19,/use-cases/brand-teams,200,,yes,published,yes,yes,yes,mega menu,yes,11,2,yes,PASS,PARTIAL,introduced,PASS,hero|introduction|features|workflow|use-case|cta,82,113,1,0.404,213,no,media-library,,,PARTIAL,Topic developed in the hero plus at most one section; other sections are related PDF context
215,211-240 Use Cases,GetSibu for Creative Agencies,15,/use-cases/creative-agencies,200,,yes,published,yes,yes,yes,mega menu,yes,13,2,yes,PASS,PASS,developed,PASS,hero|introduction|features|workflow|use-case|faq|cta,74,71,2,0.297,324,no,media-library,multi-tenant,,PASS,
216,211-240 Use Cases,GetSibu for Post-Production Teams,16,/use-cases/post-production-teams,200,,yes,framed,yes,yes,yes,no,yes,5,1,no,PARTIAL,PARTIAL,withheld,PASS,hero|introduction|features|use-case|cta,0,53,0,0.477,212,no,media-library:video,scene-detection,/features/video-version-management,PARTIAL,Topic (manual): Hero is identical to /use-cases/video-teams (PDF 97); post-production is implied only through video review content. / Framed: own PDF paragraph withheld (claims: scene-detection); verified context from PDF 97
217,211-240 Use Cases,GetSibu for Documentary Teams,16,/use-cases/documentary-teams,200,,yes,framed,yes,yes,yes,no,yes,5,1,no,FAIL,FAIL,absent,PASS,hero|introduction|features|use-case|cta,0,35,0,0.186,216,no,media-library:video,scene-detection,/features/searchable-video-library,FAIL,"Topic (manual): Nothing identifies documentary work: hero is the searchable video library (PDF 25), body is film production."
218,211-240 Use Cases,GetSibu for Film Production,15,/use-cases/film-production,200,,yes,published,yes,yes,yes,mega menu,yes,6,1,yes,PASS,PARTIAL,introduced,PASS,hero|introduction|features|workflow|use-case|cta,15,89,0,0.389,229,no,media-library:video,,,PARTIAL,Topic developed in the hero plus at most one section; other sections are related PDF context
219,211-240 Use Cases,GetSibu for Advertising Agencies,13,/use-cases/advertising-agencies,200,,yes,published,yes,yes,yes,mega menu,yes,6,1,yes,PASS,PARTIAL,introduced,PASS,hero|introduction|features|workflow|use-case|cta,13,82,0,0.395,221,no,media-library,,,PARTIAL,Topic developed in the hero plus at most one section; other sections are related PDF context
220,211-240 Use Cases,GetSibu for Creative Studios,13,/use-cases/creative-studios,200,,yes,published,yes,yes,yes,mega menu,yes,6,2,yes,PASS,PARTIAL,thin,PASS,hero|introduction|features|workflow|use-case|cta,13,84,0,0.551,226,no,media-library,,,PARTIAL,THIN: topic-specific content is only the 13-word PDF paragraph in the hero; every other section is neighbouring-topic context
221,211-240 Use Cases,GetSibu for Brand Consultancies,11,/use-cases/brand-consultancies,200,,yes,published,yes,yes,yes,mega menu,yes,6,1,yes,PASS,PARTIAL,thin,PASS,hero|introduction|features|use-case|cta,11,111,0,0.395,219,no,media-library:document,,,PARTIAL,THIN: topic-specific content is only the 11-word PDF paragraph in the hero; every other section is neighbouring-topic context
222,211-240 Use Cases,GetSibu for In-House Creative Teams,13,/use-cases/in-house-creative-teams,200,,yes,published,yes,yes,yes,no,yes,6,1,yes,PASS,PARTIAL,thin,PASS,hero|introduction|features|use-case|cta,13,79,0,0.434,227,no,media-library,,,PARTIAL,THIN: topic-specific content is only the 13-word PDF paragraph in the hero; every other section is neighbouring-topic context
223,211-240 Use Cases,GetSibu for Enterprise Marketing,12,/use-cases/enterprise-marketing,200,,yes,published,yes,yes,yes,mega menu,yes,8,1,yes,PASS,PARTIAL,introduced,PASS,hero|introduction|features|workflow|use-case|cta,12,91,0,0.264,224,no,media-library,,,PARTIAL,Topic developed in the hero plus at most one section; other sections are related PDF context
224,211-240 Use Cases,GetSibu for Global Brands,15,/use-cases/global-brands,200,,yes,published,yes,yes,yes,no,yes,8,1,yes,PASS,PARTIAL,introduced,PASS,hero|introduction|features|workflow|use-case|cta,15,102,0,0.436,234,no,media-library,,,PARTIAL,Topic developed in the hero plus at most one section; other sections are related PDF context
225,211-240 Use Cases,GetSibu for Multi-Market Teams,11,/use-cases/multi-market-teams,200,,yes,published,yes,yes,yes,no,yes,8,1,yes,PASS,PARTIAL,introduced,PASS,hero|introduction|features|use-case|cta,11,55,0,0.682,231,near-duplicate,media-library,,,PARTIAL,Topic developed in the hero plus at most one section; other sections are related PDF context / Near-duplicate of PDF 231 /use-cases/retail-brands (prose overlap 0.682)
226,211-240 Use Cases,GetSibu for Freelancers,14,/use-cases/freelancers,200,,yes,published,yes,yes,yes,no,yes,5,1,yes,PASS,PARTIAL,thin,PASS,hero|introduction|features|workflow|use-case|cta,14,84,0,0.551,220,no,media-library,,,PARTIAL,THIN: topic-specific content is only the 14-word PDF paragraph in the hero; every other section is neighbouring-topic context
227,211-240 Use Cases,GetSibu for Content Creators,16,/use-cases/content-creators,200,,yes,published,yes,yes,yes,no,yes,4,1,yes,PASS,PARTIAL,introduced,PASS,hero|introduction|features|use-case|cta,16,26,0,0.434,222,no,"media-library:video,image,document",,,PARTIAL,Topic developed in the hero plus at most one section; other sections are related PDF context
228,211-240 Use Cases,GetSibu for Photography Teams,13,/use-cases/photography-teams,200,,yes,published,yes,yes,yes,no,yes,5,1,yes,PASS,PARTIAL,thin,PASS,hero|introduction|features|use-case|cta,13,89,0,0.423,222,no,media-library:image,,,PARTIAL,THIN: topic-specific content is only the 13-word PDF paragraph in the hero; every other section is neighbouring-topic context
229,211-240 Use Cases,GetSibu for Video Agencies,14,/use-cases/video-agencies,200,,yes,published,yes,yes,yes,mega menu,yes,10,1,yes,PASS,PARTIAL,introduced,PASS,hero|introduction|features|workflow|use-case|cta,14,45,0,0.389,218,no,media-library:video,,,PARTIAL,Topic developed in the hero plus at most one section; other sections are related PDF context
230,211-240 Use Cases,GetSibu for E-Commerce Brands,12,/use-cases/e-commerce-brands,200,,yes,published,yes,yes,yes,mega menu,yes,7,1,yes,PASS,PARTIAL,introduced,PASS,hero|introduction|features|use-case|cta,12,54,0,0.622,231,near-duplicate,"media-library:video,image,document",,,PARTIAL,Topic developed in the hero plus at most one section; other sections are related PDF context / Near-duplicate of PDF 231 /use-cases/retail-brands (prose overlap 0.622)
231,211-240 Use Cases,GetSibu for Retail Brands,12,/use-cases/retail-brands,200,,yes,published,yes,yes,yes,no,yes,8,1,yes,PASS,PARTIAL,introduced,PASS,hero|introduction|features|use-case|cta,12,54,0,0.711,234,near-duplicate,media-library,,,PARTIAL,Topic developed in the hero plus at most one section; other sections are related PDF context / Near-duplicate of PDF 234 /use-cases/social-media-teams (prose overlap 0.711)
232,211-240 Use Cases,GetSibu for Media Companies,13,/use-cases/media-companies,200,,yes,published,yes,yes,yes,mega menu,yes,8,1,yes,PASS,PARTIAL,introduced,PASS,hero|introduction|features|workflow|use-case|cta,13,60,0,0.71,238,near-duplicate,media-library,,,PARTIAL,Topic developed in the hero plus at most one section; other sections are related PDF context / Near-duplicate of PDF 238 /use-cases/nonprofits (prose overlap 0.71)
233,211-240 Use Cases,GetSibu for Newsrooms,16,/use-cases/newsrooms,200,,yes,published,yes,yes,yes,no,yes,8,1,yes,PASS,PARTIAL,thin,PASS,hero|introduction|features|use-case|cta,16,107,0,0.532,236,no,media-library,,,PARTIAL,THIN: topic-specific content is only the 16-word PDF paragraph in the hero; every other section is neighbouring-topic context
234,211-240 Use Cases,GetSibu for Social Media Teams,13,/use-cases/social-media-teams,200,,yes,published,yes,yes,yes,no,yes,8,1,yes,PASS,PARTIAL,thin,PASS,hero|introduction|features|use-case|cta,13,99,0,0.711,231,near-duplicate,media-library,,,PARTIAL,"Topic (manual): Missing term is a modifier (e.g. 'Powered', 'Advanced', 'DAM'); the PDF paragraph states the topic. / THIN: topic-specific content is only the 13-word PDF paragraph in the hero; every other section is neighbouring-topic context / Near-duplicate of PDF 231 /use-cases/retail-brands (prose overlap 0.711)"
235,211-240 Use Cases,GetSibu for PR Teams,14,/use-cases/pr-teams,200,,yes,published,yes,yes,yes,no,yes,8,1,yes,PASS,PARTIAL,thin,PASS,hero|introduction|features|workflow|use-case|cta,14,82,0,0.468,238,no,media-library:image,,,PARTIAL,THIN: topic-specific content is only the 14-word PDF paragraph in the hero; every other section is neighbouring-topic context
236,211-240 Use Cases,GetSibu for Event Companies,11,/use-cases/event-companies,200,,yes,published,yes,yes,yes,no,yes,7,1,yes,PASS,PARTIAL,introduced,PASS,hero|introduction|features|use-case|cta,11,54,0,0.553,237,no,"media-library:video,image,document",,,PARTIAL,Topic developed in the hero plus at most one section; other sections are related PDF context
237,211-240 Use Cases,GetSibu for Education Teams,11,/use-cases/education-teams,200,,yes,published,yes,yes,yes,mega menu,yes,7,1,yes,PASS,PARTIAL,thin,PASS,hero|introduction|features|use-case|cta,11,94,0,0.704,240,near-duplicate,"media-library:video,document",,,PARTIAL,THIN: topic-specific content is only the 11-word PDF paragraph in the hero; every other section is neighbouring-topic context / Near-duplicate of PDF 240 /use-cases/corporate-communications (prose overlap 0.704)
238,211-240 Use Cases,GetSibu for Nonprofits,11,/use-cases/nonprofits,200,,yes,published,yes,yes,yes,mega menu,yes,7,1,yes,PASS,PARTIAL,thin,PASS,hero|introduction|features|workflow|use-case|cta,11,88,0,0.71,232,near-duplicate,"media-library:image,document",,,PARTIAL,THIN: topic-specific content is only the 11-word PDF paragraph in the hero; every other section is neighbouring-topic context / Near-duplicate of PDF 232 /use-cases/media-companies (prose overlap 0.71)
239,211-240 Use Cases,GetSibu for Internal Communications,12,/use-cases/internal-communications,200,,yes,published,yes,yes,yes,no,yes,7,1,yes,PASS,PARTIAL,introduced,PASS,hero|introduction|features|use-case|cta,12,65,0,0.672,240,near-duplicate,media-library,,,PARTIAL,Topic developed in the hero plus at most one section; other sections are related PDF context / Near-duplicate of PDF 240 /use-cases/corporate-communications (prose overlap 0.672)
240,211-240 Use Cases,GetSibu for Corporate Communications,17,/use-cases/corporate-communications,200,,yes,published,yes,yes,yes,mega menu,yes,7,2,yes,PASS,PARTIAL,introduced,PASS,hero|introduction|features|use-case|cta,17,65,0,0.704,237,near-duplicate,"media-library:video,image,document",,,PARTIAL,Topic developed in the hero plus at most one section; other sections are related PDF context / Near-duplicate of PDF 237 /use-cases/education-teams (prose overlap 0.704)
241,241-260 Integrations,GetSibu Integrations,20,/integrations,200,,yes,published,yes,yes,yes,mega menu,no,5,0,yes,PASS,PASS,developed,PASS,hero|introduction|features|workflow|cta,81,57,2,0.378,260,no,connector-flow,,,PASS,
242,241-260 Integrations,Google Drive Integration,17,/storage/google-drive,307,/storage/centralised-media-storage,merged into PDF 122,merged-held,no,no,no,no,no,0,0,no,BLOCKED,BLOCKED,blocked,BLOCKED,,0,0,0,,,,,storage-sources,/storage/centralised-media-storage,BLOCKED — UNCONFIRMED CLAIM,Duplicate PDF title of 122; held with it / 307 → /storage/centralised-media-storage until claim(s) storage-sources are client-confirmed
243,241-260 Integrations,Dropbox Integration,9,/storage/dropbox,307,/storage/centralised-media-storage,merged into PDF 123,merged-held,no,no,no,no,no,0,0,no,BLOCKED,BLOCKED,blocked,BLOCKED,,0,0,0,,,,,storage-sources,/storage/centralised-media-storage,BLOCKED — UNCONFIRMED CLAIM,Duplicate PDF title of 123; held with it / 307 → /storage/centralised-media-storage until claim(s) storage-sources are client-confirmed
244,241-260 Integrations,OneDrive Integration,14,/storage/onedrive,307,/storage/centralised-media-storage,merged into PDF 124,merged-held,no,no,no,no,no,0,0,no,BLOCKED,BLOCKED,blocked,BLOCKED,,0,0,0,,,,,storage-sources,/storage/centralised-media-storage,BLOCKED — UNCONFIRMED CLAIM,Duplicate PDF title of 124; held with it / 307 → /storage/centralised-media-storage until claim(s) storage-sources are client-confirmed
245,241-260 Integrations,AWS S3 Integration,12,/storage/aws-s3,307,/storage/centralised-media-storage,merged into PDF 125,merged-held,no,no,no,no,no,0,0,no,BLOCKED,BLOCKED,blocked,BLOCKED,,0,0,0,,,,,storage-sources,/storage/centralised-media-storage,BLOCKED — UNCONFIRMED CLAIM,Duplicate PDF title of 125; held with it / 307 → /storage/centralised-media-storage until claim(s) storage-sources are client-confirmed
246,241-260 Integrations,Slack Integration,12,/integrations/slack,307,/developers/webhook-automation,held (not routed),held,no,no,no,no,no,0,0,no,BLOCKED,BLOCKED,blocked,BLOCKED,,0,0,0,,,,,slack,/developers/webhook-automation,BLOCKED — UNCONFIRMED CLAIM,Title states an unconfirmed claim / 307 → /developers/webhook-automation until claim(s) slack are client-confirmed
247,241-260 Integrations,Figma Integration,16,/integrations/figma,307,/integrations/custom-integrations,held (not routed),held,no,no,no,no,no,0,0,no,BLOCKED,BLOCKED,blocked,BLOCKED,,0,0,0,,,,,figma,/integrations/custom-integrations,BLOCKED — UNCONFIRMED CLAIM,Title states an unconfirmed claim / 307 → /integrations/custom-integrations until claim(s) figma are client-confirmed
248,241-260 Integrations,Adobe Premiere Pro Integration,16,/integrations/adobe-premiere-pro,307,/integrations/custom-integrations,held (not routed),held,no,no,no,no,no,0,0,no,BLOCKED,BLOCKED,blocked,BLOCKED,,0,0,0,,,,,adobe-premiere-after-effects,/integrations/custom-integrations,BLOCKED — UNCONFIRMED CLAIM,Title states an unconfirmed claim / 307 → /integrations/custom-integrations until claim(s) adobe-premiere-after-effects are client-confirmed
249,241-260 Integrations,Adobe After Effects Integration,9,/integrations/adobe-after-effects,307,/integrations/custom-integrations,held (not routed),held,no,no,no,no,no,0,0,no,BLOCKED,BLOCKED,blocked,BLOCKED,,0,0,0,,,,,adobe-premiere-after-effects,/integrations/custom-integrations,BLOCKED — UNCONFIRMED CLAIM,Title states an unconfirmed claim / 307 → /integrations/custom-integrations until claim(s) adobe-premiere-after-effects are client-confirmed
250,241-260 Integrations,Frame.io Integration,13,/integrations/frame-io,307,/integrations/custom-integrations,held (not routed),held,no,no,no,no,no,0,0,no,BLOCKED,BLOCKED,blocked,BLOCKED,,0,0,0,,,,,frame-io,/integrations/custom-integrations,BLOCKED — UNCONFIRMED CLAIM,Title states an unconfirmed claim / 307 → /integrations/custom-integrations until claim(s) frame-io are client-confirmed
251,241-260 Integrations,Zapier Integration,12,/integrations/zapier,307,/developers/webhook-automation,held (not routed),held,no,no,no,no,no,0,0,no,BLOCKED,BLOCKED,blocked,BLOCKED,,0,0,0,,,,,zapier,/developers/webhook-automation,BLOCKED — UNCONFIRMED CLAIM,Title states an unconfirmed claim / 307 → /developers/webhook-automation until claim(s) zapier are client-confirmed
252,241-260 Integrations,Webhooks,15,/developers/webhooks,200,,yes,framed,yes,yes,yes,no,yes,7,2,no,PARTIAL,PARTIAL,withheld,PASS,hero|introduction|features|workflow|faq|cta,17,118,1,0.48,268,no,api-flow:webhooks,webhook-events,/developers/webhook-automation,PARTIAL,Topic (manual): Hero from PDF 257 explains webhooks; body is generic API content. / Framed: own PDF paragraph withheld (claims: webhook-events); verified context from PDF 257
253,241-260 Integrations,REST API,18,/developers/rest-api,200,,yes,published,yes,yes,yes,mega menu,yes,10,2,yes,PASS,PARTIAL,introduced,PASS,hero|introduction|features|workflow|faq|cta,35,40,1,0.759,279,near-duplicate,api-flow,rest-api-first,,PARTIAL,Topic developed in the hero plus at most one section; other sections are related PDF context / Near-duplicate of PDF 279 /developers/custom-asset-applications (prose overlap 0.759)
254,241-260 Integrations,API-First DAM,21,/developers/api-first-dam,200,,yes,published,yes,yes,yes,no,yes,11,1,yes,PASS,PASS,developed,PASS,hero|introduction|features|workflow|faq|cta,54,141,2,0.418,279,no,api-flow,rest-api-first,,PASS,
255,241-260 Integrations,Developer API,18,/developers/developer-api,200,,yes,published,yes,yes,yes,no,yes,7,1,yes,PASS,PASS,developed,PASS,hero|introduction|features|workflow|faq|cta,83,10,3,0.741,253,near-duplicate,api-flow,,,PARTIAL,Near-duplicate of PDF 253 /developers/rest-api (prose overlap 0.741)
256,241-260 Integrations,API Authentication,17,/developers/api-authentication,200,,yes,published,yes,yes,yes,mega menu,yes,21,2,yes,PASS,PARTIAL,introduced,PASS,hero|introduction|features|workflow|cta,34,22,2,0.486,266,no,api-flow:auth,,,PARTIAL,Topic developed in the hero plus at most one section; other sections are related PDF context
257,241-260 Integrations,Webhook Automation,18,/developers/webhook-automation,200,,yes,published,yes,yes,yes,mega menu,yes,5,1,yes,PASS,PARTIAL,introduced,PASS,hero|introduction|features|workflow|cta,30,131,1,0.576,266,no,api-flow:webhooks,,,PARTIAL,Topic developed in the hero plus at most one section; other sections are related PDF context
258,241-260 Integrations,Developer Playground,17,/developers/developer-playground,307,/developers/api,held (not routed),held,no,no,no,no,no,0,0,no,BLOCKED,BLOCKED,blocked,BLOCKED,,0,0,0,,,,,developer-playground,/developers/api,BLOCKED — UNCONFIRMED CLAIM,Title states an unconfirmed claim / 307 → /developers/api until claim(s) developer-playground are client-confirmed
259,241-260 Integrations,SDK Support,15,/developers/sdk-support,307,/developers/api,held (not routed),held,no,no,no,no,no,0,0,no,BLOCKED,BLOCKED,blocked,BLOCKED,,0,0,0,,,,,openapi sdks,/developers/api,BLOCKED — UNCONFIRMED CLAIM,"Title states an unconfirmed claim / 307 → /developers/api until claim(s) openapi, sdks are client-confirmed"
260,241-260 Integrations,Custom Integrations,16,/integrations/custom-integrations,200,,yes,published,yes,yes,yes,mega menu,yes,2,1,yes,PASS,PARTIAL,introduced,PASS,hero|introduction|features|workflow|cta,16,91,0,0.398,390,no,connector-flow,,,PARTIAL,"Topic (manual): Missing term is a modifier (e.g. 'Powered', 'Advanced', 'DAM'); the PDF paragraph states the topic. / Topic developed in the hero plus at most one section; other sections are related PDF context"
261,261-280 API and Developer Pages,GetSibu API,16,/developers/api,200,,yes,published,yes,yes,yes,mega menu,yes,18,4,yes,PASS,PASS,developed,PASS,hero|introduction|features|workflow|faq|cta,121,40,3,0.693,278,near-duplicate,api-flow,rest-api-first,,PARTIAL,Near-duplicate of PDF 278 /developers/developer-automation (prose overlap 0.693)
262,261-280 API and Developer Pages,Asset Upload API,14,/developers/asset-upload-api,200,,yes,published,yes,yes,yes,mega menu,yes,18,1,yes,PASS,PARTIAL,introduced,PASS,hero|introduction|features|workflow|cta,28,42,1,0.545,266,no,api-flow:upload,,,PARTIAL,Topic developed in the hero plus at most one section; other sections are related PDF context
263,261-280 API and Developer Pages,Asset Search API,10,/developers/asset-search-api,200,,yes,published,yes,yes,yes,mega menu,yes,18,1,yes,PASS,PARTIAL,introduced,PASS,hero|introduction|features|workflow|cta,20,39,1,0.563,265,no,api-flow:search,,,PARTIAL,Topic developed in the hero plus at most one section; other sections are related PDF context
264,261-280 API and Developer Pages,Asset Metadata API,14,/developers/asset-metadata-api,200,,yes,published,yes,yes,yes,no,yes,18,1,yes,PASS,PARTIAL,introduced,PASS,hero|introduction|features|workflow|cta,28,38,1,0.628,266,near-duplicate,api-flow:metadata,,,PARTIAL,Topic developed in the hero plus at most one section; other sections are related PDF context / Near-duplicate of PDF 266 /developers/asset-comments-api (prose overlap 0.628)
265,261-280 API and Developer Pages,Asset Tags API,9,/developers/asset-tags-api,200,,yes,published,yes,yes,yes,no,yes,5,1,yes,PASS,PARTIAL,introduced,PASS,hero|introduction|features|workflow|cta,9,40,0,0.563,263,no,api-flow:tags,,,PARTIAL,Topic developed in the hero plus at most one section; other sections are related PDF context
266,261-280 API and Developer Pages,Asset Comments API,7,/developers/asset-comments-api,200,,yes,published,yes,yes,yes,no,yes,7,1,yes,PASS,PARTIAL,introduced,PASS,hero|introduction|features|workflow|cta,7,42,0,0.628,264,near-duplicate,api-flow:comments,,,PARTIAL,Topic developed in the hero plus at most one section; other sections are related PDF context / Near-duplicate of PDF 264 /developers/asset-metadata-api (prose overlap 0.628)
267,261-280 API and Developer Pages,Approval API,11,/developers/approval-api,200,,yes,published,yes,yes,yes,no,yes,10,1,yes,PASS,PARTIAL,introduced,PASS,hero|introduction|features|workflow|cta,28,12,1,0.275,89,no,api-flow:approvals,,,PARTIAL,Topic developed in the hero plus at most one section; other sections are related PDF context
268,261-280 API and Developer Pages,Webhook Events,13,/developers/webhook-events,200,,yes,framed,yes,yes,yes,no,yes,6,1,no,PARTIAL,PARTIAL,withheld,PASS,hero|introduction|features|workflow|faq|cta,0,73,0,0.48,252,no,api-flow:webhooks,webhook-events,/developers/webhook-automation,PARTIAL,Topic (manual): Same hero as /developers/webhooks (PDF 257); event list withheld; body is generic API content. / Framed: own PDF paragraph withheld (claims: webhook-events); verified context from PDF 257
269,261-280 API and Developer Pages,Asset Created Webhook,13,/developers/asset-created-webhook,307,/developers/webhook-automation,held (not routed),held,no,no,no,no,no,0,0,no,BLOCKED,BLOCKED,blocked,BLOCKED,,0,0,0,,,,,webhook-events,/developers/webhook-automation,BLOCKED — UNCONFIRMED CLAIM,Title states an unconfirmed claim / 307 → /developers/webhook-automation until claim(s) webhook-events are client-confirmed
270,261-280 API and Developer Pages,Comment Added Webhook,13,/developers/comment-added-webhook,307,/developers/webhook-automation,held (not routed),held,no,no,no,no,no,0,0,no,BLOCKED,BLOCKED,blocked,BLOCKED,,0,0,0,,,,,webhook-events,/developers/webhook-automation,BLOCKED — UNCONFIRMED CLAIM,Title states an unconfirmed claim / 307 → /developers/webhook-automation until claim(s) webhook-events are client-confirmed
271,261-280 API and Developer Pages,Approval Requested Webhook,9,/developers/approval-requested-webhook,307,/developers/webhook-automation,held (not routed),held,no,no,no,no,no,0,0,no,BLOCKED,BLOCKED,blocked,BLOCKED,,0,0,0,,,,,webhook-events,/developers/webhook-automation,BLOCKED — UNCONFIRMED CLAIM,Title states an unconfirmed claim / 307 → /developers/webhook-automation until claim(s) webhook-events are client-confirmed
272,261-280 API and Developer Pages,Billing Events,7,/developers/billing-events,307,/developers/webhook-automation,held (not routed),held,no,no,no,no,no,0,0,no,BLOCKED,BLOCKED,blocked,BLOCKED,,0,0,0,,,,,webhook-events,/developers/webhook-automation,BLOCKED — UNCONFIRMED CLAIM,Title states an unconfirmed claim / 307 → /developers/webhook-automation until claim(s) webhook-events are client-confirmed
273,261-280 API and Developer Pages,API Documentation,14,/developers/api-documentation,200,,yes,published,yes,yes,yes,no,yes,19,2,yes,PASS,PARTIAL,introduced,PASS,hero|introduction|features|faq|cta,28,50,1,0.381,255,no,api-flow,,,PARTIAL,Topic developed in the hero plus at most one section; other sections are related PDF context
274,261-280 API and Developer Pages,OpenAPI Specification,17,/developers/openapi-specification,307,/developers/api,held (not routed),held,no,no,no,no,no,0,0,no,BLOCKED,BLOCKED,blocked,BLOCKED,,0,0,0,,,,,openapi,/developers/api,BLOCKED — UNCONFIRMED CLAIM,Title states an unconfirmed claim / 307 → /developers/api until claim(s) openapi are client-confirmed
275,261-280 API and Developer Pages,Developer Authentication,9,/developers/developer-authentication,200,,yes,published,yes,yes,yes,no,yes,4,1,yes,PASS,PARTIAL,introduced,PASS,hero|introduction|features|workflow|cta,9,64,0,0.565,277,no,api-flow:auth,,,PARTIAL,Topic developed in the hero plus at most one section; other sections are related PDF context
276,261-280 API and Developer Pages,API Tenant Isolation,13,/developers/api-tenant-isolation,200,,yes,published,yes,yes,yes,mega menu,yes,12,1,yes,PASS,PARTIAL,introduced,PASS,hero|introduction|features|workflow|faq|cta,26,129,1,0.518,278,no,api-flow:auth,multi-tenant,,PARTIAL,"Topic (manual): Missing term is a modifier (e.g. 'Powered', 'Advanced', 'DAM'); the PDF paragraph states the topic. / Topic developed in the hero plus at most one section; other sections are related PDF context"
277,261-280 API and Developer Pages,API Security,13,/developers/api-security,200,,yes,published,yes,yes,yes,no,yes,5,1,yes,PASS,PARTIAL,introduced,PASS,hero|introduction|features|workflow|cta,30,22,1,0.565,275,no,api-flow:auth,,,PARTIAL,Topic developed in the hero plus at most one section; other sections are related PDF context
278,261-280 API and Developer Pages,Developer Automation,12,/developers/developer-automation,200,,yes,published,yes,yes,yes,mega menu,yes,19,1,yes,PASS,PARTIAL,introduced,PASS,hero|introduction|features|workflow|cta,24,68,2,0.693,261,near-duplicate,api-flow,,,PARTIAL,Topic developed in the hero plus at most one section; other sections are related PDF context / Near-duplicate of PDF 261 /developers/api (prose overlap 0.693)
279,261-280 API and Developer Pages,Custom Asset Applications,13,/developers/custom-asset-applications,200,,yes,published,yes,yes,yes,no,yes,8,1,yes,PASS,PARTIAL,introduced,PASS,hero|introduction|features|workflow|faq|cta,23,109,1,0.759,253,near-duplicate,api-flow,,,PARTIAL,Topic developed in the hero plus at most one section; other sections are related PDF context / Near-duplicate of PDF 253 /developers/rest-api (prose overlap 0.759)
280,261-280 API and Developer Pages,GetSibu for Developers,18,/developers,200,,yes,published,yes,yes,yes,mega menu,yes,21,1,yes,PASS,PASS,developed,PASS,hero|introduction|features|workflow|faq|cta,77,68,3,0.392,255,no,api-flow,,,PASS,
281,281-300 Migration,Migrate to GetSibu,20,/migration,200,,yes,published,yes,yes,yes,mega menu,no,24,0,yes,PASS,PARTIAL,thin,PASS,hero|introduction|features|benefits|workflow|cta,20,125,0,0.341,287,no,migration-map,,,PARTIAL,THIN: topic-specific content is only the 20-word PDF paragraph in the hero; every other section is neighbouring-topic context
282,281-300 Migration,Creative Library Migration,13,/migration/creative-library-migration,200,,yes,published,yes,yes,yes,no,yes,6,1,yes,PASS,PASS,developed,PASS,hero|introduction|features|benefits|workflow|cta,106,10,3,0.678,296,near-duplicate,migration-map,,,PARTIAL,Near-duplicate of PDF 296 /migration/migration-verification (prose overlap 0.678)
283,281-300 Migration,Google Drive Migration,15,/migration/google-drive-migration,307,/migration,held (not routed),held,no,no,no,no,no,0,0,no,BLOCKED,BLOCKED,blocked,BLOCKED,,0,0,0,,,,,storage-sources,/migration,BLOCKED — UNCONFIRMED CLAIM,Title states an unconfirmed claim / 307 → /migration until claim(s) storage-sources are client-confirmed
284,281-300 Migration,Dropbox Migration,15,/migration/dropbox-migration,307,/migration,held (not routed),held,no,no,no,no,no,0,0,no,BLOCKED,BLOCKED,blocked,BLOCKED,,0,0,0,,,,,storage-sources,/migration,BLOCKED — UNCONFIRMED CLAIM,Title states an unconfirmed claim / 307 → /migration until claim(s) storage-sources are client-confirmed
285,281-300 Migration,S3 Migration,12,/migration/s3-migration,307,/migration,held (not routed),held,no,no,no,no,no,0,0,no,BLOCKED,BLOCKED,blocked,BLOCKED,,0,0,0,,,,,storage-sources,/migration,BLOCKED — UNCONFIRMED CLAIM,Title states an unconfirmed claim / 307 → /migration until claim(s) storage-sources are client-confirmed
286,281-300 Migration,Metadata Migration,14,/migration/metadata-migration,200,,yes,published,yes,yes,yes,mega menu,yes,16,1,yes,PASS,PASS,developed,PASS,hero|introduction|features|benefits|workflow|cta,71,15,2,0.476,298,no,migration-map:metadata,metadata-preserved,,PASS,
287,281-300 Migration,Folder Structure Migration,10,/migration/folder-structure-migration,200,,yes,published,yes,yes,yes,no,yes,10,1,yes,PASS,PARTIAL,introduced,PASS,hero|introduction|features|benefits|workflow|cta,22,117,1,0.596,296,no,migration-map:folders,,,PARTIAL,Topic developed in the hero plus at most one section; other sections are related PDF context
288,281-300 Migration,Creative Data Migration,12,/migration/creative-data-migration,200,,yes,published,yes,yes,yes,no,yes,8,1,yes,PASS,PARTIAL,introduced,PASS,hero|introduction|features|benefits|workflow|cta,12,10,0,0.489,282,no,migration-map,,,PARTIAL,Topic developed in the hero plus at most one section; other sections are related PDF context
289,281-300 Migration,DAM Migration Strategy,14,/migration/dam-migration-strategy,200,,yes,published,yes,yes,yes,mega menu,yes,13,1,yes,PASS,PARTIAL,introduced,PARTIAL,hero|introduction|workflow|cta,28,96,1,0.822,299,duplicate,migration-map,,,PARTIAL,"Topic (manual): Missing term is a modifier (e.g. 'Powered', 'Advanced', 'DAM'); the PDF paragraph states the topic. / Topic developed in the hero plus at most one section; other sections are related PDF context / DUPLICATE of PDF 299 /migration/dam-implementation (prose overlap 0.822)"
290,281-300 Migration,Digital Asset Migration Planning,14,/migration/digital-asset-migration-planning,200,,yes,published,yes,yes,yes,no,yes,18,1,yes,PASS,PARTIAL,introduced,PASS,hero|introduction|features|benefits|workflow|cta,28,15,1,0.518,292,no,migration-map,,,PARTIAL,Topic developed in the hero plus at most one section; other sections are related PDF context
291,281-300 Migration,Bulk Import,15,/migration/bulk-import,200,,yes,published,yes,yes,yes,no,yes,12,1,yes,PASS,PASS,developed,PASS,hero|introduction|features|benefits|workflow|cta,45,78,2,0.521,292,no,migration-map:import,,,PASS,
292,281-300 Migration,Migration Without Downtime,20,/migration/migration-without-downtime,200,,yes,published,yes,yes,yes,no,yes,13,1,yes,PASS,PARTIAL,introduced,PASS,hero|introduction|features|benefits|workflow|cta,20,15,0,0.521,291,no,migration-map,migration-no-downtime,,PARTIAL,"Topic (manual): Missing term is a modifier (e.g. 'Powered', 'Advanced', 'DAM'); the PDF paragraph states the topic. / Topic developed in the hero plus at most one section; other sections are related PDF context"
293,281-300 Migration,Migration Metadata Preservation,16,/migration/migration-metadata-preservation,200,,yes,published,yes,yes,yes,no,yes,6,1,yes,PASS,PASS,developed,PARTIAL,hero|introduction|workflow|cta,71,55,2,0.817,299,duplicate,migration-map:metadata,,,PARTIAL,DUPLICATE of PDF 299 /migration/dam-implementation (prose overlap 0.817)
294,281-300 Migration,Migration Folder Mapping,15,/migration/migration-folder-mapping,200,,yes,published,yes,yes,yes,no,yes,4,1,yes,PASS,PARTIAL,introduced,PASS,hero|introduction|features|benefits|workflow|cta,27,61,1,0.442,298,no,migration-map:folders,,,PARTIAL,Topic developed in the hero plus at most one section; other sections are related PDF context
295,281-300 Migration,Migration Permission Mapping,13,/migration/migration-permission-mapping,200,,yes,framed,yes,yes,yes,no,yes,7,1,no,PARTIAL,PARTIAL,withheld,PASS,hero|introduction|features|workflow|cta,14,141,1,0.532,297,no,migration-map:permissions,permission-translation,/migration/dam-migration-strategy,PARTIAL,Topic (manual): Migration strategy hero plus permission cards convey the topic loosely; the mapping itself is not explained. / Framed: own PDF paragraph withheld (claims: permission-translation); verified context from PDF 289
296,281-300 Migration,Migration Verification,13,/migration/migration-verification,200,,yes,published,yes,yes,yes,mega menu,yes,18,1,yes,PASS,PARTIAL,introduced,PASS,hero|introduction|features|benefits|workflow|cta,26,10,1,0.678,282,near-duplicate,migration-map:verify,,,PARTIAL,Topic developed in the hero plus at most one section; other sections are related PDF context / Near-duplicate of PDF 282 /migration/creative-library-migration (prose overlap 0.678)
297,281-300 Migration,DAM Onboarding,12,/migration/dam-onboarding,200,,yes,framed,yes,yes,yes,no,yes,7,1,no,FAIL,FAIL,absent,PARTIAL,hero|introduction|workflow|cta,0,77,0,0.532,295,no,migration-map,onboarding-assistance,/migration/dam-migration-strategy,FAIL,"Topic (manual): Nothing discusses onboarding, rollout or training: hero and timeline are migration strategy (PDF 289)."
298,281-300 Migration,Creative Team Migration,11,/migration/creative-team-migration,200,,yes,published,yes,yes,yes,no,yes,7,1,yes,PASS,PASS,developed,PASS,hero|introduction|features|benefits|workflow|cta,84,15,3,0.775,300,near-duplicate,migration-map,,,PARTIAL,Near-duplicate of PDF 300 /migration/migration-support (prose overlap 0.775)
299,281-300 Migration,DAM Implementation,10,/migration/dam-implementation,200,,yes,published,yes,yes,yes,no,yes,16,2,yes,PASS,PARTIAL,introduced,PARTIAL,hero|introduction|workflow|cta,20,100,1,0.822,289,duplicate,migration-map,,,PARTIAL,"Topic (manual): Missing term is a modifier (e.g. 'Powered', 'Advanced', 'DAM'); the PDF paragraph states the topic. / Topic developed in the hero plus at most one section; other sections are related PDF context / DUPLICATE of PDF 289 /migration/dam-migration-strategy (prose overlap 0.822)"
300,281-300 Migration,GetSibu Migration Support,13,/migration/migration-support,200,,yes,published,yes,yes,yes,no,yes,7,1,yes,PASS,PARTIAL,introduced,PASS,hero|introduction|features|benefits|workflow|cta,13,15,0,0.775,298,near-duplicate,migration-map,,,PARTIAL,Topic developed in the hero plus at most one section; other sections are related PDF context / Near-duplicate of PDF 298 /migration/creative-team-migration (prose overlap 0.775)
301,301-320 Architecture and Performance,GetSibu Architecture,17,/architecture,200,,yes,published,yes,yes,yes,mega menu,no,19,0,yes,PASS,PASS,developed,PASS,hero|introduction|features|workflow|cta,54,111,2,0.333,305,no,architecture-stack,architecture-internals,,PASS,
302,301-320 Architecture and Performance,Creative Asset Infrastructure,17,/architecture/creative-asset-infrastructure,200,,yes,published,yes,yes,yes,no,yes,4,1,yes,PASS,PARTIAL,introduced,PASS,hero|introduction|features|workflow|cta,34,57,1,0.583,316,no,architecture-stack,,,PARTIAL,Topic developed in the hero plus at most one section; other sections are related PDF context
303,301-320 Architecture and Performance,Cloud-Based Asset Management,14,/architecture/cloud-based-asset-management,200,,yes,published,yes,yes,yes,no,yes,15,2,yes,PASS,PARTIAL,introduced,PASS,hero|introduction|features|workflow|cta,28,116,1,0.57,317,no,architecture-stack:clients,,,PARTIAL,Topic developed in the hero plus at most one section; other sections are related PDF context
304,301-320 Architecture and Performance,CDN Asset Delivery,13,/architecture/cdn-asset-delivery,200,,yes,published,yes,yes,yes,no,yes,20,1,yes,PASS,PARTIAL,introduced,PASS,hero|introduction|features|workflow|cta,36,111,1,0.747,306,near-duplicate,architecture-stack:edge,cdn-edge,,PARTIAL,Topic developed in the hero plus at most one section; other sections are related PDF context / Near-duplicate of PDF 306 /architecture/streaming-previews (prose overlap 0.747)
305,301-320 Architecture and Performance,Edge Caching,11,/architecture/edge-caching,200,,yes,published,yes,yes,yes,no,yes,22,1,yes,PASS,PARTIAL,introduced,PASS,hero|introduction|features|workflow|cta,22,125,2,0.516,315,no,architecture-stack:edge,cdn-edge,,PARTIAL,Topic developed in the hero plus at most one section; other sections are related PDF context
306,301-320 Architecture and Performance,Streaming Previews,12,/architecture/streaming-previews,200,,yes,published,yes,yes,yes,no,yes,17,1,yes,PASS,PARTIAL,introduced,PASS,hero|introduction|features|workflow|cta,38,95,2,0.747,304,near-duplicate,ingest-pipeline:preview,,,PARTIAL,Topic developed in the hero plus at most one section; other sections are related PDF context / Near-duplicate of PDF 304 /architecture/cdn-asset-delivery (prose overlap 0.747)
307,301-320 Architecture and Performance,Fast Creative Search,15,/architecture/fast-creative-search,200,,yes,published,yes,yes,yes,no,yes,9,1,yes,PASS,PARTIAL,introduced,PASS,hero|introduction|features|benefits|cta,15,67,0,0.343,309,no,architecture-stack:search,,,PARTIAL,Topic developed in the hero plus at most one section; other sections are related PDF context
308,301-320 Architecture and Performance,Scalable Asset Storage,11,/architecture/scalable-asset-storage,200,,yes,published,yes,yes,yes,mega menu,yes,16,1,yes,PASS,PARTIAL,introduced,PASS,hero|introduction|features|workflow|cta,22,68,1,0.463,302,no,architecture-stack:storage,,,PARTIAL,Topic developed in the hero plus at most one section; other sections are related PDF context
309,301-320 Architecture and Performance,Large Library Performance,15,/architecture/large-library-performance,200,,yes,published,yes,yes,yes,no,yes,7,1,yes,PASS,PARTIAL,introduced,PASS,hero|introduction|features|workflow|cta,15,116,0,0.498,303,no,architecture-stack,cdn-edge,,PARTIAL,Topic developed in the hero plus at most one section; other sections are related PDF context
310,301-320 Architecture and Performance,Search Performance,13,/architecture/search-performance,200,,yes,framed,yes,yes,yes,no,yes,5,1,no,PARTIAL,PARTIAL,withheld,PASS,hero|introduction|features|workflow|cta,0,64,0,0.367,20,no,architecture-stack:search,sub-second-search,/architecture/high-performance-dam,PARTIAL,Topic (manual): Search workflow and performance cards convey the topic; sub-second claim withheld. / Framed: own PDF paragraph withheld (claims: sub-second-search); verified context from PDF 320
311,301-320 Architecture and Performance,Asset Processing Performance,17,/architecture/asset-processing-performance,200,,yes,published,yes,yes,yes,no,yes,11,1,yes,PASS,PARTIAL,introduced,PASS,hero|introduction|features|workflow|cta,17,152,0,0.316,142,no,ingest-pipeline:processing,,,PARTIAL,Topic developed in the hero plus at most one section; other sections are related PDF context
312,301-320 Architecture and Performance,Large File Performance,13,/architecture/large-file-performance,200,,yes,published,yes,yes,yes,no,yes,11,1,yes,PASS,PARTIAL,introduced,PASS,hero|introduction|features|workflow|cta,25,111,1,0.355,320,no,ingest-pipeline:upload,,,PARTIAL,Topic developed in the hero plus at most one section; other sections are related PDF context
313,301-320 Architecture and Performance,Media Preview Performance,11,/architecture/media-preview-performance,200,,yes,published,yes,yes,yes,no,yes,8,1,yes,PASS,PASS,developed,PASS,hero|introduction|features|workflow|cta,67,105,3,0.291,320,no,ingest-pipeline:preview,,,PASS,
314,301-320 Architecture and Performance,Global Asset Access,10,/architecture/global-asset-access,200,,yes,published,yes,yes,yes,no,yes,12,1,yes,PASS,PARTIAL,introduced,PASS,hero|introduction|features|workflow|cta,20,37,1,0.46,320,no,architecture-stack:edge,cdn-edge,,PARTIAL,Topic developed in the hero plus at most one section; other sections are related PDF context
315,301-320 Architecture and Performance,API Scalability,14,/architecture/api-scalability,200,,yes,published,yes,yes,yes,no,yes,15,1,yes,PASS,PARTIAL,introduced,PASS,hero|introduction|features|workflow|cta,28,116,1,0.516,305,no,architecture-stack:api,architecture-internals,,PARTIAL,Topic developed in the hero plus at most one section; other sections are related PDF context
316,301-320 Architecture and Performance,Stateless API Architecture,12,/architecture/stateless-api-architecture,200,,yes,published,yes,yes,yes,mega menu,yes,7,1,yes,PASS,PARTIAL,thin,PASS,hero|introduction|features|workflow|cta,12,121,0,0.583,302,no,architecture-stack:api,architecture-internals,,PARTIAL,THIN: topic-specific content is only the 12-word PDF paragraph in the hero; every other section is neighbouring-topic context
317,301-320 Architecture and Performance,Search Infrastructure,12,/architecture/search-infrastructure,200,,yes,published,yes,yes,yes,no,yes,18,1,yes,PASS,PARTIAL,introduced,PASS,hero|introduction|features|workflow|cta,36,87,1,0.57,303,no,architecture-stack:search,architecture-internals semantic-search,,PARTIAL,Topic developed in the hero plus at most one section; other sections are related PDF context
318,301-320 Architecture and Performance,Storage Architecture,11,/architecture/storage-architecture,200,,yes,published,yes,yes,yes,no,yes,14,1,yes,PASS,PASS,developed,PASS,hero|introduction|features|workflow|cta,50,36,3,0.396,317,no,architecture-stack:storage,architecture-internals,,PASS,
319,301-320 Architecture and Performance,Observability,10,/architecture/observability,200,,yes,published,yes,yes,yes,no,yes,7,1,yes,PASS,PARTIAL,thin,PASS,hero|introduction|features|workflow|cta,10,154,0,0.524,316,no,architecture-stack,architecture-internals,,PARTIAL,THIN: topic-specific content is only the 10-word PDF paragraph in the hero; every other section is neighbouring-topic context
320,301-320 Architecture and Performance,High-Performance DAM,17,/architecture/high-performance-dam,200,,yes,published,yes,yes,yes,mega menu,yes,10,1,yes,PASS,PARTIAL,thin,PASS,hero|introduction|features|workflow|cta,17,68,0,0.465,302,no,architecture-stack,,,PARTIAL,"Topic (manual): Missing term is a modifier (e.g. 'Powered', 'Advanced', 'DAM'); the PDF paragraph states the topic. / THIN: topic-specific content is only the 17-word PDF paragraph in the hero; every other section is neighbouring-topic context"
321,321-340 Security and Compliance,GetSibu Security,17,/security,200,,yes,published,yes,yes,yes,mega menu,yes,12,1,yes,PASS,PASS,developed,PASS,hero|introduction|features|workflow|cta,71,77,2,0.221,323,no,control-map,multi-tenant,,PASS,
322,321-340 Security and Compliance,AES-256 Encryption,13,/security/aes-256-encryption,307,/security,held (not routed),held,no,no,no,no,no,0,0,no,BLOCKED,BLOCKED,blocked,BLOCKED,,0,0,0,,,,,aes-256,/security,BLOCKED — UNCONFIRMED CLAIM,Title states an unconfirmed claim / 307 → /security until claim(s) aes-256 are client-confirmed
323,321-340 Security and Compliance,Secret Encryption,14,/security/secret-encryption,200,,yes,published,yes,yes,yes,mega menu,yes,9,1,yes,PASS,PARTIAL,introduced,PARTIAL,hero|introduction|features|cta,28,47,1,0.326,339,no,control-map:encryption,encrypted-secrets,,PARTIAL,Topic developed in the hero plus at most one section; other sections are related PDF context
324,321-340 Security and Compliance,Tenant Isolation,16,/security/tenant-isolation,200,,yes,published,yes,yes,yes,mega menu,yes,28,1,yes,PASS,PARTIAL,introduced,PASS,hero|introduction|features|faq|cta,40,85,1,0.317,164,no,control-map:tenant,multi-tenant,,PARTIAL,Topic developed in the hero plus at most one section; other sections are related PDF context
325,321-340 Security and Compliance,RBAC Security,13,/security/rbac-security,200,,yes,published,yes,yes,yes,no,yes,15,1,yes,PASS,PARTIAL,introduced,PARTIAL,hero|introduction|features|cta,26,42,1,0.535,337,no,control-map:access,,,PARTIAL,Topic developed in the hero plus at most one section; other sections are related PDF context
326,321-340 Security and Compliance,Audit Logs,18,/security/audit-logs,200,,yes,published,yes,yes,yes,no,yes,10,1,yes,PASS,PARTIAL,introduced,PARTIAL,hero|introduction|features|cta,18,34,0,0.316,117,no,control-map:audit,,,PARTIAL,Topic developed in the hero plus at most one section; other sections are related PDF context
327,321-340 Security and Compliance,Immutable Audit History,12,/security/immutable-audit-history,307,/features/asset-audit-trail,held (not routed),held,no,no,no,no,no,0,0,no,BLOCKED,BLOCKED,blocked,BLOCKED,,0,0,0,,,,,immutable-audit,/features/asset-audit-trail,BLOCKED — UNCONFIRMED CLAIM,Title states an unconfirmed claim / 307 → /features/asset-audit-trail until claim(s) immutable-audit are client-confirmed
328,321-340 Security and Compliance,GDPR Support,14,/security/gdpr-support,307,/security,held (not routed),held,no,no,no,no,no,0,0,no,BLOCKED,BLOCKED,blocked,BLOCKED,,0,0,0,,,,,gdpr,/security,BLOCKED — UNCONFIRMED CLAIM,Title states an unconfirmed claim / 307 → /security until claim(s) gdpr are client-confirmed
329,321-340 Security and Compliance,Data Processing Agreement,11,/security/data-processing-agreement,307,/security,held (not routed),held,no,no,no,no,no,0,0,no,BLOCKED,BLOCKED,blocked,BLOCKED,,0,0,0,,,,,dpa,/security,BLOCKED — UNCONFIRMED CLAIM,Title states an unconfirmed claim / 307 → /security until claim(s) dpa are client-confirmed
330,321-340 Security and Compliance,SOC 2 Readiness,20,/security/soc-2-readiness,307,/security,held (not routed),held,no,no,no,no,no,0,0,no,BLOCKED,BLOCKED,blocked,BLOCKED,,0,0,0,,,,,soc2 multi-tenant,/security,BLOCKED — UNCONFIRMED CLAIM,"Title states an unconfirmed claim / 307 → /security until claim(s) soc2, multi-tenant are client-confirmed"
331,321-340 Security and Compliance,Backup Redundancy,11,/security/backup-redundancy,307,/security,held (not routed),held,no,no,no,no,no,0,0,no,BLOCKED,BLOCKED,blocked,BLOCKED,,0,0,0,,,,,backups-pitr,/security,BLOCKED — UNCONFIRMED CLAIM,Title states an unconfirmed claim / 307 → /security until claim(s) backups-pitr are client-confirmed
332,321-340 Security and Compliance,Point-in-Time Restore,12,/security/point-in-time-restore,307,/security,held (not routed),held,no,no,no,no,no,0,0,no,BLOCKED,BLOCKED,blocked,BLOCKED,,0,0,0,,,,,backups-pitr,/security,BLOCKED — UNCONFIRMED CLAIM,Title states an unconfirmed claim / 307 → /security until claim(s) backups-pitr are client-confirmed
333,321-340 Security and Compliance,Cross-Region Replication,9,/security/cross-region-replication,307,/security,held (not routed),held,no,no,no,no,no,0,0,no,BLOCKED,BLOCKED,blocked,BLOCKED,,0,0,0,,,,,cross-region-replication,/security,BLOCKED — UNCONFIRMED CLAIM,Title states an unconfirmed claim / 307 → /security until claim(s) cross-region-replication are client-confirmed
334,321-340 Security and Compliance,SSO,8,/security/sso,307,/security,held (not routed),held,no,no,no,no,no,0,0,no,BLOCKED,BLOCKED,blocked,BLOCKED,,0,0,0,,,,,sso-scim,/security,BLOCKED — UNCONFIRMED CLAIM,Title states an unconfirmed claim / 307 → /security until claim(s) sso-scim are client-confirmed
335,321-340 Security and Compliance,SCIM,11,/security/scim,307,/security,held (not routed),held,no,no,no,no,no,0,0,no,BLOCKED,BLOCKED,blocked,BLOCKED,,0,0,0,,,,,sso-scim,/security,BLOCKED — UNCONFIRMED CLAIM,Title states an unconfirmed claim / 307 → /security until claim(s) sso-scim are client-confirmed
336,321-340 Security and Compliance,MFA,8,/security/mfa,200,,yes,published,yes,yes,yes,no,yes,8,1,yes,PASS,PARTIAL,introduced,PARTIAL,hero|introduction|features|cta,16,57,1,0.514,337,no,control-map:authentication,mfa,,PARTIAL,Topic developed in the hero plus at most one section; other sections are related PDF context
337,321-340 Security and Compliance,Default-Deny Security,14,/security/default-deny-security,200,,yes,published,yes,yes,yes,mega menu,yes,13,1,yes,PASS,PARTIAL,thin,PARTIAL,hero|introduction|features|cta,14,74,0,0.535,325,no,control-map:access,default-deny,,PARTIAL,THIN: topic-specific content is only the 14-word PDF paragraph in the hero; every other section is neighbouring-topic context
338,321-340 Security and Compliance,Enterprise Asset Security,11,/security/enterprise-asset-security,200,,yes,published,yes,yes,yes,no,yes,8,1,yes,PASS,PARTIAL,introduced,PARTIAL,hero|introduction|features|cta,11,35,0,0.207,323,no,control-map,,,PARTIAL,Topic developed in the hero plus at most one section; other sections are related PDF context
339,321-340 Security and Compliance,Creative Data Governance,11,/security/creative-data-governance,200,,yes,published,yes,yes,yes,no,yes,6,1,yes,PASS,PARTIAL,introduced,PASS,hero|introduction|features|workflow|cta,11,140,0,0.339,337,no,control-map,,,PARTIAL,Topic developed in the hero plus at most one section; other sections are related PDF context
340,321-340 Security and Compliance,Secure Digital Asset Management,15,/security/secure-digital-asset-management,200,,yes,published,yes,yes,yes,no,yes,5,1,yes,PASS,PARTIAL,introduced,PARTIAL,hero|introduction|features|cta,32,0,1,0.491,325,no,control-map,,,PARTIAL,Topic developed in the hero plus at most one section; other sections are related PDF context
341,"341-360 Pricing, Plans and Business Value",GetSibu Pricing,28,/pricing,200,,yes,framed,yes,yes,yes,mega menu,no,3,0,no,PARTIAL,PARTIAL,withheld,PARTIAL,hero|introduction|features|cta,0,147,0,0.198,347,no,(none),pricing-tiers,/pricing/creative-team-pricing,PARTIAL,Topic (manual): Plan choice by library size (PDF 345) and cost considerations; no plans or prices (unconfirmed). / Framed: own PDF paragraph withheld (claims: pricing-tiers); verified context from PDF 345 / Hero has no visual
342,"341-360 Pricing, Plans and Business Value",Free Plan,26,/pricing/free-plan,307,/pricing/creative-team-pricing,held (not routed),held,no,no,no,no,no,0,0,no,BLOCKED,BLOCKED,blocked,BLOCKED,,0,0,0,,,,,pricing-tiers free-plan-limits,/pricing/creative-team-pricing,BLOCKED — UNCONFIRMED CLAIM,"Title states an unconfirmed claim / 307 → /pricing/creative-team-pricing until claim(s) pricing-tiers, free-plan-limits are client-confirmed"
343,"341-360 Pricing, Plans and Business Value",Pro Plan,22,/pricing/pro-plan,307,/pricing/creative-team-pricing,held (not routed),held,no,no,no,no,no,0,0,no,BLOCKED,BLOCKED,blocked,BLOCKED,,0,0,0,,,,,storage-sources pricing-tiers pro-plan-contents,/pricing/creative-team-pricing,BLOCKED — UNCONFIRMED CLAIM,"Title states an unconfirmed claim / 307 → /pricing/creative-team-pricing until claim(s) storage-sources, pricing-tiers, pro-plan-contents are client-confirmed"
344,"341-360 Pricing, Plans and Business Value",Business Plan,22,/pricing/business-plan,307,/pricing/creative-team-pricing,held (not routed),held,no,no,no,no,no,0,0,no,BLOCKED,BLOCKED,blocked,BLOCKED,,0,0,0,,,,,sso-scim pricing-tiers business-plan-contents,/pricing/creative-team-pricing,BLOCKED — UNCONFIRMED CLAIM,"Title states an unconfirmed claim / 307 → /pricing/creative-team-pricing until claim(s) sso-scim, pricing-tiers, business-plan-contents are client-confirmed"
345,"341-360 Pricing, Plans and Business Value",Creative Team Pricing,16,/pricing/creative-team-pricing,200,,yes,published,yes,yes,yes,no,yes,2,1,yes,PASS,PARTIAL,thin,PASS,hero|introduction|features|benefits|cta,16,46,0,0.462,348,no,(none),,,PARTIAL,THIN: topic-specific content is only the 16-word PDF paragraph in the hero; every other section is neighbouring-topic context / Hero has no visual
346,"341-360 Pricing, Plans and Business Value",DAM Pricing for Agencies,16,/pricing/dam-pricing-for-agencies,200,,yes,published,yes,yes,yes,no,yes,5,1,yes,PASS,PARTIAL,thin,PASS,hero|introduction|features|benefits|cta,16,48,0,0.427,345,no,(none),multi-tenant,,PARTIAL,THIN: topic-specific content is only the 16-word PDF paragraph in the hero; every other section is neighbouring-topic context / Hero has no visual
347,"341-360 Pricing, Plans and Business Value",Enterprise Asset Management Cost,16,/pricing/enterprise-asset-management-cost,200,,yes,published,yes,yes,yes,no,yes,7,1,yes,PASS,PARTIAL,thin,PASS,hero|introduction|features|benefits|cta,16,50,0,0.457,349,no,(none),,,PARTIAL,"Topic (manual): Missing term is a modifier (e.g. 'Powered', 'Advanced', 'DAM'); the PDF paragraph states the topic. / THIN: topic-specific content is only the 16-word PDF paragraph in the hero; every other section is neighbouring-topic context / Hero has no visual"
348,"341-360 Pricing, Plans and Business Value",Creative Workflow ROI,17,/business-value/creative-workflow-roi,200,,yes,published,yes,yes,yes,no,yes,6,2,yes,PASS,PARTIAL,introduced,PASS,hero|introduction|features|benefits|cta,17,35,0,0.462,345,no,(none),,,PARTIAL,"Topic (manual): Missing term is a modifier (e.g. 'Powered', 'Advanced', 'DAM'); the PDF paragraph states the topic. / Topic developed in the hero plus at most one section; other sections are related PDF context / Hero has no visual"
349,"341-360 Pricing, Plans and Business Value",Asset Discovery ROI,17,/business-value/asset-discovery-roi,200,,yes,published,yes,yes,yes,mega menu,yes,9,2,yes,PASS,PARTIAL,thin,PASS,hero|introduction|features|benefits|cta,17,17,0,0.457,347,no,library-activity:storage,,,PARTIAL,THIN: topic-specific content is only the 17-word PDF paragraph in the hero; every other section is neighbouring-topic context
350,"341-360 Pricing, Plans and Business Value",Duplicate Reduction,15,/business-value/duplicate-reduction,200,,yes,published,yes,yes,yes,no,yes,9,2,yes,PASS,PARTIAL,introduced,PASS,hero|introduction|features|benefits|workflow|cta,15,115,0,0.487,40,no,(none),duplicate-detection,,PARTIAL,Topic developed in the hero plus at most one section; other sections are related PDF context / Hero has no visual
351,"341-360 Pricing, Plans and Business Value",Creative Productivity,16,/business-value/creative-productivity,200,,yes,published,yes,yes,yes,mega menu,yes,8,1,yes,PASS,PARTIAL,thin,PASS,hero|introduction|features|workflow|cta,16,72,0,0.292,357,no,library-activity:storage,,,PARTIAL,THIN: topic-specific content is only the 16-word PDF paragraph in the hero; every other section is neighbouring-topic context
352,"341-360 Pricing, Plans and Business Value",Marketing Productivity,16,/business-value/marketing-productivity,200,,yes,published,yes,yes,yes,no,yes,5,1,yes,PASS,PARTIAL,thin,PASS,hero|introduction|features|benefits|cta,16,54,0,0.765,356,near-duplicate,(none),,,PARTIAL,THIN: topic-specific content is only the 16-word PDF paragraph in the hero; every other section is neighbouring-topic context / Hero has no visual / Near-duplicate of PDF 356 /business-value/asset-management-efficiency (prose overlap 0.765)
353,"341-360 Pricing, Plans and Business Value",Production Productivity,17,/business-value/production-productivity,200,,yes,published,yes,yes,yes,no,yes,7,1,yes,PASS,PARTIAL,thin,PASS,hero|introduction|features|benefits|cta,17,16,0,0.476,355,no,library-activity:storage,,,PARTIAL,THIN: topic-specific content is only the 17-word PDF paragraph in the hero; every other section is neighbouring-topic context
354,"341-360 Pricing, Plans and Business Value",Agency Efficiency,16,/business-value/agency-efficiency,200,,yes,published,yes,yes,yes,no,yes,11,1,yes,PASS,PARTIAL,introduced,PASS,hero|introduction|features|benefits|use-case|cta,16,46,0,0.585,352,no,(none),,,PARTIAL,"Topic (manual): Missing term is a modifier (e.g. 'Powered', 'Advanced', 'DAM'); the PDF paragraph states the topic. / Topic developed in the hero plus at most one section; other sections are related PDF context / Hero has no visual"
355,"341-360 Pricing, Plans and Business Value",Creative Operations Efficiency,12,/business-value/creative-operations-efficiency,200,,yes,published,yes,yes,yes,no,yes,7,2,yes,PASS,PARTIAL,thin,PASS,hero|introduction|features|benefits|cta,12,17,0,0.476,353,no,library-activity:storage,,,PARTIAL,THIN: topic-specific content is only the 12-word PDF paragraph in the hero; every other section is neighbouring-topic context
356,"341-360 Pricing, Plans and Business Value",Asset Management Efficiency,12,/business-value/asset-management-efficiency,200,,yes,published,yes,yes,yes,no,yes,7,1,yes,PASS,PARTIAL,thin,PASS,hero|introduction|features|benefits|cta,12,42,0,0.765,352,near-duplicate,(none),,,PARTIAL,THIN: topic-specific content is only the 12-word PDF paragraph in the hero; every other section is neighbouring-topic context / Hero has no visual / Near-duplicate of PDF 352 /business-value/marketing-productivity (prose overlap 0.765)
357,"341-360 Pricing, Plans and Business Value",Storage Efficiency,16,/business-value/storage-efficiency,200,,yes,published,yes,yes,yes,no,yes,10,1,yes,PASS,PARTIAL,thin,PASS,hero|introduction|features|workflow|cta,16,77,0,0.292,351,no,library-activity:storage,duplicate-detection,,PARTIAL,THIN: topic-specific content is only the 16-word PDF paragraph in the hero; every other section is neighbouring-topic context
358,"341-360 Pricing, Plans and Business Value",Collaboration Efficiency,15,/business-value/collaboration-efficiency,200,,yes,published,yes,yes,yes,no,yes,6,1,yes,PASS,PARTIAL,introduced,PASS,hero|introduction|features|benefits|workflow|cta,30,56,1,0.362,356,no,(none),,,PARTIAL,Topic developed in the hero plus at most one section; other sections are related PDF context / Hero has no visual
359,"341-360 Pricing, Plans and Business Value",DAM Business Case,19,/business-value/dam-business-case,200,,yes,published,yes,yes,yes,mega menu,yes,6,2,yes,PASS,PARTIAL,thin,PASS,hero|introduction|features|benefits|cta,19,17,0,0.456,349,no,library-activity:storage,,,PARTIAL,"Topic (manual): Missing term is a modifier (e.g. 'Powered', 'Advanced', 'DAM'); the PDF paragraph states the topic. / THIN: topic-specific content is only the 19-word PDF paragraph in the hero; every other section is neighbouring-topic context"
360,"341-360 Pricing, Plans and Business Value",Why Invest in GetSibu,19,/business-value/why-invest-in-getsibu,200,,yes,published,yes,yes,yes,no,yes,11,3,yes,PASS,PARTIAL,thin,PASS,hero|introduction|features|faq|cta,19,217,0,0.65,7,near-duplicate,library-activity:storage,,,PARTIAL,Topic (manual): Value summary plus DAM business case: the reason-to-invest topic is clear. / THIN: topic-specific content is only the 19-word PDF paragraph in the hero; every other section is neighbouring-topic context / Near-duplicate of PDF 7 /platform/modern-digital-asset-management (prose overlap 0.65)
361,361-380 Resources and Education,What Is Digital Asset Management?,27,/resources/what-is-digital-asset-management,200,,yes,published,yes,yes,yes,mega menu,yes,6,2,yes,PASS,PASS,developed,PASS,hero|introduction|features|benefits|cta,61,30,2,0.264,370,no,(none),ai-tagging semantic-search,,PASS,Hero has no visual
362,361-380 Resources and Education,What Is AI Asset Management?,20,/resources/what-is-ai-asset-management,200,,yes,published,yes,yes,yes,mega menu,yes,11,2,yes,PASS,PASS,developed,PASS,hero|introduction|features|benefits|cta,48,14,2,0.283,370,no,ai-review:tags,,,PASS,
363,361-380 Resources and Education,What Is Semantic Search?,18,/resources/what-is-semantic-search,200,,yes,published,yes,yes,yes,mega menu,yes,7,2,yes,PASS,PARTIAL,introduced,PASS,hero|introduction|features|benefits|cta,18,16,1,0.277,18,no,(none),semantic-search,,PARTIAL,Topic developed in the hero plus at most one section; other sections are related PDF context / Hero has no visual
364,361-380 Resources and Education,What Is AI Tagging?,14,/resources/what-is-ai-tagging,200,,yes,published,yes,yes,yes,no,yes,10,1,yes,PASS,PARTIAL,introduced,PASS,hero|introduction|features|workflow|faq|cta,30,36,2,0.549,47,no,ai-review:tags,,,PARTIAL,Topic developed in the hero plus at most one section; other sections are related PDF context
365,361-380 Resources and Education,What Is Scene Detection?,18,/resources/what-is-scene-detection,307,/resources/what-is-ai-asset-management,held (not routed),held,no,no,no,no,no,0,0,no,BLOCKED,BLOCKED,blocked,BLOCKED,,0,0,0,,,,,scene-detection,/resources/what-is-ai-asset-management,BLOCKED — UNCONFIRMED CLAIM,Title states an unconfirmed claim / 307 → /resources/what-is-ai-asset-management until claim(s) scene-detection are client-confirmed
366,361-380 Resources and Education,What Is OCR in DAM?,11,/resources/what-is-ocr-in-dam,200,,yes,published,yes,yes,yes,no,yes,7,1,yes,PASS,PARTIAL,introduced,PASS,hero|introduction|features|workflow|faq|cta,11,54,1,0.414,378,no,ai-review:tags,ocr,,PARTIAL,Topic developed in the hero plus at most one section; other sections are related PDF context
367,361-380 Resources and Education,What Is Face Grouping?,13,/resources/what-is-face-grouping,307,/resources/what-is-ai-asset-management,held (not routed),held,no,no,no,no,no,0,0,no,BLOCKED,BLOCKED,blocked,BLOCKED,,0,0,0,,,,,face-grouping,/resources/what-is-ai-asset-management,BLOCKED — UNCONFIRMED CLAIM,Title states an unconfirmed claim / 307 → /resources/what-is-ai-asset-management until claim(s) face-grouping are client-confirmed
368,361-380 Resources and Education,What Is Duplicate Detection?,16,/resources/what-is-duplicate-detection,200,,yes,published,yes,yes,yes,no,yes,7,1,yes,PASS,PASS,developed,PASS,hero|introduction|features|benefits|cta,48,0,3,0.167,40,no,ai-review:tags,duplicate-detection,,PASS,
369,361-380 Resources and Education,What Is Asset Versioning?,20,/resources/what-is-asset-versioning,200,,yes,published,yes,yes,yes,no,yes,5,1,yes,PASS,PASS,developed,PASS,hero|introduction|features|workflow|faq|cta,83,55,3,0.309,386,no,(none),,,PASS,Hero has no visual
370,361-380 Resources and Education,What Is Creative Approval?,18,/resources/what-is-creative-approval,200,,yes,published,yes,yes,yes,no,yes,5,1,yes,PASS,PARTIAL,introduced,PASS,hero|introduction|features|benefits|cta,35,14,2,0.283,362,no,version-record:versions,,,PARTIAL,Topic developed in the hero plus at most one section; other sections are related PDF context
371,361-380 Resources and Education,What Is Creative Governance?,12,/resources/what-is-creative-governance,200,,yes,published,yes,yes,yes,no,yes,7,1,yes,PASS,PARTIAL,introduced,PASS,hero|introduction|features|workflow|cta,12,113,1,0.387,174,no,(none),,,PARTIAL,Topic developed in the hero plus at most one section; other sections are related PDF context / Hero has no visual
372,361-380 Resources and Education,What Is Multi-Tenant DAM?,12,/resources/what-is-multi-tenant-dam,200,,yes,published,yes,yes,yes,no,yes,5,1,yes,PASS,PARTIAL,introduced,PASS,hero|introduction|features|faq|cta,38,72,3,0.529,164,no,version-record:versions,multi-tenant,,PARTIAL,Topic developed in the hero plus at most one section; other sections are related PDF context
373,361-380 Resources and Education,What Is a Creative Library?,16,/resources/what-is-a-creative-library,200,,yes,published,yes,yes,yes,no,yes,10,1,yes,PASS,PARTIAL,introduced,PASS,hero|introduction|features|workflow|cta,36,92,2,0.514,378,no,(none),,,PARTIAL,Topic developed in the hero plus at most one section; other sections are related PDF context / Hero has no visual
374,361-380 Resources and Education,What Is Asset Metadata?,16,/resources/what-is-asset-metadata,200,,yes,published,yes,yes,yes,no,yes,5,2,yes,PASS,PARTIAL,introduced,PARTIAL,hero|introduction|features|cta,34,0,2,0.255,132,no,search-signals:metadata,,,PARTIAL,Topic developed in the hero plus at most one section; other sections are related PDF context
375,361-380 Resources and Education,What Is Asset Taxonomy?,17,/resources/what-is-asset-taxonomy,200,,yes,published,yes,yes,yes,no,yes,11,1,yes,PASS,PARTIAL,introduced,PASS,hero|introduction|features|workflow|cta,29,103,2,0.351,235,no,media-library,,,PARTIAL,Topic developed in the hero plus at most one section; other sections are related PDF context
376,361-380 Resources and Education,What Is a DAM Migration?,17,/resources/what-is-a-dam-migration,200,,yes,published,yes,yes,yes,no,yes,10,2,yes,PASS,PARTIAL,introduced,PASS,hero|introduction|features|benefits|cta,17,0,1,0.3,288,no,migration-map,,,PARTIAL,Topic developed in the hero plus at most one section; other sections are related PDF context
377,361-380 Resources and Education,How AI Changes DAM,23,/resources/how-ai-changes-dam,200,,yes,published,yes,yes,yes,no,yes,11,1,yes,PASS,PARTIAL,introduced,PASS,hero|introduction|features|workflow|cta,46,147,1,0.304,378,no,(none),,,PARTIAL,Topic developed in the hero plus at most one section; other sections are related PDF context / Hero has no visual
378,361-380 Resources and Education,Future of Digital Asset Management,19,/resources/future-of-digital-asset-management,200,,yes,published,yes,yes,yes,no,yes,6,1,yes,PASS,PARTIAL,introduced,PASS,hero|introduction|features|workflow|cta,19,75,2,0.514,373,no,library-search,,,PARTIAL,Topic developed in the hero plus at most one section; other sections are related PDF context
379,361-380 Resources and Education,Future of Creative Collaboration,15,/resources/future-of-creative-collaboration,200,,yes,published,yes,yes,yes,no,yes,11,1,yes,PASS,PARTIAL,introduced,PASS,hero|introduction|features|workflow|cta,30,74,1,0.306,378,no,(none),,,PARTIAL,Topic developed in the hero plus at most one section; other sections are related PDF context / Hero has no visual
380,361-380 Resources and Education,Future of AI-Powered Creative Libraries,20,/resources/future-of-ai-powered-creative-libraries,200,,yes,published,yes,yes,yes,no,yes,9,1,yes,PASS,PARTIAL,introduced,PASS,hero|introduction|features|workflow|cta,20,79,2,0.431,378,no,library-search,,,PARTIAL,Topic developed in the hero plus at most one section; other sections are related PDF context
381,381-390 FAQ Pages,What Is GetSibu?,20,/faq/what-is-getsibu,200,,yes,published,yes,yes,yes,mega menu,yes,7,2,yes,PASS,PARTIAL,introduced,PASS,hero|introduction|features|faq|cta,20,0,1,0.498,120,no,(none),,,PARTIAL,Topic (manual): Short answer defines GetSibu. / Topic developed in the hero plus at most one section; other sections are related PDF context / Hero has no visual
382,381-390 FAQ Pages,Who Is GetSibu For?,20,/faq/who-is-getsibu-for,200,,yes,published,yes,yes,yes,mega menu,yes,9,2,yes,PASS,PARTIAL,introduced,PASS,hero|introduction|features|benefits|faq|cta,20,64,1,0.249,383,no,library-search,,,PARTIAL,Topic (manual): Short answer lists who GetSibu is for. / Topic developed in the hero plus at most one section; other sections are related PDF context
383,381-390 FAQ Pages,Does GetSibu Support AI Tagging?,16,/faq/does-getsibu-support-ai-tagging,200,,yes,published,yes,yes,yes,no,yes,11,1,yes,PASS,PARTIAL,introduced,PASS,hero|introduction|features|workflow|faq|cta,30,109,2,0.321,47,no,(none),ai-tagging,,PARTIAL,Topic developed in the hero plus at most one section; other sections are related PDF context / Hero has no visual
384,381-390 FAQ Pages,Can GetSibu Search Inside Documents?,14,/faq/can-getsibu-search-inside-documents,200,,yes,published,yes,yes,yes,no,yes,9,1,yes,PASS,PARTIAL,introduced,PASS,hero|introduction|features|benefits|faq|cta,14,67,1,0.264,363,no,search-signals:ocr,ocr,,PARTIAL,Topic developed in the hero plus at most one section; other sections are related PDF context
385,381-390 FAQ Pages,Does GetSibu Support Video Comments?,12,/faq/does-getsibu-support-video-comments,200,,yes,published,yes,yes,yes,no,yes,8,1,yes,PASS,PARTIAL,introduced,PASS,hero|introduction|features|workflow|faq|cta,23,126,2,0.35,64,no,(none),timeline-comments,,PARTIAL,Topic developed in the hero plus at most one section; other sections are related PDF context / Hero has no visual
386,381-390 FAQ Pages,Does GetSibu Support Versioning?,14,/faq/does-getsibu-support-versioning,200,,yes,published,yes,yes,yes,no,yes,14,1,yes,PASS,PARTIAL,introduced,PASS,hero|introduction|features|workflow|faq|cta,14,13,1,0.309,369,no,version-record:versions,,,PARTIAL,Topic developed in the hero plus at most one section; other sections are related PDF context
387,381-390 FAQ Pages,Does GetSibu Support Multiple Clients?,16,/faq/does-getsibu-support-multiple-clients,200,,yes,published,yes,yes,yes,no,yes,19,1,yes,PASS,PASS,developed,PASS,hero|introduction|features|use-case|faq|cta,67,98,3,0.337,372,no,(none),multi-tenant,,PASS,Hero has no visual
388,381-390 FAQ Pages,Does GetSibu Have an API?,17,/faq/does-getsibu-have-an-api,200,,yes,published,yes,yes,yes,mega menu,yes,10,2,yes,PASS,PARTIAL,introduced,PASS,hero|introduction|features|workflow|faq|cta,17,30,1,0.194,273,no,api-flow,rest-api-first,,PARTIAL,Topic developed in the hero plus at most one section; other sections are related PDF context
389,381-390 FAQ Pages,Does GetSibu Support SSO?,14,/faq/does-getsibu-support-sso,307,/security,held (not routed),held,no,no,no,no,no,0,0,no,BLOCKED,BLOCKED,blocked,BLOCKED,,0,0,0,,,,,sso-scim pricing-tiers,/security,BLOCKED — UNCONFIRMED CLAIM,"Title states an unconfirmed claim / 307 → /security until claim(s) sso-scim, pricing-tiers are client-confirmed"
390,381-390 FAQ Pages,Can GetSibu Integrate With Existing Tools?,26,/faq/can-getsibu-integrate-with-existing-tools,200,,yes,framed,yes,yes,yes,no,yes,1,1,first sentence,PARTIAL,PARTIAL,withheld,PASS,hero|introduction|features|workflow|faq|cta,85,102,1,0.398,260,no,connector-flow,storage-sources slack zapier frame-io figma adobe-premiere-after-effects,/integrations,PARTIAL,"Topic (manual): Short answer built from verified pages (241, 121, 255, 260, 281); the PDF's named-tool list is withheld. / Framed: own PDF paragraph withheld (claims: storage-sources, slack, zapier, frame-io, figma, adobe-premiere-after-effects); verified context from PDF 241"
391,391-400 Final Conversion Pages,Start Your Creative Library,33,/get-started,200,,yes,published,yes,yes,yes,footer,yes,27,2,yes,PASS,PARTIAL,thin,PASS,hero|introduction|features|benefits|workflow|cta,33,210,0,0.299,397,no,ingest-pipeline:sources,,,PARTIAL,THIN: topic-specific content is only the 33-word PDF paragraph in the hero; every other section is neighbouring-topic context
392,391-400 Final Conversion Pages,Bring Your Creative Assets Together,30,/get-started/bring-your-creative-assets-together,200,,yes,published,yes,yes,yes,no,yes,40,5,yes,PASS,PARTIAL,introduced,PASS,hero|introduction|features|workflow|cta,30,220,0,0.554,395,no,media-library,,,PARTIAL,Topic developed in the hero plus at most one section; other sections are related PDF context
393,391-400 Final Conversion Pages,Stop Searching Through Folders,33,/get-started/stop-searching-through-folders,200,,yes,published,yes,yes,yes,no,yes,20,2,yes,PASS,PARTIAL,introduced,PASS,hero|introduction|features|benefits|workflow|cta,33,140,0,0.479,394,no,search-signals:semantic,,,PARTIAL,"Topic (manual): Missing term is a modifier (e.g. 'Powered', 'Advanced', 'DAM'); the PDF paragraph states the topic. / Topic developed in the hero plus at most one section; other sections are related PDF context"
394,391-400 Final Conversion Pages,Make Every Asset Discoverable,24,/get-started/make-every-asset-discoverable,200,,yes,published,yes,yes,yes,no,yes,17,2,yes,PASS,PARTIAL,introduced,PASS,hero|introduction|features|benefits|workflow|cta,24,164,0,0.479,393,no,library-search,,,PARTIAL,Topic developed in the hero plus at most one section; other sections are related PDF context
395,391-400 Final Conversion Pages,Give Your Creative Team One Source of Truth,29,/get-started/give-your-creative-team-one-source-of-truth,200,,yes,published,yes,yes,yes,no,yes,75,5,yes,PASS,PARTIAL,thin,PASS,hero|introduction|features|benefits|workflow|cta,29,201,0,0.629,397,near-duplicate,folder-access:team,,,PARTIAL,"Topic (manual): Shared library, same approved content, permissions: one source of truth is clear. / THIN: topic-specific content is only the 29-word PDF paragraph in the hero; every other section is neighbouring-topic context / Near-duplicate of PDF 397 /get-started/scale-your-creative-library (prose overlap 0.629)"
396,391-400 Final Conversion Pages,Build a Smarter Creative Workflow,29,/get-started/build-a-smarter-creative-workflow,200,,yes,published,yes,yes,yes,no,yes,68,4,yes,PASS,PARTIAL,thin,PASS,hero|introduction|features|workflow|cta,29,203,0,0.372,10,no,timeline-review:status,,,PARTIAL,THIN: topic-specific content is only the 29-word PDF paragraph in the hero; every other section is neighbouring-topic context
397,391-400 Final Conversion Pages,Scale Your Creative Library,31,/get-started/scale-your-creative-library,200,,yes,published,yes,yes,yes,no,yes,54,3,yes,PASS,PARTIAL,thin,PASS,hero|introduction|features|benefits|workflow|cta,31,201,0,0.629,395,near-duplicate,library-activity:storage,,,PARTIAL,Topic (manual): Growing libraries and the capabilities to support them: scaling is clear. / THIN: topic-specific content is only the 31-word PDF paragraph in the hero; every other section is neighbouring-topic context / Near-duplicate of PDF 395 /get-started/give-your-creative-team-one-source-of-truth (prose overlap 0.629)
398,391-400 Final Conversion Pages,Turn Your Asset Library Into Intelligence,34,/get-started/turn-your-asset-library-into-intelligence,200,,yes,framed,yes,yes,yes,no,yes,28,2,no,PARTIAL,PARTIAL,withheld,PARTIAL,hero|introduction|features|cta,0,39,0,0.217,58,no,ai-review:tags,scene-detection face-grouping ocr semantic-search,/features/ai-media-understanding,PARTIAL,"Topic (manual): AI understanding, OCR and analytics convey 'library intelligence'; face grouping and scene detection withheld. / Framed: own PDF paragraph withheld (claims: scene-detection, face-grouping, ocr, semantic-search); verified context from PDF 43"
399,391-400 Final Conversion Pages,Bring Order to Creative Chaos,33,/get-started/bring-order-to-creative-chaos,200,,yes,published,yes,yes,yes,no,yes,32,3,yes,PASS,PARTIAL,thin,PASS,hero|introduction|features|workflow|cta,33,133,0,0.083,36,no,version-record:files,,,PARTIAL,THIN: topic-specific content is only the 33-word PDF paragraph in the hero; every other section is neighbouring-topic context
400,391-400 Final Conversion Pages,The Future of Creative Asset Management,50,/get-started/future-of-creative-asset-management,200,,yes,published,yes,yes,yes,no,yes,4,1,yes,PASS,PARTIAL,introduced,PASS,hero|introduction|features|benefits|workflow|cta,69,101,1,0.283,378,no,library-search,,,PARTIAL,Topic developed in the hero plus at most one section; other sections are related PDF context
