TopicNumber,Topic,URL,Publication,Category,HeroImage,HeroFilename,HeroAltText,SectionImageCount,SectionImagePaths,Uniqueness,Format,QAStatus
1,"GetSibu — Creative Asset Management Platform","/",published,home,"/images/topics/getsibu-creative-asset-management-platform/getsibu-creative-asset-management-platform-hero.webp","getsibu-creative-asset-management-platform-hero.webp","Illustrative photograph of a creative team working with a shared media library",2,"/images/topics/getsibu-creative-asset-management-platform/getsibu-creative-asset-management-platform-a-creative-library-that-unders.webp; /images/topics/getsibu-creative-asset-management-platform/getsibu-creative-asset-management-platform-six-ideas-behind-a-library-tea.webp",verified-unique,webp,passed
2,"The Operating System for Creative Libraries","/platform",published,platform,"/images/topics/the-operating-system-for-creative-libraries/the-operating-system-for-creative-libraries-hero.webp","the-operating-system-for-creative-libraries-hero.webp","Illustrative photograph of a creative studio working across video, images and documents",2,"/images/topics/the-operating-system-for-creative-libraries/the-operating-system-for-creative-libraries-seven-library-jobs-running-on-.webp; /images/topics/the-operating-system-for-creative-libraries/the-operating-system-for-creative-libraries-one-product-shoot-followed-thr.webp",verified-unique,webp,passed
3,"AI-Powered Digital Asset Management","/platform/ai-powered-digital-asset-management",framed,platform,"/images/topics/ai-powered-digital-asset-management/ai-powered-digital-asset-management-hero.webp","ai-powered-digital-asset-management-hero.webp","Illustrative photograph of a creative studio working across video, images and documents",2,"/images/topics/ai-powered-digital-asset-management/ai-powered-digital-asset-management-the-library-work-that-grows-fa.webp; /images/topics/ai-powered-digital-asset-management/ai-powered-digital-asset-management-where-ai-does-its-work-as-an-a.webp",verified-unique,webp,passed
4,"Creative Library Management","/platform/creative-library-management",published,platform,"/images/topics/creative-library-management/creative-library-management-hero.webp","creative-library-management-hero.webp","Illustrative photograph of a creative studio working across video, images and documents",2,"/images/topics/creative-library-management/creative-library-management-structure-that-keeps-pace-with.webp; /images/topics/creative-library-management/creative-library-management-five-tools-that-give-a-library.webp",verified-unique,webp,passed
5,"Intelligent Media Library","/platform/intelligent-media-library",framed,platform,"/images/topics/intelligent-media-library/intelligent-media-library-hero.webp","intelligent-media-library-hero.webp","Illustrative photograph of a creative studio working across video, images and documents",2,"/images/topics/intelligent-media-library/intelligent-media-library-when-the-library-knows-what-it.webp; /images/topics/intelligent-media-library/intelligent-media-library-an-old-campaign-image-found-fr.webp",verified-unique,webp,passed
6,"Centralised Creative Asset Library","/platform/centralised-creative-asset-library",published,platform,"/images/topics/centralised-creative-asset-library/centralised-creative-asset-library-hero.webp","centralised-creative-asset-library-hero.webp","Illustrative photograph of a creative studio working across video, images and documents",1,"/images/topics/centralised-creative-asset-library/centralised-creative-asset-library-every-asset-in-one-place-whate.webp",verified-unique,webp,passed
7,"Modern Digital Asset Management","/platform/modern-digital-asset-management",published,platform,"/images/topics/modern-digital-asset-management/modern-digital-asset-management-hero.webp","modern-digital-asset-management-hero.webp","Illustrative photograph of a creative studio working across video, images and documents",2,"/images/topics/modern-digital-asset-management/modern-digital-asset-management-beyond-keeping-files-available.webp; /images/topics/modern-digital-asset-management/modern-digital-asset-management-a-studio-that-outgrew-its-shar.webp",verified-unique,webp,passed
8,"Creative Asset Organisation","/platform/creative-asset-organisation",published,platform,"/images/topics/creative-asset-organisation/creative-asset-organisation-hero.webp","creative-asset-organisation-hero.webp","Illustrative photograph of a creative studio working across video, images and documents",1,"/images/topics/creative-asset-organisation/creative-asset-organisation-a-taxonomy-that-still-works-at.webp",verified-unique,webp,passed
9,"AI-Aware Asset Management","/platform/ai-aware-asset-management",published,platform,"/images/topics/ai-aware-asset-management/ai-aware-asset-management-hero.webp","ai-aware-asset-management-hero.webp","Illustrative photograph of a creative studio working across video, images and documents",1,"/images/topics/ai-aware-asset-management/ai-aware-asset-management-ai-proposes-the-team-decides.webp",verified-unique,webp,passed
10,"One Source of Truth for Creative Teams","/platform/one-source-of-truth-for-creative-teams",published,platform,"/images/topics/one-source-of-truth-for-creative-teams/one-source-of-truth-for-creative-teams-hero.webp","one-source-of-truth-for-creative-teams-hero.webp","Illustrative photograph of a creative studio working across video, images and documents",3,"/images/topics/one-source-of-truth-for-creative-teams/one-source-of-truth-for-creative-teams-every-team-working-from-the-sa.webp; /images/topics/one-source-of-truth-for-creative-teams/one-source-of-truth-for-creative-teams-from-upload-to-the-version-eve.webp; /images/topics/one-source-of-truth-for-creative-teams/one-source-of-truth-for-creative-teams-a-product-rename-that-reaches-.webp",verified-unique,webp,passed
11,"Creative Asset Search","/features/creative-asset-search",published,search-discovery,"/images/topics/creative-asset-search/creative-asset-search-hero.webp","creative-asset-search-hero.webp","Illustrative photograph of a person looking through a large visual archive",2,"/images/topics/creative-asset-search/creative-asset-search-six-kinds-of-information-behin.webp; /images/topics/creative-asset-search/creative-asset-search-what-each-signal-contributes-t.webp",verified-unique,webp,passed
12,"AI Asset Discovery","/features/ai-asset-discovery",published,search-discovery,"/images/topics/ai-asset-discovery/ai-asset-discovery-hero.webp","ai-asset-discovery-hero.webp","Illustrative photograph of a person looking through a large visual archive",2,"/images/topics/ai-asset-discovery/ai-asset-discovery-discovery-that-starts-from-the.webp; /images/topics/ai-asset-discovery/ai-asset-discovery-a-product-photography-archive-.webp",verified-unique,webp,passed
13,"Media Search Platform","/features/media-search-platform",published,search-discovery,"/images/topics/media-search-platform/media-search-platform-hero.webp","media-search-platform-hero.webp","Illustrative photograph of a person looking through a large visual archive",1,"/images/topics/media-search-platform/media-search-platform-a-search-experience-shaped-aro.webp",verified-unique,webp,passed
14,"Semantic Creative Search","/features/semantic-creative-search",published,search-discovery,"/images/topics/semantic-creative-search/semantic-creative-search-hero.webp","semantic-creative-search-hero.webp","Illustrative photograph of a person looking through a large visual archive",2,"/images/topics/semantic-creative-search/semantic-creative-search-asking-for-a-look-a-mood-or-a-.webp; /images/topics/semantic-creative-search/semantic-creative-search-where-the-meaning-in-a-semanti.webp",verified-unique,webp,passed
15,"OCR-Powered Asset Search","/features/ocr-powered-asset-search",published,search-discovery,"/images/topics/ocr-powered-asset-search/ocr-powered-asset-search-hero.webp","ocr-powered-asset-search-hero.webp","Illustrative photograph of a person looking through a large visual archive",2,"/images/topics/ocr-powered-asset-search/ocr-powered-asset-search-when-the-words-you-remember-ar.webp; /images/topics/ocr-powered-asset-search/ocr-powered-asset-search-tracking-down-a-retired-taglin.webp",verified-unique,webp,passed
16,"Search Across Creative Libraries","/features/search-across-creative-libraries",published,search-discovery,"/images/topics/search-across-creative-libraries/search-across-creative-libraries-hero.webp","search-across-creative-libraries-hero.webp","Illustrative photograph of a person looking through a large visual archive",2,"/images/topics/search-across-creative-libraries/search-across-creative-libraries-one-search-instead-of-a-tour-o.webp; /images/topics/search-across-creative-libraries/search-across-creative-libraries-a-flagship-products-history-ga.webp",verified-unique,webp,passed
17,"Saved Asset Searches","/features/saved-asset-searches",published,search-discovery,"/images/topics/saved-asset-searches/saved-asset-searches-hero.webp","saved-asset-searches-hero.webp","Illustrative photograph of a person looking through a large visual archive",1,"/images/topics/saved-asset-searches/saved-asset-searches-searches-worth-keeping-passed-.webp",verified-unique,webp,passed
18,"Natural Language Asset Search","/features/natural-language-asset-search",published,search-discovery,"/images/topics/natural-language-asset-search/natural-language-asset-search-hero.webp","natural-language-asset-search-hero.webp","Illustrative photograph of a person looking through a large visual archive",2,"/images/topics/natural-language-asset-search/natural-language-asset-search-searching-the-way-memory-works.webp; /images/topics/natural-language-asset-search/natural-language-asset-search-a-photograph-found-from-a-seco.webp",verified-unique,webp,passed
19,"Advanced Media Filters","/features/advanced-media-filters",published,search-discovery,"/images/topics/advanced-media-filters/advanced-media-filters-hero.webp","advanced-media-filters-hero.webp","Illustrative photograph of a person looking through a large visual archive",2,"/images/topics/advanced-media-filters/advanced-media-filters-reducing-a-large-library-to-a-.webp; /images/topics/advanced-media-filters/advanced-media-filters-what-each-filter-is-good-for.webp",verified-unique,webp,passed
20,"Fast Asset Discovery","/features/fast-asset-discovery",framed,search-discovery,"/images/topics/fast-asset-discovery/fast-asset-discovery-hero.webp","fast-asset-discovery-hero.webp","Illustrative photograph of a person looking through a large visual archive",1,"/images/topics/fast-asset-discovery/fast-asset-discovery-where-the-time-goes-when-someo.webp",verified-unique,webp,passed
21,"Creative Asset Indexing","/features/creative-asset-indexing",published,search-discovery,"/images/topics/creative-asset-indexing/creative-asset-indexing-hero.webp","creative-asset-indexing-hero.webp","Illustrative photograph of a person looking through a large visual archive",1,"/images/topics/creative-asset-indexing/creative-asset-indexing-an-indexed-picture-of-the-libr.webp",verified-unique,webp,passed
22,"Media Metadata Management","/features/media-metadata-management",published,search-discovery,"/images/topics/media-metadata-management/media-metadata-management-hero.webp","media-metadata-management-hero.webp","Illustrative photograph of a person looking through a large visual archive",2,"/images/topics/media-metadata-management/media-metadata-management-the-context-a-file-carries-kep.webp; /images/topics/media-metadata-management/media-metadata-management-five-kinds-of-recorded-informa.webp",verified-unique,webp,passed
23,"Asset Metadata Search","/features/asset-metadata-search",published,search-discovery,"/images/topics/asset-metadata-search/asset-metadata-search-hero.webp","asset-metadata-search-hero.webp","Illustrative photograph of a person looking through a large visual archive",2,"/images/topics/asset-metadata-search/asset-metadata-search-a-way-in-when-the-name-and-the.webp; /images/topics/asset-metadata-search/asset-metadata-search-an-inherited-agency-archive-se.webp",verified-unique,webp,passed
24,"Creative File Discovery","/features/creative-file-discovery",published,search-discovery,"/images/topics/creative-file-discovery/creative-file-discovery-hero.webp","creative-file-discovery-hero.webp","Illustrative photograph of a person looking through a large visual archive",2,"/images/topics/creative-file-discovery/creative-file-discovery-one-search-for-every-kind-of-c.webp; /images/topics/creative-file-discovery/creative-file-discovery-how-each-kind-of-file-joins-th.webp",verified-unique,webp,passed
25,"Searchable Video Library","/features/searchable-video-library",published,search-discovery,"/images/topics/searchable-video-library/searchable-video-library-hero.webp","searchable-video-library-hero.webp","Illustrative photograph of a person looking through a large visual archive",2,"/images/topics/searchable-video-library/searchable-video-library-footage-that-can-be-found-with.webp; /images/topics/searchable-video-library/searchable-video-library-a-pitch-reel-built-from-past-e.webp",verified-unique,webp,passed
26,"Searchable Image Library","/features/searchable-image-library",published,search-discovery,"/images/topics/searchable-image-library/searchable-image-library-hero.webp","searchable-image-library-hero.webp","Illustrative photograph of a person looking through a large visual archive",2,"/images/topics/searchable-image-library/searchable-image-library-photography-made-once-and-foun.webp; /images/topics/searchable-image-library/searchable-image-library-how-one-photograph-can-serve-s.webp",verified-unique,webp,passed
27,"Searchable Document Library","/features/searchable-document-library",published,search-discovery,"/images/topics/searchable-document-library/searchable-document-library-hero.webp","searchable-document-library-hero.webp","Illustrative photograph of a person looking through a large visual archive",2,"/images/topics/searchable-document-library/searchable-document-library-the-paperwork-of-creative-work.webp; /images/topics/searchable-document-library/searchable-document-library-a-returning-clients-paperwork-.webp",verified-unique,webp,passed
28,"Searchable Audio Library","/features/searchable-audio-library",published,search-discovery,"/images/topics/searchable-audio-library/searchable-audio-library-hero.webp","searchable-audio-library-hero.webp","Illustrative photograph of a person looking through a large visual archive",1,"/images/topics/searchable-audio-library/searchable-audio-library-sound-kept-with-the-rest-of-th.webp",verified-unique,webp,passed
29,"Creative Library Navigation","/features/creative-library-navigation",published,search-discovery,"/images/topics/creative-library-navigation/creative-library-navigation-hero.webp","creative-library-navigation-hero.webp","Illustrative photograph of a person looking through a large visual archive",2,"/images/topics/creative-library-navigation/creative-library-navigation-from-looking-around-the-librar.webp; /images/topics/creative-library-navigation/creative-library-navigation-one-task-moving-from-explorati.webp",verified-unique,webp,passed
30,"Asset Discovery Workflow","/features/asset-discovery-workflow",published,search-discovery,"/images/topics/asset-discovery-workflow/asset-discovery-workflow-hero.webp","asset-discovery-workflow-hero.webp","Illustrative photograph of a person looking through a large visual archive",2,"/images/topics/asset-discovery-workflow/asset-discovery-workflow-four-stages-between-a-request-.webp; /images/topics/asset-discovery-workflow/asset-discovery-workflow-a-weekly-request-for-social-co.webp",verified-unique,webp,passed
31,"AI-Assisted Tagging","/features/ai-assisted-tagging",published,ai,"/images/topics/ai-assisted-tagging/ai-assisted-tagging-hero.webp","ai-assisted-tagging-hero.webp","Illustrative photograph of a workspace where visual material is being reviewed",1,"/images/topics/ai-assisted-tagging/ai-assisted-tagging-tags-suggested-while-each-asse.webp",verified-unique,webp,passed
32,"AI Vision Analysis","/features/ai-vision-analysis",framed,ai,"/images/topics/ai-vision-analysis/ai-vision-analysis-hero.webp","ai-vision-analysis-hero.webp","Illustrative photograph of a workspace where visual material is being reviewed",1,"/images/topics/ai-vision-analysis/ai-vision-analysis-reading-what-an-image-shows-no.webp",verified-unique,webp,passed
33,"AI Scene Detection","/features/ai-scene-detection",held,ai,"/images/topics/ai-scene-detection/ai-scene-detection-hero.webp","ai-scene-detection-hero.webp","Illustrative photograph of a workspace where visual material is being reviewed",2,"/images/topics/ai-scene-detection/ai-scene-detection-a-long-video-divided-into-sect.webp; /images/topics/ai-scene-detection/ai-scene-detection-interview-footage-searched-wit.webp",verified-unique,webp,passed
34,"AI Object Detection","/features/ai-object-detection",published,ai,"/images/topics/ai-object-detection/ai-object-detection-hero.webp","ai-object-detection-hero.webp","Illustrative photograph of a workspace where visual material is being reviewed",2,"/images/topics/ai-object-detection/ai-object-detection-naming-the-things-that-appear-.webp; /images/topics/ai-object-detection/ai-object-detection-homeware-imagery-found-by-what.webp",verified-unique,webp,passed
35,"AI Mood Detection","/features/ai-mood-detection",published,ai,"/images/topics/ai-mood-detection/ai-mood-detection-hero.webp","ai-mood-detection-hero.webp","Illustrative photograph of a workspace where visual material is being reviewed",1,"/images/topics/ai-mood-detection/ai-mood-detection-finding-material-by-the-feelin.webp",verified-unique,webp,passed
36,"AI Colour Detection","/features/ai-colour-detection",published,ai,"/images/topics/ai-colour-detection/ai-colour-detection-hero.webp","ai-colour-detection-hero.webp","Illustrative photograph of a workspace where visual material is being reviewed",3,"/images/topics/ai-colour-detection/ai-colour-detection-colour-as-a-route-into-a-visua.webp; /images/topics/ai-colour-detection/ai-colour-detection-requests-where-colour-is-the-q.webp; /images/topics/ai-colour-detection/ai-colour-detection-an-autumn-palette-built-from-p.webp",verified-unique,webp,passed
37,"AI Face Grouping","/features/ai-face-grouping",held,ai,"/images/topics/ai-face-grouping/ai-face-grouping-hero.webp","ai-face-grouping-hero.webp","Illustrative photograph of a workspace where visual material is being reviewed",2,"/images/topics/ai-face-grouping/ai-face-grouping-the-same-person-found-across-t.webp; /images/topics/ai-face-grouping/ai-face-grouping-an-anniversary-archive-assembl.webp",verified-unique,webp,passed
38,"AI OCR","/features/ai-ocr",published,ai,"/images/topics/ai-ocr/ai-ocr-hero.webp","ai-ocr-hero.webp","Illustrative photograph of a workspace where visual material is being reviewed",3,"/images/topics/ai-ocr/ai-ocr-text-taken-out-of-files-and-ke.webp; /images/topics/ai-ocr/ai-ocr-where-text-extraction-sits-in-.webp; /images/topics/ai-ocr/ai-ocr-a-print-archive-whose-words-ca.webp",verified-unique,webp,passed
39,"AI Semantic Search","/features/ai-semantic-search",published,ai,"/images/topics/ai-semantic-search/ai-semantic-search-hero.webp","ai-semantic-search-hero.webp","Illustrative photograph of a workspace where visual material is being reviewed",1,"/images/topics/ai-semantic-search/ai-semantic-search-search-that-works-from-what-a-.webp",verified-unique,webp,passed
40,"AI Duplicate Detection","/features/ai-duplicate-detection",published,ai,"/images/topics/ai-duplicate-detection/ai-duplicate-detection-hero.webp","ai-duplicate-detection-hero.webp","Illustrative photograph of a workspace where visual material is being reviewed",1,"/images/topics/ai-duplicate-detection/ai-duplicate-detection-two-kinds-of-fingerprint-for-o.webp",verified-unique,webp,passed
41,"AI Auto Collections","/features/ai-auto-collections",held,ai,"/images/topics/ai-auto-collections/ai-auto-collections-hero.webp","ai-auto-collections-hero.webp","Illustrative photograph of a workspace where visual material is being reviewed",1,"/images/topics/ai-auto-collections/ai-auto-collections-groupings-proposed-by-the-libr.webp",verified-unique,webp,passed
42,"AI Asset Classification","/features/ai-asset-classification",published,ai,"/images/topics/ai-asset-classification/ai-asset-classification-hero.webp","ai-asset-classification-hero.webp","Illustrative photograph of a workspace where visual material is being reviewed",1,"/images/topics/ai-asset-classification/ai-asset-classification-categorising-assets-with-less-.webp",verified-unique,webp,passed
43,"AI Media Understanding","/features/ai-media-understanding",published,ai,"/images/topics/ai-media-understanding/ai-media-understanding-hero.webp","ai-media-understanding-hero.webp","Illustrative photograph of a workspace where visual material is being reviewed",2,"/images/topics/ai-media-understanding/ai-media-understanding-interpretation-that-ends-up-wh.webp; /images/topics/ai-media-understanding/ai-media-understanding-an-unlabelled-photography-arch.webp",verified-unique,webp,passed
44,"AI Creative Intelligence","/features/ai-creative-intelligence",published,ai,"/images/topics/ai-creative-intelligence/ai-creative-intelligence-hero.webp","ai-creative-intelligence-hero.webp","Illustrative photograph of a workspace where visual material is being reviewed",1,"/images/topics/ai-creative-intelligence/ai-creative-intelligence-from-anonymous-files-to-assets.webp",verified-unique,webp,passed
45,"AI-Powered Asset Management","/features/ai-powered-asset-management",published,ai,"/images/topics/ai-powered-asset-management/ai-powered-asset-management-hero.webp","ai-powered-asset-management-hero.webp","Illustrative photograph of a workspace where visual material is being reviewed",2,"/images/topics/ai-powered-asset-management/ai-powered-asset-management-automated-analysis-with-people.webp; /images/topics/ai-powered-asset-management/ai-powered-asset-management-where-automation-and-people-me.webp",verified-unique,webp,passed
46,"AI Tag Confidence","/features/ai-tag-confidence",published,ai,"/images/topics/ai-tag-confidence/ai-tag-confidence-hero.webp","ai-tag-confidence-hero.webp","Illustrative photograph of a workspace where visual material is being reviewed",2,"/images/topics/ai-tag-confidence/ai-tag-confidence-a-measure-of-how-strongly-a-ta.webp; /images/topics/ai-tag-confidence/ai-tag-confidence-a-festival-photography-batch-r.webp",verified-unique,webp,passed
47,"AI Tag Approval","/features/ai-tag-approval",published,ai,"/images/topics/ai-tag-approval/ai-tag-approval-hero.webp","ai-tag-approval-hero.webp","Illustrative photograph of a workspace where visual material is being reviewed",1,"/images/topics/ai-tag-approval/ai-tag-approval-one-decision-that-covers-many-.webp",verified-unique,webp,passed
48,"AI Tag Override","/features/ai-tag-override",published,ai,"/images/topics/ai-tag-override/ai-tag-override-hero.webp","ai-tag-override-hero.webp","Illustrative photograph of a workspace where visual material is being reviewed",2,"/images/topics/ai-tag-override/ai-tag-override-the-teams-vocabulary-has-the-f.webp; /images/topics/ai-tag-override/ai-tag-override-outdoor-gear-imagery-brought-i.webp",verified-unique,webp,passed
49,"AI Creative Search","/features/ai-creative-search",published,ai,"/images/topics/ai-creative-search/ai-creative-search-hero.webp","ai-creative-search-hero.webp","Illustrative photograph of a workspace where visual material is being reviewed",3,"/images/topics/ai-creative-search/ai-creative-search-from-a-description-in-your-hea.webp; /images/topics/ai-creative-search/ai-creative-search-creative-tasks-that-start-bett.webp; /images/topics/ai-creative-search/ai-creative-search-an-appeal-image-found-by-descr.webp",verified-unique,webp,passed
50,"AI Media Indexing","/features/ai-media-indexing",published,ai,"/images/topics/ai-media-indexing/ai-media-indexing-hero.webp","ai-media-indexing-hero.webp","Illustrative photograph of a workspace where visual material is being reviewed",1,"/images/topics/ai-media-indexing/ai-media-indexing-preparing-media-so-a-search-ha.webp",verified-unique,webp,passed
51,"AI-Powered Video Discovery","/features/ai-powered-video-discovery",framed,ai,"/images/topics/ai-powered-video-discovery/ai-powered-video-discovery-hero.webp","ai-powered-video-discovery-hero.webp","Illustrative photograph of a workspace where visual material is being reviewed",1,"/images/topics/ai-powered-video-discovery/ai-powered-video-discovery-footage-that-does-not-wait-for.webp",verified-unique,webp,passed
52,"AI-Powered Image Discovery","/features/ai-powered-image-discovery",published,ai,"/images/topics/ai-powered-image-discovery/ai-powered-image-discovery-hero.webp","ai-powered-image-discovery-hero.webp","Illustrative photograph of a workspace where visual material is being reviewed",2,"/images/topics/ai-powered-image-discovery/ai-powered-image-discovery-images-described-by-what-they-.webp; /images/topics/ai-powered-image-discovery/ai-powered-image-discovery-a-press-image-found-without-kn.webp",verified-unique,webp,passed
53,"AI Document Discovery","/features/ai-document-discovery",published,ai,"/images/topics/ai-document-discovery/ai-document-discovery-hero.webp","ai-document-discovery-hero.webp","Illustrative photograph of a workspace where visual material is being reviewed",2,"/images/topics/ai-document-discovery/ai-document-discovery-two-kinds-of-clue-brought-to-o.webp; /images/topics/ai-document-discovery/ai-document-discovery-a-location-release-traced-befo.webp",verified-unique,webp,passed
54,"AI Creative Workflow","/features/ai-creative-workflow",published,ai,"/images/topics/ai-creative-workflow/ai-creative-workflow-hero.webp","ai-creative-workflow-hero.webp","Illustrative photograph of a workspace where visual material is being reviewed",1,"/images/topics/ai-creative-workflow/ai-creative-workflow-ai-woven-through-the-library-n.webp",verified-unique,webp,passed
55,"AI Media Automation","/features/ai-media-automation",published,ai,"/images/topics/ai-media-automation/ai-media-automation-hero.webp","ai-media-automation-hero.webp","Illustrative photograph of a workspace where visual material is being reviewed",3,"/images/topics/ai-media-automation/ai-media-automation-the-chores-that-repeat-with-ev.webp; /images/topics/ai-media-automation/ai-media-automation-repetitive-media-tasks-and-wha.webp; /images/topics/ai-media-automation/ai-media-automation-a-daily-flow-of-social-content.webp",verified-unique,webp,passed
56,"AI Asset Recommendations","/features/ai-asset-recommendations",framed,ai,"/images/topics/ai-asset-recommendations/ai-asset-recommendations-hero.webp","ai-asset-recommendations-hero.webp","Illustrative photograph of a workspace where visual material is being reviewed",2,"/images/topics/ai-asset-recommendations/ai-asset-recommendations-proposals-about-an-asset-waiti.webp; /images/topics/ai-asset-recommendations/ai-asset-recommendations-a-clients-brand-archive-descri.webp",verified-unique,webp,passed
57,"AI Library Organisation","/features/ai-library-organisation",published,ai,"/images/topics/ai-library-organisation/ai-library-organisation-hero.webp","ai-library-organisation-hero.webp","Illustrative photograph of a workspace where visual material is being reviewed",1,"/images/topics/ai-library-organisation/ai-library-organisation-order-kept-up-as-material-arri.webp",verified-unique,webp,passed
58,"AI Asset Intelligence","/features/ai-asset-intelligence",published,ai,"/images/topics/ai-asset-intelligence/ai-asset-intelligence-hero.webp","ai-asset-intelligence-hero.webp","Illustrative photograph of a workspace where visual material is being reviewed",2,"/images/topics/ai-asset-intelligence/ai-asset-intelligence-three-sources-of-knowledge-one.webp; /images/topics/ai-asset-intelligence/ai-asset-intelligence-an-archive-request-answered-by.webp",verified-unique,webp,passed
59,"AI Creative Operations","/features/ai-creative-operations",published,ai,"/images/topics/ai-creative-operations/ai-creative-operations-hero.webp","ai-creative-operations-hero.webp","Illustrative photograph of a workspace where visual material is being reviewed",2,"/images/topics/ai-creative-operations/ai-creative-operations-less-effort-on-the-files-more-.webp; /images/topics/ai-creative-operations/ai-creative-operations-a-product-launch-without-a-str.webp",verified-unique,webp,passed
60,"Practical AI for Creative Teams","/features/practical-ai-for-creative-teams",published,ai,"/images/topics/practical-ai-for-creative-teams/practical-ai-for-creative-teams-hero.webp","practical-ai-for-creative-teams-hero.webp","Illustrative photograph of a workspace where visual material is being reviewed",2,"/images/topics/practical-ai-for-creative-teams/practical-ai-for-creative-teams-ai-judged-by-the-library-probl.webp; /images/topics/practical-ai-for-creative-teams/practical-ai-for-creative-teams-a-studio-starts-with-its-most-.webp",verified-unique,webp,passed
61,"Creative Team Collaboration","/features/creative-team-collaboration",published,collaboration,"/images/topics/creative-team-collaboration/creative-team-collaboration-hero.webp","creative-team-collaboration-hero.webp","Illustrative photograph of a creative team reviewing work together",2,"/images/topics/creative-team-collaboration/creative-team-collaboration-conversations-that-happen-wher.webp; /images/topics/creative-team-collaboration/creative-team-collaboration-collaboration-features-gathere.webp",verified-unique,webp,passed
62,"Asset Comments","/features/asset-comments",published,collaboration,"/images/topics/asset-comments/asset-comments-hero.webp","asset-comments-hero.webp","Illustrative photograph of a creative team reviewing work together",3,"/images/topics/asset-comments/asset-comments-a-note-that-belongs-to-the-fil.webp; /images/topics/asset-comments/asset-comments-where-an-asset-comment-goes-fr.webp; /images/topics/asset-comments/asset-comments-packaging-feedback-left-where-.webp",verified-unique,webp,passed
63,"Threaded Comments","/features/threaded-comments",published,collaboration,"/images/topics/threaded-comments/threaded-comments-hero.webp","threaded-comments-hero.webp","Illustrative photograph of a creative team reviewing work together",1,"/images/topics/threaded-comments/threaded-comments-one-conversation-per-issue-not.webp",verified-unique,webp,passed
64,"Video Timeline Comments","/features/video-timeline-comments",published,collaboration,"/images/topics/video-timeline-comments/video-timeline-comments-hero.webp","video-timeline-comments-hero.webp","Illustrative photograph of a creative team reviewing work together",2,"/images/topics/video-timeline-comments/video-timeline-comments-feedback-that-sits-at-the-mome.webp; /images/topics/video-timeline-comments/video-timeline-comments-a-product-film-reviewed-withou.webp",verified-unique,webp,passed
65,"Frame-Accurate Review","/features/frame-accurate-review",published,collaboration,"/images/topics/frame-accurate-review/frame-accurate-review-hero.webp","frame-accurate-review-hero.webp","Illustrative photograph of a creative team reviewing work together",2,"/images/topics/frame-accurate-review/frame-accurate-review-discussing-the-moment-itself-n.webp; /images/topics/frame-accurate-review/frame-accurate-review-a-short-commercial-checked-mom.webp",verified-unique,webp,passed
66,"Team Mentions","/features/team-mentions",published,collaboration,"/images/topics/team-mentions/team-mentions-hero.webp","team-mentions-hero.webp","Illustrative photograph of a creative team reviewing work together",1,"/images/topics/team-mentions/team-mentions-mentioning-the-people-who-can-.webp",verified-unique,webp,passed
67,"Creative Approval Workflow","/features/creative-approval-workflow",published,collaboration,"/images/topics/creative-approval-workflow/creative-approval-workflow-hero.webp","creative-approval-workflow-hero.webp","Illustrative photograph of a creative team reviewing work together",3,"/images/topics/creative-approval-workflow/creative-approval-workflow-a-loop-from-request-to-approva.webp; /images/topics/creative-approval-workflow/creative-approval-workflow-stages-of-one-approval-round.webp; /images/topics/creative-approval-workflow/creative-approval-workflow-an-event-brochure-through-two-.webp",verified-unique,webp,passed
68,"Asset Approval","/features/asset-approval",published,collaboration,"/images/topics/asset-approval/asset-approval-hero.webp","asset-approval-hero.webp","Illustrative photograph of a creative team reviewing work together",1,"/images/topics/asset-approval/asset-approval-knowing-where-an-asset-stands-.webp",verified-unique,webp,passed
69,"Creative Review","/features/creative-review",published,collaboration,"/images/topics/creative-review/creative-review-hero.webp","creative-review-hero.webp","Illustrative photograph of a creative team reviewing work together",2,"/images/topics/creative-review/creative-review-inspect-discuss-and-confirm-in.webp; /images/topics/creative-review/creative-review-what-a-central-review-location.webp",verified-unique,webp,passed
70,"Campaign Review","/features/campaign-review",published,collaboration,"/images/topics/campaign-review/campaign-review-hero.webp","campaign-review-hero.webp","Illustrative photograph of a creative team reviewing work together",1,"/images/topics/campaign-review/campaign-review-checking-a-campaign-before-it-.webp",verified-unique,webp,passed
71,"Brand Asset Approval","/features/brand-asset-approval",published,collaboration,"/images/topics/brand-asset-approval/brand-asset-approval-hero.webp","brand-asset-approval-hero.webp","Illustrative photograph of a creative team reviewing work together",2,"/images/topics/brand-asset-approval/brand-asset-approval-a-gate-between-work-in-progres.webp; /images/topics/brand-asset-approval/brand-asset-approval-controls-that-work-alongside-t.webp",verified-unique,webp,passed
72,"Client Review","/features/client-review",published,collaboration,"/images/topics/client-review/client-review-hero.webp","client-review-hero.webp","Illustrative photograph of a creative team reviewing work together",2,"/images/topics/client-review/client-review-reviewing-work-for-many-client.webp; /images/topics/client-review/client-review-two-competing-accounts-reviewe.webp",verified-unique,webp,passed
73,"Team Feedback","/features/team-feedback",published,collaboration,"/images/topics/team-feedback/team-feedback-hero.webp","team-feedback-hero.webp","Illustrative photograph of a creative team reviewing work together",1,"/images/topics/team-feedback/team-feedback-feedback-that-stays-with-the-w.webp",verified-unique,webp,passed
74,"Creative Feedback Management","/features/creative-feedback-management",published,collaboration,"/images/topics/creative-feedback-management/creative-feedback-management-hero.webp","creative-feedback-management-hero.webp","Illustrative photograph of a creative team reviewing work together",2,"/images/topics/creative-feedback-management/creative-feedback-management-from-a-pile-of-comments-to-fee.webp; /images/topics/creative-feedback-management/creative-feedback-management-six-questions-organised-feedba.webp",verified-unique,webp,passed
75,"Asset Discussion History","/features/asset-discussion-history",published,collaboration,"/images/topics/asset-discussion-history/asset-discussion-history-hero.webp","asset-discussion-history-hero.webp","Illustrative photograph of a creative team reviewing work together",1,"/images/topics/asset-discussion-history/asset-discussion-history-the-reasoning-behind-a-finishe.webp",verified-unique,webp,passed
76,"Review Status","/features/review-status",published,collaboration,"/images/topics/review-status/review-status-hero.webp","review-status-hero.webp","Illustrative photograph of a creative team reviewing work together",1,"/images/topics/review-status/review-status-a-plain-answer-to-whether-an-a.webp",verified-unique,webp,passed
77,"Approval History","/features/approval-history",published,collaboration,"/images/topics/approval-history/approval-history-hero.webp","approval-history-hero.webp","Illustrative photograph of a creative team reviewing work together",2,"/images/topics/approval-history/approval-history-evidence-of-what-was-accepted-.webp; /images/topics/approval-history/approval-history-a-removed-line-in-a-recruitmen.webp",verified-unique,webp,passed
78,"Team Asset Sharing","/features/team-asset-sharing",published,collaboration,"/images/topics/team-asset-sharing/team-asset-sharing-hero.webp","team-asset-sharing-hero.webp","Illustrative photograph of a creative team reviewing work together",1,"/images/topics/team-asset-sharing/team-asset-sharing-passing-on-a-way-to-the-files-.webp",verified-unique,webp,passed
79,"Shared Creative Views","/features/shared-creative-views",published,collaboration,"/images/topics/shared-creative-views/shared-creative-views-hero.webp","shared-creative-views-hero.webp","Illustrative photograph of a creative team reviewing work together",2,"/images/topics/shared-creative-views/shared-creative-views-one-collection-of-assets-the-w.webp; /images/topics/shared-creative-views/shared-creative-views-how-a-shared-view-stays-useful.webp",verified-unique,webp,passed
80,"Creative Workflow Management","/features/creative-workflow-management",published,collaboration,"/images/topics/creative-workflow-management/creative-workflow-management-hero.webp","creative-workflow-management-hero.webp","Illustrative photograph of a creative team reviewing work together",3,"/images/topics/creative-workflow-management/creative-workflow-management-keeping-work-moving-from-first.webp; /images/topics/creative-workflow-management/creative-workflow-management-what-carries-an-asset-from-one.webp; /images/topics/creative-workflow-management/creative-workflow-management-trade-show-material-taken-from.webp",verified-unique,webp,passed
81,"Production Collaboration","/features/production-collaboration",published,collaboration,"/images/topics/production-collaboration/production-collaboration-hero.webp","production-collaboration-hero.webp","Illustrative photograph of a creative team reviewing work together",2,"/images/topics/production-collaboration/production-collaboration-coordinating-a-production-arou.webp; /images/topics/production-collaboration/production-collaboration-the-tools-a-production-team-us.webp",verified-unique,webp,passed
82,"Marketing Collaboration","/features/marketing-collaboration",published,collaboration,"/images/topics/marketing-collaboration/marketing-collaboration-hero.webp","marketing-collaboration-hero.webp","Illustrative photograph of a creative team reviewing work together",1,"/images/topics/marketing-collaboration/marketing-collaboration-making-clearing-and-learning-f.webp",verified-unique,webp,passed
83,"Brand Collaboration","/features/brand-collaboration",published,collaboration,"/images/topics/brand-collaboration/brand-collaboration-hero.webp","brand-collaboration-hero.webp","Illustrative photograph of a creative team reviewing work together",1,"/images/topics/brand-collaboration/brand-collaboration-a-consistent-brand-kept-by-eve.webp",verified-unique,webp,passed
84,"Agency Collaboration","/features/agency-collaboration",published,collaboration,"/images/topics/agency-collaboration/agency-collaboration-hero.webp","agency-collaboration-hero.webp","Illustrative photograph of a creative team reviewing work together",1,"/images/topics/agency-collaboration/agency-collaboration-one-agency-team-working-across.webp",verified-unique,webp,passed
85,"Creative Team Communication","/features/creative-team-communication",published,collaboration,"/images/topics/creative-team-communication/creative-team-communication-hero.webp","creative-team-communication-hero.webp","Illustrative photograph of a creative team reviewing work together",2,"/images/topics/creative-team-communication/creative-team-communication-messages-that-do-not-have-to-e.webp; /images/topics/creative-team-communication/creative-team-communication-a-colour-question-settled-on-t.webp",verified-unique,webp,passed
86,"Asset Mentions","/features/asset-mentions",published,collaboration,"/images/topics/asset-mentions/asset-mentions-hero.webp","asset-mentions-hero.webp","Illustrative photograph of a creative team reviewing work together",2,"/images/topics/asset-mentions/asset-mentions-choosing-who-a-discussion-abou.webp; /images/topics/asset-mentions/asset-mentions-a-launch-video-with-three-ques.webp",verified-unique,webp,passed
87,"Collaborative Asset Review","/features/collaborative-asset-review",published,collaboration,"/images/topics/collaborative-asset-review/collaborative-asset-review-hero.webp","collaborative-asset-review-hero.webp","Illustrative photograph of a creative team reviewing work together",1,"/images/topics/collaborative-asset-review/collaborative-asset-review-reviewing-together-without-sit.webp",verified-unique,webp,passed
88,"Remote Creative Collaboration","/features/remote-creative-collaboration",published,collaboration,"/images/topics/remote-creative-collaboration/remote-creative-collaboration-hero.webp","remote-creative-collaboration-hero.webp","Illustrative photograph of a creative team reviewing work together",2,"/images/topics/remote-creative-collaboration/remote-creative-collaboration-working-on-the-same-assets-fro.webp; /images/topics/remote-creative-collaboration/remote-creative-collaboration-what-stands-in-for-the-office-.webp",verified-unique,webp,passed
89,"Creative Approval Management","/features/creative-approval-management",published,collaboration,"/images/topics/creative-approval-management/creative-approval-management-hero.webp","creative-approval-management-hero.webp","Illustrative photograph of a creative team reviewing work together",2,"/images/topics/creative-approval-management/creative-approval-management-one-structured-route-to-approv.webp; /images/topics/creative-approval-management/creative-approval-management-several-teams-brought-onto-one.webp",verified-unique,webp,passed
90,"Creative Team Workspace","/features/creative-team-workspace",published,collaboration,"/images/topics/creative-team-workspace/creative-team-workspace-hero.webp","creative-team-workspace-hero.webp","Illustrative photograph of a creative team reviewing work together",1,"/images/topics/creative-team-workspace/creative-team-workspace-one-place-to-search-review-org.webp",verified-unique,webp,passed
91,"Creative Asset Versioning","/features/creative-asset-versioning",published,asset-management,"/images/topics/creative-asset-versioning/creative-asset-versioning-hero.webp","creative-asset-versioning-hero.webp","Illustrative photograph of creative files being organised in an archive",1,"/images/topics/creative-asset-versioning/creative-asset-versioning-one-asset-updated-in-place-ins.webp",verified-unique,webp,passed
92,"File Version History","/features/file-version-history",published,asset-management,"/images/topics/file-version-history/file-version-history-hero.webp","file-version-history-hero.webp","Illustrative photograph of creative files being organised in an archive",2,"/images/topics/file-version-history/file-version-history-a-record-of-the-files-an-asset.webp; /images/topics/file-version-history/file-version-history-a-retailers-query-settled-from.webp",verified-unique,webp,passed
93,"Asset Replacement","/features/asset-replacement",published,asset-management,"/images/topics/asset-replacement/asset-replacement-hero.webp","asset-replacement-hero.webp","Illustrative photograph of creative files being organised in an archive",2,"/images/topics/asset-replacement/asset-replacement-swapping-in-a-new-file-without.webp; /images/topics/asset-replacement/asset-replacement-a-corrected-product-video-swap.webp",verified-unique,webp,passed
94,"Version Restore","/features/version-restore",published,asset-management,"/images/topics/version-restore/version-restore-hero.webp","version-restore-hero.webp","Illustrative photograph of creative files being organised in an archive",2,"/images/topics/version-restore/version-restore-going-back-to-an-earlier-creat.webp; /images/topics/version-restore/version-restore-a-recruitment-film-taken-back-.webp",verified-unique,webp,passed
95,"Creative File History","/features/creative-file-history",published,asset-management,"/images/topics/creative-file-history/creative-file-history-hero.webp","creative-file-history-hero.webp","Illustrative photograph of creative files being organised in an archive",2,"/images/topics/creative-file-history/creative-file-history-the-story-behind-the-file-you-.webp; /images/topics/creative-file-history/creative-file-history-a-packaging-refresh-that-start.webp",verified-unique,webp,passed
96,"Campaign Asset Versioning","/features/campaign-asset-versioning",published,asset-management,"/images/topics/campaign-asset-versioning/campaign-asset-versioning-hero.webp","campaign-asset-versioning-hero.webp","Illustrative photograph of creative files being organised in an archive",2,"/images/topics/campaign-asset-versioning/campaign-asset-versioning-campaign-revisions-without-a-s.webp; /images/topics/campaign-asset-versioning/campaign-asset-versioning-how-versions-follow-a-campaign.webp",verified-unique,webp,passed
97,"Video Version Management","/features/video-version-management",published,asset-management,"/images/topics/video-version-management/video-version-management-hero.webp","video-version-management-hero.webp","Illustrative photograph of creative files being organised in an archive",3,"/images/topics/video-version-management/video-version-management-cuts-and-revisions-kept-with-t.webp; /images/topics/video-version-management/video-version-management-where-the-versions-of-a-film-c.webp; /images/topics/video-version-management/video-version-management-a-brand-film-through-successiv.webp",verified-unique,webp,passed
98,"Image Version Management","/features/image-version-management",published,asset-management,"/images/topics/image-version-management/image-version-management-hero.webp","image-version-management-hero.webp","Illustrative photograph of creative files being organised in an archive",2,"/images/topics/image-version-management/image-version-management-one-structured-record-for-each.webp; /images/topics/image-version-management/image-version-management-a-hero-product-shot-through-a-.webp",verified-unique,webp,passed
99,"Document Version Management","/features/document-version-management",published,asset-management,"/images/topics/document-version-management/document-version-management-hero.webp","document-version-management-hero.webp","Illustrative photograph of creative files being organised in an archive",2,"/images/topics/document-version-management/document-version-management-decks-and-documents-that-chang.webp; /images/topics/document-version-management/document-version-management-what-surrounds-each-new-editio.webp",verified-unique,webp,passed
100,"Creative Revision Tracking","/features/creative-revision-tracking",published,asset-management,"/images/topics/creative-revision-tracking/creative-revision-tracking-hero.webp","creative-revision-tracking-hero.webp","Illustrative photograph of creative files being organised in an archive",3,"/images/topics/creative-revision-tracking/creative-revision-tracking-knowing-what-changed-and-which.webp; /images/topics/creative-revision-tracking/creative-revision-tracking-the-records-that-help-a-team-r.webp; /images/topics/creative-revision-tracking/creative-revision-tracking-similar-banners-and-a-client-w.webp",verified-unique,webp,passed
101,"Asset Lifecycle Management","/features/asset-lifecycle-management",published,asset-management,"/images/topics/asset-lifecycle-management/asset-lifecycle-management-hero.webp","asset-lifecycle-management-hero.webp","Illustrative photograph of creative files being organised in an archive",1,"/images/topics/asset-lifecycle-management/asset-lifecycle-management-managing-an-asset-from-its-fir.webp",verified-unique,webp,passed
102,"Asset Status Management","/features/asset-status-management",published,asset-management,"/images/topics/asset-status-management/asset-status-management-hero.webp","asset-status-management-hero.webp","Illustrative photograph of creative files being organised in an archive",2,"/images/topics/asset-status-management/asset-status-management-telling-a-draft-from-approved-.webp; /images/topics/asset-status-management/asset-status-management-a-seasonal-flyer-that-nearly-w.webp",verified-unique,webp,passed
103,"Approved Asset Library","/features/approved-asset-library",published,asset-management,"/images/topics/approved-asset-library/approved-asset-library-hero.webp","approved-asset-library-hero.webp","Illustrative photograph of creative files being organised in an archive",1,"/images/topics/approved-asset-library/approved-asset-library-a-view-of-the-library-where-ev.webp",verified-unique,webp,passed
104,"Expiring Creative Assets","/features/expiring-creative-assets",published,asset-management,"/images/topics/expiring-creative-assets/expiring-creative-assets-hero.webp","expiring-creative-assets-hero.webp","Illustrative photograph of creative files being organised in an archive",1,"/images/topics/expiring-creative-assets/expiring-creative-assets-knowing-when-content-should-st.webp",verified-unique,webp,passed
105,"Brand Guardrail Tags","/features/brand-guardrail-tags",published,asset-management,"/images/topics/brand-guardrail-tags/brand-guardrail-tags-hero.webp","brand-guardrail-tags-hero.webp","Illustrative photograph of creative files being organised in an archive",3,"/images/topics/brand-guardrail-tags/brand-guardrail-tags-tags-that-show-an-asset-meets-.webp; /images/topics/brand-guardrail-tags/brand-guardrail-tags-what-a-structured-taxonomy-bri.webp; /images/topics/brand-guardrail-tags/brand-guardrail-tags-a-guardrail-tag-for-a-market-w.webp",verified-unique,webp,passed
106,"Asset Usage Tracking","/features/asset-usage-tracking",published,asset-management,"/images/topics/asset-usage-tracking/asset-usage-tracking-hero.webp","asset-usage-tracking-hero.webp","Illustrative photograph of creative files being organised in an archive",2,"/images/topics/asset-usage-tracking/asset-usage-tracking-using-activity-and-inactivity-.webp; /images/topics/asset-usage-tracking/asset-usage-tracking-new-packaging-photography-that.webp",verified-unique,webp,passed
107,"Creative Asset Lifecycle","/features/creative-asset-lifecycle",published,asset-management,"/images/topics/creative-asset-lifecycle/creative-asset-lifecycle-hero.webp","creative-asset-lifecycle-hero.webp","Illustrative photograph of creative files being organised in an archive",1,"/images/topics/creative-asset-lifecycle/creative-asset-lifecycle-seven-stages-between-a-new-fil.webp",verified-unique,webp,passed
108,"Asset Archiving","/features/asset-archiving",published,asset-management,"/images/topics/asset-archiving/asset-archiving-hero.webp","asset-archiving-hero.webp","Illustrative photograph of creative files being organised in an archive",2,"/images/topics/asset-archiving/asset-archiving-keeping-the-past-without-letti.webp; /images/topics/asset-archiving/asset-archiving-recruitment-campaigns-kept-out.webp",verified-unique,webp,passed
109,"Asset Deletion","/features/asset-deletion",published,asset-management,"/images/topics/asset-deletion/asset-deletion-hero.webp","asset-deletion-hero.webp","Illustrative photograph of creative files being organised in an archive",1,"/images/topics/asset-deletion/asset-deletion-removing-assets-with-authority.webp",verified-unique,webp,passed
110,"Asset Recovery","/features/asset-recovery",published,asset-management,"/images/topics/asset-recovery/asset-recovery-hero.webp","asset-recovery-hero.webp","Illustrative photograph of creative files being organised in an archive",2,"/images/topics/asset-recovery/asset-recovery-getting-content-back-after-a-r.webp; /images/topics/asset-recovery/asset-recovery-what-reduces-the-need-for-reco.webp",verified-unique,webp,passed
111,"Creative Library Maintenance","/features/creative-library-maintenance",published,asset-management,"/images/topics/creative-library-maintenance/creative-library-maintenance-hero.webp","creative-library-maintenance-hero.webp","Illustrative photograph of creative files being organised in an archive",2,"/images/topics/creative-library-maintenance/creative-library-maintenance-small-regular-care-instead-of-.webp; /images/topics/creative-library-maintenance/creative-library-maintenance-moments-when-a-little-maintena.webp",verified-unique,webp,passed
112,"Duplicate Asset Management","/features/duplicate-asset-management",published,asset-management,"/images/topics/duplicate-asset-management/duplicate-asset-management-hero.webp","duplicate-asset-management-hero.webp","Illustrative photograph of creative files being organised in an archive",1,"/images/topics/duplicate-asset-management/duplicate-asset-management-finding-the-copies-a-library-d.webp",verified-unique,webp,passed
113,"Asset Quality Management","/features/asset-quality-management",published,asset-management,"/images/topics/asset-quality-management/asset-quality-management-hero.webp","asset-quality-management-hero.webp","Illustrative photograph of creative files being organised in an archive",1,"/images/topics/asset-quality-management/asset-quality-management-a-library-people-can-trust-to-.webp",verified-unique,webp,passed
114,"Creative Asset Governance","/features/creative-asset-governance",published,asset-management,"/images/topics/creative-asset-governance/creative-asset-governance-hero.webp","creative-asset-governance-hero.webp","Illustrative photograph of creative files being organised in an archive",2,"/images/topics/creative-asset-governance/creative-asset-governance-deciding-who-can-do-what-with-.webp; /images/topics/creative-asset-governance/creative-asset-governance-regional-teams-given-the-right.webp",verified-unique,webp,passed
115,"Asset Ownership","/features/asset-ownership",published,asset-management,"/images/topics/asset-ownership/asset-ownership-hero.webp","asset-ownership-hero.webp","Illustrative photograph of creative files being organised in an archive",3,"/images/topics/asset-ownership/asset-ownership-knowing-where-an-asset-came-fr.webp; /images/topics/asset-ownership/asset-ownership-a-designer-changes-role-withou.webp; /images/topics/asset-ownership/asset-ownership-everyday-questions-that-start-.webp",verified-unique,webp,passed
116,"Asset Attribution","/features/asset-attribution",published,asset-management,"/images/topics/asset-attribution/asset-attribution-hero.webp","asset-attribution-hero.webp","Illustrative photograph of creative files being organised in an archive",2,"/images/topics/asset-attribution/asset-attribution-keeping-the-people-behind-the-.webp; /images/topics/asset-attribution/asset-attribution-a-campaigns-credits-assembled-.webp",verified-unique,webp,passed
117,"Asset History","/features/asset-history",published,asset-management,"/images/topics/asset-history/asset-history-hero.webp","asset-history-hero.webp","Illustrative photograph of creative files being organised in an archive",2,"/images/topics/asset-history/asset-history-one-record-of-what-has-happene.webp; /images/topics/asset-history/asset-history-posters-printed-with-an-old-pr.webp",verified-unique,webp,passed
118,"Asset Activity","/features/asset-activity",published,asset-management,"/images/topics/asset-activity/asset-activity-hero.webp","asset-activity-hero.webp","Illustrative photograph of creative files being organised in an archive",3,"/images/topics/asset-activity/asset-activity-what-an-assets-activity-says-a.webp; /images/topics/asset-activity/asset-activity-what-each-kind-of-activity-tel.webp; /images/topics/asset-activity/asset-activity-a-new-product-overview-that-sa.webp",verified-unique,webp,passed
119,"Asset Audit Trail","/features/asset-audit-trail",published,asset-management,"/images/topics/asset-audit-trail/asset-audit-trail-hero.webp","asset-audit-trail-hero.webp","Illustrative photograph of creative files being organised in an archive",1,"/images/topics/asset-audit-trail/asset-audit-trail-seeing-the-important-actions-t.webp",verified-unique,webp,passed
120,"Complete Asset Management","/features/complete-asset-management",published,asset-management,"/images/topics/complete-asset-management/complete-asset-management-hero.webp","complete-asset-management-hero.webp","Illustrative photograph of creative files being organised in an archive",1,"/images/topics/complete-asset-management/complete-asset-management-seven-capabilities-working-on-.webp",verified-unique,webp,passed
121,"Automated Asset Ingestion","/storage/automated-asset-ingestion",published,storage-ingestion,"/images/topics/automated-asset-ingestion/automated-asset-ingestion-hero.webp","automated-asset-ingestion-hero.webp","Illustrative photograph of media files arriving in a central library",2,"/images/topics/automated-asset-ingestion/automated-asset-ingestion-assets-arrive-from-where-they-.webp; /images/topics/automated-asset-ingestion/automated-asset-ingestion-the-route-an-asset-takes-from-.webp",verified-unique,webp,passed
122,"Google Drive Integration","/storage/google-drive",held,storage-ingestion,"/images/topics/google-drive-integration/google-drive-integration-hero.webp","google-drive-integration-hero.webp","Illustrative photograph of media files arriving in a central library",2,"/images/topics/google-drive-integration/google-drive-integration-creative-work-from-the-drive-e.webp; /images/topics/google-drive-integration/google-drive-integration-from-a-connected-drive-to-an-a.webp",verified-unique,webp,passed
123,"Dropbox Integration","/storage/dropbox",held,storage-ingestion,"/images/topics/dropbox-integration/dropbox-integration-hero.webp","dropbox-integration-hero.webp","Illustrative photograph of media files arriving in a central library",2,"/images/topics/dropbox-integration/dropbox-integration-deliveries-and-job-folders-cen.webp; /images/topics/dropbox-integration/dropbox-integration-years-of-supplier-deliveries-t.webp",verified-unique,webp,passed
124,"OneDrive Integration","/storage/onedrive",held,storage-ingestion,"/images/topics/onedrive-integration/onedrive-integration-hero.webp","onedrive-integration-hero.webp","Illustrative photograph of media files arriving in a central library",2,"/images/topics/onedrive-integration/onedrive-integration-work-storage-as-one-more-sourc.webp; /images/topics/onedrive-integration/onedrive-integration-what-the-library-offers-materi.webp",verified-unique,webp,passed
125,"AWS S3 Integration","/storage/aws-s3",held,storage-ingestion,"/images/topics/aws-s3-integration/aws-s3-integration-hero.webp","aws-s3-integration-hero.webp","Illustrative photograph of media files arriving in a central library",1,"/images/topics/aws-s3-integration/aws-s3-integration-large-media-collections-in-obj.webp",verified-unique,webp,passed
126,"Local NAS Integration","/storage/local-nas",held,storage-ingestion,"/images/topics/local-nas-integration/local-nas-integration-hero.webp","local-nas-integration-hero.webp","Illustrative photograph of media files arriving in a central library",3,"/images/topics/local-nas-integration/local-nas-integration-work-on-the-studio-network-bro.webp; /images/topics/local-nas-integration/local-nas-integration-what-a-searchable-workflow-off.webp; /images/topics/local-nas-integration/local-nas-integration-a-post-production-studio-opens.webp",verified-unique,webp,passed
127,"Drag and Drop Upload","/storage/drag-and-drop-upload",published,storage-ingestion,"/images/topics/drag-and-drop-upload/drag-and-drop-upload-hero.webp","drag-and-drop-upload-hero.webp","Illustrative photograph of media files arriving in a central library",1,"/images/topics/drag-and-drop-upload/drag-and-drop-upload-the-shortest-route-from-a-desk.webp",verified-unique,webp,passed
128,"Watch Folder Ingestion","/storage/watch-folder-ingestion",published,storage-ingestion,"/images/topics/watch-folder-ingestion/watch-folder-ingestion-hero.webp","watch-folder-ingestion-hero.webp","Illustrative photograph of media files arriving in a central library",2,"/images/topics/watch-folder-ingestion/watch-folder-ingestion-a-location-the-library-keeps-c.webp; /images/topics/watch-folder-ingestion/watch-folder-ingestion-a-print-archive-digitised-with.webp",verified-unique,webp,passed
129,"Automated Media Import","/storage/automated-media-import",published,storage-ingestion,"/images/topics/automated-media-import/automated-media-import-hero.webp","automated-media-import-hero.webp","Illustrative photograph of media files arriving in a central library",1,"/images/topics/automated-media-import/automated-media-import-fewer-hands-carrying-files-bet.webp",verified-unique,webp,passed
130,"Bulk Asset Import","/storage/bulk-asset-import",published,storage-ingestion,"/images/topics/bulk-asset-import/bulk-asset-import-hero.webp","bulk-asset-import-hero.webp","Illustrative photograph of media files arriving in a central library",1,"/images/topics/bulk-asset-import/bulk-asset-import-an-existing-collection-brought.webp",verified-unique,webp,passed
131,"Large Library Migration","/storage/large-library-migration",published,storage-ingestion,"/images/topics/large-library-migration/large-library-migration-hero.webp","large-library-migration-hero.webp","Illustrative photograph of media files arriving in a central library",2,"/images/topics/large-library-migration/large-library-migration-scale-changes-what-a-migration.webp; /images/topics/large-library-migration/large-library-migration-moving-a-large-library-in-mana.webp",verified-unique,webp,passed
132,"Metadata Preservation","/storage/metadata-preservation",published,storage-ingestion,"/images/topics/metadata-preservation/metadata-preservation-hero.webp","metadata-preservation-hero.webp","Illustrative photograph of media files arriving in a central library",1,"/images/topics/metadata-preservation/metadata-preservation-what-a-file-knows-about-itself.webp",verified-unique,webp,passed
133,"Folder Mapping","/storage/folder-mapping",published,storage-ingestion,"/images/topics/folder-mapping/folder-mapping-hero.webp","folder-mapping-hero.webp","Illustrative photograph of media files arriving in a central library",1,"/images/topics/folder-mapping/folder-mapping-deciding-where-imported-folder.webp",verified-unique,webp,passed
134,"Creative Migration","/storage/creative-migration",published,storage-ingestion,"/images/topics/creative-migration/creative-migration-hero.webp","creative-migration-hero.webp","Illustrative photograph of media files arriving in a central library",1,"/images/topics/creative-migration/creative-migration-leaving-storage-that-grew-in-p.webp",verified-unique,webp,passed
135,"Digital Asset Import","/storage/digital-asset-import",published,storage-ingestion,"/images/topics/digital-asset-import/digital-asset-import-hero.webp","digital-asset-import-hero.webp","Illustrative photograph of media files arriving in a central library",2,"/images/topics/digital-asset-import/digital-asset-import-more-than-one-way-in-and-a-rea.webp; /images/topics/digital-asset-import/digital-asset-import-a-library-assembled-one-route-.webp",verified-unique,webp,passed
136,"Media Upload Management","/storage/media-upload-management",published,storage-ingestion,"/images/topics/media-upload-management/media-upload-management-hero.webp","media-upload-management-hero.webp","Illustrative photograph of media files arriving in a central library",2,"/images/topics/media-upload-management/media-upload-management-uploads-a-team-can-see-and-rec.webp; /images/topics/media-upload-management/media-upload-management-what-surrounds-an-upload-from-.webp",verified-unique,webp,passed
137,"Resumable Uploads","/storage/resumable-uploads",published,storage-ingestion,"/images/topics/resumable-uploads/resumable-uploads-hero.webp","resumable-uploads-hero.webp","Illustrative photograph of media files arriving in a central library",1,"/images/topics/resumable-uploads/resumable-uploads-an-interruption-that-costs-a-p.webp",verified-unique,webp,passed
138,"Chunked Uploads","/storage/chunked-uploads",published,storage-ingestion,"/images/topics/chunked-uploads/chunked-uploads-hero.webp","chunked-uploads-hero.webp","Illustrative photograph of media files arriving in a central library",2,"/images/topics/chunked-uploads/chunked-uploads-large-files-moved-in-pieces-fo.webp; /images/topics/chunked-uploads/chunked-uploads-a-long-master-delivered-over-a.webp",verified-unique,webp,passed
139,"High-Volume Media Uploads","/storage/high-volume-media-uploads",published,storage-ingestion,"/images/topics/high-volume-media-uploads/high-volume-media-uploads-hero.webp","high-volume-media-uploads-hero.webp","Illustrative photograph of media files arriving in a central library",3,"/images/topics/high-volume-media-uploads/high-volume-media-uploads-when-the-amount-of-media-becom.webp; /images/topics/high-volume-media-uploads/high-volume-media-uploads-needs-that-grow-with-the-amoun.webp; /images/topics/high-volume-media-uploads/high-volume-media-uploads-an-agency-gets-ready-for-a-sea.webp",verified-unique,webp,passed
140,"10 GB File Uploads","/storage/10-gb-file-uploads",held,storage-ingestion,"/images/topics/10-gb-file-uploads/10-gb-file-uploads-hero.webp","10-gb-file-uploads-hero.webp","Illustrative photograph of media files arriving in a central library",1,"/images/topics/10-gb-file-uploads/10-gb-file-uploads-a-stated-file-size-for-the-hea.webp",verified-unique,webp,passed
141,"Upload Progress","/storage/upload-progress",published,storage-ingestion,"/images/topics/upload-progress/upload-progress-hero.webp","upload-progress-hero.webp","Illustrative photograph of media files arriving in a central library",2,"/images/topics/upload-progress/upload-progress-a-figure-that-shows-a-batch-is.webp; /images/topics/upload-progress/upload-progress-launch-photographs-sent-while-.webp",verified-unique,webp,passed
142,"Parallel Uploads","/storage/parallel-uploads",published,storage-ingestion,"/images/topics/parallel-uploads/parallel-uploads-hero.webp","parallel-uploads-hero.webp","Illustrative photograph of media files arriving in a central library",2,"/images/topics/parallel-uploads/parallel-uploads-several-files-in-transit-at-th.webp; /images/topics/parallel-uploads/parallel-uploads-where-a-batchs-time-goes-and-t.webp",verified-unique,webp,passed
143,"Asset Processing","/storage/asset-processing",published,storage-ingestion,"/images/topics/asset-processing/asset-processing-hero.webp","asset-processing-hero.webp","Illustrative photograph of media files arriving in a central library",3,"/images/topics/asset-processing/asset-processing-the-work-that-turns-an-upload-.webp; /images/topics/asset-processing/asset-processing-what-each-kind-of-processing-c.webp; /images/topics/asset-processing/asset-processing-why-some-uploads-arrived-bette.webp",verified-unique,webp,passed
144,"AI Processing Queue","/storage/ai-processing-queue",published,storage-ingestion,"/images/topics/ai-processing-queue/ai-processing-queue-hero.webp","ai-processing-queue-hero.webp","Illustrative photograph of media files arriving in a central library",2,"/images/topics/ai-processing-queue/ai-processing-queue-three-states-that-place-an-ass.webp; /images/topics/ai-processing-queue/ai-processing-queue-what-each-state-means-and-what.webp",verified-unique,webp,passed
145,"Media Processing Status","/storage/media-processing-status",published,storage-ingestion,"/images/topics/media-processing-status/media-processing-status-hero.webp","media-processing-status-hero.webp","Illustrative photograph of media files arriving in a central library",2,"/images/topics/media-processing-status/media-processing-status-arriving-is-one-milestone-and-.webp; /images/topics/media-processing-status/media-processing-status-a-launch-set-shared-once-every.webp",verified-unique,webp,passed
146,"Asset Thumbnail Generation","/storage/asset-thumbnail-generation",published,storage-ingestion,"/images/topics/asset-thumbnail-generation/asset-thumbnail-generation-hero.webp","asset-thumbnail-generation-hero.webp","Illustrative photograph of media files arriving in a central library",1,"/images/topics/asset-thumbnail-generation/asset-thumbnail-generation-the-lightest-way-to-see-what-a.webp",verified-unique,webp,passed
147,"Streaming Media Preview","/storage/streaming-media-preview",published,storage-ingestion,"/images/topics/streaming-media-preview/streaming-media-preview-hero.webp","streaming-media-preview-hero.webp","Illustrative photograph of media files arriving in a central library",2,"/images/topics/streaming-media-preview/streaming-media-preview-look-first-and-download-only-w.webp; /images/topics/streaming-media-preview/streaming-media-preview-a-partners-event-film-checked-.webp",verified-unique,webp,passed
148,"Creative Storage Management","/storage/creative-storage-management",published,storage-ingestion,"/images/topics/creative-storage-management/creative-storage-management-hero.webp","creative-storage-management-hero.webp","Illustrative photograph of media files arriving in a central library",2,"/images/topics/creative-storage-management/creative-storage-management-managing-storage-begins-with-t.webp; /images/topics/creative-storage-management/creative-storage-management-an-events-company-gives-each-k.webp",verified-unique,webp,passed
149,"Storage Growth Analytics","/storage/storage-growth-analytics",published,storage-ingestion,"/images/topics/storage-growth-analytics/storage-growth-analytics-hero.webp","storage-growth-analytics-hero.webp","Illustrative photograph of media files arriving in a central library",1,"/images/topics/storage-growth-analytics/storage-growth-analytics-the-pace-of-expansion-seen-in-.webp",verified-unique,webp,passed
150,"Centralised Media Storage","/storage/centralised-media-storage",published,storage-ingestion,"/images/topics/centralised-media-storage/centralised-media-storage-hero.webp","centralised-media-storage-hero.webp","Illustrative photograph of media files arriving in a central library",1,"/images/topics/centralised-media-storage/centralised-media-storage-one-environment-that-keeps-its.webp",verified-unique,webp,passed
151,"Creative Asset Permissions","/permissions/creative-asset-permissions",published,permissions-multi-tenancy,"/images/topics/creative-asset-permissions/creative-asset-permissions-hero.webp","creative-asset-permissions-hero.webp","Illustrative photograph of separate project spaces within one organisation",3,"/images/topics/creative-asset-permissions/creative-asset-permissions-deciding-who-can-reach-each-pa.webp; /images/topics/creative-asset-permissions/creative-asset-permissions-the-controls-that-make-access-.webp; /images/topics/creative-asset-permissions/creative-asset-permissions-a-creative-library-opened-up-t.webp",verified-unique,webp,passed
152,"Folder-Level Permissions","/permissions/folder-level-permissions",published,permissions-multi-tenancy,"/images/topics/folder-level-permissions/folder-level-permissions-hero.webp","folder-level-permissions-hero.webp","Illustrative photograph of separate project spaces within one organisation",1,"/images/topics/folder-level-permissions/folder-level-permissions-access-that-follows-the-folder.webp",verified-unique,webp,passed
153,"Role-Based Access Control","/permissions/role-based-access-control",framed,permissions-multi-tenancy,"/images/topics/role-based-access-control/role-based-access-control-hero.webp","role-based-access-control-hero.webp","Illustrative photograph of separate project spaces within one organisation",1,"/images/topics/role-based-access-control/role-based-access-control-access-that-follows-responsibi.webp",verified-unique,webp,passed
154,"Default-Deny Access","/permissions/default-deny-access",published,permissions-multi-tenancy,"/images/topics/default-deny-access/default-deny-access-hero.webp","default-deny-access-hero.webp","Illustrative photograph of separate project spaces within one organisation",1,"/images/topics/default-deny-access/default-deny-access-new-folders-start-closed-and-o.webp",verified-unique,webp,passed
155,"Manager Permissions","/permissions/manager-permissions",published,permissions-multi-tenancy,"/images/topics/manager-permissions/manager-permissions-hero.webp","manager-permissions-hero.webp","Illustrative photograph of separate project spaces within one organisation",2,"/images/topics/manager-permissions/manager-permissions-a-managers-access-drawn-around.webp; /images/topics/manager-permissions/manager-permissions-a-managers-remit-changes-durin.webp",verified-unique,webp,passed
156,"Editor Permissions","/permissions/editor-permissions",published,permissions-multi-tenancy,"/images/topics/editor-permissions/editor-permissions-hero.webp","editor-permissions-hero.webp","Illustrative photograph of separate project spaces within one organisation",2,"/images/topics/editor-permissions/editor-permissions-room-for-the-creative-work-wit.webp; /images/topics/editor-permissions/editor-permissions-kinds-of-creative-work-editor-.webp",verified-unique,webp,passed
157,"Individual Permissions","/permissions/individual-permissions",published,permissions-multi-tenancy,"/images/topics/individual-permissions/individual-permissions-hero.webp","individual-permissions-hero.webp","Illustrative photograph of separate project spaces within one organisation",2,"/images/topics/individual-permissions/individual-permissions-precise-access-for-the-person-.webp; /images/topics/individual-permissions/individual-permissions-a-freelance-photographer-joins.webp",verified-unique,webp,passed
158,"Organisation Admin Controls","/permissions/organisation-admin-controls",published,permissions-multi-tenancy,"/images/topics/organisation-admin-controls/organisation-admin-controls-hero.webp","organisation-admin-controls-hero.webp","Illustrative photograph of separate project spaces within one organisation",2,"/images/topics/organisation-admin-controls/organisation-admin-controls-the-people-who-look-after-the-.webp; /images/topics/organisation-admin-controls/organisation-admin-controls-what-organisation-administrato.webp",verified-unique,webp,passed
159,"Creative Access Governance","/permissions/creative-access-governance",published,permissions-multi-tenancy,"/images/topics/creative-access-governance/creative-access-governance-hero.webp","creative-access-governance-hero.webp","Illustrative photograph of separate project spaces within one organisation",3,"/images/topics/creative-access-governance/creative-access-governance-keeping-sensitive-creative-wor.webp; /images/topics/creative-access-governance/creative-access-governance-a-continuing-cycle-for-governi.webp; /images/topics/creative-access-governance/creative-access-governance-a-product-launch-reviewed-for-.webp",verified-unique,webp,passed
160,"Multi-Tenant Digital Asset Management","/permissions/multi-tenant-digital-asset-management",published,permissions-multi-tenancy,"/images/topics/multi-tenant-digital-asset-management/multi-tenant-digital-asset-management-hero.webp","multi-tenant-digital-asset-management-hero.webp","Illustrative photograph of separate project spaces within one organisation",2,"/images/topics/multi-tenant-digital-asset-management/multi-tenant-digital-asset-management-one-platform-several-isolated-.webp; /images/topics/multi-tenant-digital-asset-management/multi-tenant-digital-asset-management-the-parts-of-a-multi-tenant-se.webp",verified-unique,webp,passed
161,"Client Tenant Isolation","/permissions/client-tenant-isolation",published,permissions-multi-tenancy,"/images/topics/client-tenant-isolation/client-tenant-isolation-hero.webp","client-tenant-isolation-hero.webp","Illustrative photograph of separate project spaces within one organisation",1,"/images/topics/client-tenant-isolation/client-tenant-isolation-a-boundary-drawn-around-each-c.webp",verified-unique,webp,passed
162,"Agency Multi-Tenancy","/permissions/agency-multi-tenancy",published,permissions-multi-tenancy,"/images/topics/agency-multi-tenancy/agency-multi-tenancy-hero.webp","agency-multi-tenancy-hero.webp","Illustrative photograph of separate project spaces within one organisation",2,"/images/topics/agency-multi-tenancy/agency-multi-tenancy-many-client-libraries-run-as-o.webp; /images/topics/agency-multi-tenancy/agency-multi-tenancy-an-agency-brings-three-improvi.webp",verified-unique,webp,passed
163,"Per-Client Storage","/permissions/per-client-storage",published,permissions-multi-tenancy,"/images/topics/per-client-storage/per-client-storage-hero.webp","per-client-storage-hero.webp","Illustrative photograph of separate project spaces within one organisation",1,"/images/topics/per-client-storage/per-client-storage-storage-considered-one-client-.webp",verified-unique,webp,passed
164,"Per-Client AI Keys","/permissions/per-client-ai-keys",published,permissions-multi-tenancy,"/images/topics/per-client-ai-keys/per-client-ai-keys-hero.webp","per-client-ai-keys-hero.webp","Illustrative photograph of separate project spaces within one organisation",2,"/images/topics/per-client-ai-keys/per-client-ai-keys-ai-key-arrangements-for-the-cl.webp; /images/topics/per-client-ai-keys/per-client-ai-keys-a-pharmaceutical-client-asks-f.webp",verified-unique,webp,passed
165,"Per-Client Authentication","/permissions/per-client-authentication",published,permissions-multi-tenancy,"/images/topics/per-client-authentication/per-client-authentication-hero.webp","per-client-authentication-hero.webp","Illustrative photograph of separate project spaces within one organisation",1,"/images/topics/per-client-authentication/per-client-authentication-separate-access-controls-for-d.webp",verified-unique,webp,passed
166,"White-Label Asset Management","/permissions/white-label-asset-management",published,permissions-multi-tenancy,"/images/topics/white-label-asset-management/white-label-asset-management-hero.webp","white-label-asset-management-hero.webp","Illustrative photograph of separate project spaces within one organisation",1,"/images/topics/white-label-asset-management/white-label-asset-management-asset-management-presented-as-.webp",verified-unique,webp,passed
167,"Client Asset Isolation","/permissions/client-asset-isolation",published,permissions-multi-tenancy,"/images/topics/client-asset-isolation/client-asset-isolation-hero.webp","client-asset-isolation-hero.webp","Illustrative photograph of separate project spaces within one organisation",2,"/images/topics/client-asset-isolation/client-asset-isolation-keeping-customers-assets-out-o.webp; /images/topics/client-asset-isolation/client-asset-isolation-two-rival-launch-films-in-the-.webp",verified-unique,webp,passed
168,"Agency Asset Management","/permissions/agency-asset-management",published,permissions-multi-tenancy,"/images/topics/agency-asset-management/agency-asset-management-hero.webp","agency-asset-management-hero.webp","Illustrative photograph of separate project spaces within one organisation",2,"/images/topics/agency-asset-management/agency-asset-management-the-asset-work-of-an-agency-on.webp; /images/topics/agency-asset-management/agency-asset-management-asset-management-tools-applied.webp",verified-unique,webp,passed
169,"Enterprise Permissions","/permissions/enterprise-permissions",published,permissions-multi-tenancy,"/images/topics/enterprise-permissions/enterprise-permissions-hero.webp","enterprise-permissions-hero.webp","Illustrative photograph of separate project spaces within one organisation",1,"/images/topics/enterprise-permissions/enterprise-permissions-access-shaped-by-departments-p.webp",verified-unique,webp,passed
170,"Permission Auditing","/permissions/permission-auditing",published,permissions-multi-tenancy,"/images/topics/permission-auditing/permission-auditing-hero.webp","permission-auditing-hero.webp","Illustrative photograph of separate project spaces within one organisation",1,"/images/topics/permission-auditing/permission-auditing-a-record-of-how-access-has-cha.webp",verified-unique,webp,passed
171,"Access History","/permissions/access-history",published,permissions-multi-tenancy,"/images/topics/access-history/access-history-hero.webp","access-history-hero.webp","Illustrative photograph of separate project spaces within one organisation",2,"/images/topics/access-history/access-history-how-people-actually-use-the-li.webp; /images/topics/access-history/access-history-an-unreleased-product-image-ap.webp",verified-unique,webp,passed
172,"Secure Asset Sharing","/permissions/secure-asset-sharing",published,permissions-multi-tenancy,"/images/topics/secure-asset-sharing/secure-asset-sharing-hero.webp","secure-asset-sharing-hero.webp","Illustrative photograph of separate project spaces within one organisation",1,"/images/topics/secure-asset-sharing/secure-asset-sharing-sharing-that-follows-who-is-al.webp",verified-unique,webp,passed
173,"Folder Access Maps","/permissions/folder-access-maps",published,permissions-multi-tenancy,"/images/topics/folder-access-maps/folder-access-maps-hero.webp","folder-access-maps-hero.webp","Illustrative photograph of separate project spaces within one organisation",1,"/images/topics/folder-access-maps/folder-access-maps-a-picture-of-which-teams-rely-.webp",verified-unique,webp,passed
174,"Creative Security Controls","/permissions/creative-security-controls",published,permissions-multi-tenancy,"/images/topics/creative-security-controls/creative-security-controls-hero.webp","creative-security-controls-hero.webp","Illustrative photograph of separate project spaces within one organisation",1,"/images/topics/creative-security-controls/creative-security-controls-two-kinds-of-access-worth-guar.webp",verified-unique,webp,passed
175,"Team Access Management","/permissions/team-access-management",published,permissions-multi-tenancy,"/images/topics/team-access-management/team-access-management-hero.webp","team-access-management-hero.webp","Illustrative photograph of separate project spaces within one organisation",1,"/images/topics/team-access-management/team-access-management-one-agreed-set-of-access-for-e.webp",verified-unique,webp,passed
176,"Department Access","/permissions/department-access",published,permissions-multi-tenancy,"/images/topics/department-access/department-access-hero.webp","department-access-hero.webp","Illustrative photograph of separate project spaces within one organisation",1,"/images/topics/department-access/department-access-each-department-reaching-the-l.webp",verified-unique,webp,passed
177,"Client Workspace Access","/permissions/client-workspace-access",published,permissions-multi-tenancy,"/images/topics/client-workspace-access/client-workspace-access-hero.webp","client-workspace-access-hero.webp","Illustrative photograph of separate project spaces within one organisation",1,"/images/topics/client-workspace-access/client-workspace-access-the-client-workspace-as-the-un.webp",verified-unique,webp,passed
178,"Permission Hierarchies","/permissions/permission-hierarchies",published,permissions-multi-tenancy,"/images/topics/permission-hierarchies/permission-hierarchies-hero.webp","permission-hierarchies-hero.webp","Illustrative photograph of separate project spaces within one organisation",1,"/images/topics/permission-hierarchies/permission-hierarchies-broad-roles-above-folder-detai.webp",verified-unique,webp,passed
179,"Enterprise Asset Governance","/permissions/enterprise-asset-governance",published,permissions-multi-tenancy,"/images/topics/enterprise-asset-governance/enterprise-asset-governance-hero.webp","enterprise-asset-governance-hero.webp","Illustrative photograph of separate project spaces within one organisation",3,"/images/topics/enterprise-asset-governance/enterprise-asset-governance-five-controls-that-only-work-t.webp; /images/topics/enterprise-asset-governance/enterprise-asset-governance-the-parts-of-enterprise-govern.webp; /images/topics/enterprise-asset-governance/enterprise-asset-governance-where-governance-applies-as-an.webp",verified-unique,webp,passed
180,"Secure Creative Collaboration","/permissions/secure-creative-collaboration",published,permissions-multi-tenancy,"/images/topics/secure-creative-collaboration/secure-creative-collaboration-hero.webp","secure-creative-collaboration-hero.webp","Illustrative photograph of separate project spaces within one organisation",2,"/images/topics/secure-creative-collaboration/secure-creative-collaboration-working-together-without-openi.webp; /images/topics/secure-creative-collaboration/secure-creative-collaboration-an-unannounced-financial-produ.webp",verified-unique,webp,passed
181,"Creative Asset Analytics","/analytics/creative-asset-analytics",published,analytics,"/images/topics/creative-asset-analytics/creative-asset-analytics-hero.webp","creative-asset-analytics-hero.webp","Illustrative photograph of a team looking at how a creative library is used",2,"/images/topics/creative-asset-analytics/creative-asset-analytics-seeing-how-a-creative-library-.webp; /images/topics/creative-asset-analytics/creative-asset-analytics-six-signals-and-the-question-b.webp",verified-unique,webp,passed
182,"Asset Usage Analytics","/analytics/asset-usage-analytics",published,analytics,"/images/topics/asset-usage-analytics/asset-usage-analytics-hero.webp","asset-usage-analytics-hero.webp","Illustrative photograph of a team looking at how a creative library is used",2,"/images/topics/asset-usage-analytics/asset-usage-analytics-which-assets-earn-attention-an.webp; /images/topics/asset-usage-analytics/asset-usage-analytics-a-product-shoot-rediscovered-b.webp",verified-unique,webp,passed
183,"Storage Analytics","/analytics/storage-analytics",published,analytics,"/images/topics/storage-analytics/storage-analytics-hero.webp","storage-analytics-hero.webp","Illustrative photograph of a team looking at how a creative library is used",2,"/images/topics/storage-analytics/storage-analytics-where-a-creative-librarys-spac.webp; /images/topics/storage-analytics/storage-analytics-a-studio-explains-a-jump-in-st.webp",verified-unique,webp,passed
184,"Upload Analytics","/analytics/upload-analytics",published,analytics,"/images/topics/upload-analytics/upload-analytics-hero.webp","upload-analytics-hero.webp","Illustrative photograph of a team looking at how a creative library is used",1,"/images/topics/upload-analytics/upload-analytics-the-flow-of-new-material-into-.webp",verified-unique,webp,passed
185,"Contributor Analytics","/analytics/contributor-analytics",published,analytics,"/images/topics/contributor-analytics/contributor-analytics-hero.webp","contributor-analytics-hero.webp","Illustrative photograph of a team looking at how a creative library is used",2,"/images/topics/contributor-analytics/contributor-analytics-who-keeps-a-shared-library-ali.webp; /images/topics/contributor-analytics/contributor-analytics-an-in-house-team-checks-whethe.webp",verified-unique,webp,passed
186,"Tag Analytics","/analytics/tag-analytics",published,analytics,"/images/topics/tag-analytics/tag-analytics-hero.webp","tag-analytics-hero.webp","Illustrative photograph of a team looking at how a creative library is used",1,"/images/topics/tag-analytics/tag-analytics-tags-as-evidence-of-how-people.webp",verified-unique,webp,passed
187,"Creative Library Trends","/analytics/creative-library-trends",published,analytics,"/images/topics/creative-library-trends/creative-library-trends-hero.webp","creative-library-trends-hero.webp","Illustrative photograph of a team looking at how a creative library is used",2,"/images/topics/creative-library-trends/creative-library-trends-a-library-understood-as-someth.webp; /images/topics/creative-library-trends/creative-library-trends-five-ways-a-creative-library-c.webp",verified-unique,webp,passed
188,"Daily Library Analytics","/analytics/daily-library-analytics",published,analytics,"/images/topics/daily-library-analytics/daily-library-analytics-hero.webp","daily-library-analytics-hero.webp","Illustrative photograph of a team looking at how a creative library is used",3,"/images/topics/daily-library-analytics/daily-library-analytics-a-short-term-read-on-what-the-.webp; /images/topics/daily-library-analytics/daily-library-analytics-three-signals-in-the-daily-vie.webp; /images/topics/daily-library-analytics/daily-library-analytics-the-day-a-productions-footage-.webp",verified-unique,webp,passed
189,"Weekly Library Analytics","/analytics/weekly-library-analytics",published,analytics,"/images/topics/weekly-library-analytics/weekly-library-analytics-hero.webp","weekly-library-analytics-hero.webp","Illustrative photograph of a team looking at how a creative library is used",2,"/images/topics/weekly-library-analytics/weekly-library-analytics-a-weeks-distance-from-the-dail.webp; /images/topics/weekly-library-analytics/weekly-library-analytics-a-social-team-keeps-a-fast-gro.webp",verified-unique,webp,passed
190,"Monthly Library Analytics","/analytics/monthly-library-analytics",published,analytics,"/images/topics/monthly-library-analytics/monthly-library-analytics-hero.webp","monthly-library-analytics-hero.webp","Illustrative photograph of a team looking at how a creative library is used",2,"/images/topics/monthly-library-analytics/monthly-library-analytics-where-lasting-patterns-in-asse.webp; /images/topics/monthly-library-analytics/monthly-library-analytics-decisions-that-belong-on-a-mon.webp",verified-unique,webp,passed
191,"Asset Activity Dashboard","/analytics/asset-activity-dashboard",published,analytics,"/images/topics/asset-activity-dashboard/asset-activity-dashboard-hero.webp","asset-activity-dashboard-hero.webp","Illustrative photograph of a team looking at how a creative library is used",1,"/images/topics/asset-activity-dashboard/asset-activity-dashboard-one-visual-starting-point-for-.webp",verified-unique,webp,passed
192,"Storage by Category","/analytics/storage-by-category",published,analytics,"/images/topics/storage-by-category/storage-by-category-hero.webp","storage-by-category-hero.webp","Illustrative photograph of a team looking at how a creative library is used",2,"/images/topics/storage-by-category/storage-by-category-four-categories-four-different.webp; /images/topics/storage-by-category/storage-by-category-using-the-category-breakdown-i.webp",verified-unique,webp,passed
193,"Most Searched Tags","/analytics/most-searched-tags",published,analytics,"/images/topics/most-searched-tags/most-searched-tags-hero.webp","most-searched-tags-hero.webp","Illustrative photograph of a team looking at how a creative library is used",3,"/images/topics/most-searched-tags/most-searched-tags-a-record-of-what-colleagues-ke.webp; /images/topics/most-searched-tags/most-searched-tags-what-search-demand-can-shape-i.webp; /images/topics/most-searched-tags/most-searched-tags-a-retail-brand-readies-its-lib.webp",verified-unique,webp,passed
194,"Top Contributors","/analytics/top-contributors",published,analytics,"/images/topics/top-contributors/top-contributors-hero.webp","top-contributors-hero.webp","Illustrative photograph of a team looking at how a creative library is used",2,"/images/topics/top-contributors/top-contributors-the-people-at-the-top-of-a-lib.webp; /images/topics/top-contributors/top-contributors-a-production-company-finds-cha.webp",verified-unique,webp,passed
195,"Creative Operations Analytics","/analytics/creative-operations-analytics",published,analytics,"/images/topics/creative-operations-analytics/creative-operations-analytics-hero.webp","creative-operations-analytics-hero.webp","Illustrative photograph of a team looking at how a creative library is used",1,"/images/topics/creative-operations-analytics/creative-operations-analytics-is-the-library-making-creative.webp",verified-unique,webp,passed
196,"Library Health Analytics","/analytics/library-health-analytics",published,analytics,"/images/topics/library-health-analytics/library-health-analytics-hero.webp","library-health-analytics-hero.webp","Illustrative photograph of a team looking at how a creative library is used",2,"/images/topics/library-health-analytics/library-health-analytics-is-the-library-staying-in-good.webp; /images/topics/library-health-analytics/library-health-analytics-five-questions-about-a-library.webp",verified-unique,webp,passed
197,"Asset Access Analytics","/analytics/asset-access-analytics",published,analytics,"/images/topics/asset-access-analytics/asset-access-analytics-hero.webp","asset-access-analytics-hero.webp","Illustrative photograph of a team looking at how a creative library is used",2,"/images/topics/asset-access-analytics/asset-access-analytics-knowing-whether-content-is-loo.webp; /images/topics/asset-access-analytics/asset-access-analytics-product-demos-that-colleagues-.webp",verified-unique,webp,passed
198,"Folder Access Analytics","/analytics/folder-access-analytics",published,analytics,"/images/topics/folder-access-analytics/folder-access-analytics-hero.webp","folder-access-analytics-hero.webp","Illustrative photograph of a team looking at how a creative library is used",2,"/images/topics/folder-access-analytics/folder-access-analytics-where-in-the-library-attention.webp; /images/topics/folder-access-analytics/folder-access-analytics-a-second-import-shaped-by-how-.webp",verified-unique,webp,passed
199,"Creative Team Analytics","/analytics/creative-team-analytics",published,analytics,"/images/topics/creative-team-analytics/creative-team-analytics-hero.webp","creative-team-analytics-hero.webp","Illustrative photograph of a team looking at how a creative library is used",2,"/images/topics/creative-team-analytics/creative-team-analytics-one-library-many-groups-using-.webp; /images/topics/creative-team-analytics/creative-team-analytics-how-material-passes-between-gr.webp",verified-unique,webp,passed
200,"Marketing Asset Analytics","/analytics/marketing-asset-analytics",published,analytics,"/images/topics/marketing-asset-analytics/marketing-asset-analytics-hero.webp","marketing-asset-analytics-hero.webp","Illustrative photograph of a team looking at how a creative library is used",2,"/images/topics/marketing-asset-analytics/marketing-asset-analytics-following-campaign-content-fro.webp; /images/topics/marketing-asset-analytics/marketing-asset-analytics-a-campaign-that-made-more-vari.webp",verified-unique,webp,passed
201,"Production Analytics","/analytics/production-analytics",published,analytics,"/images/topics/production-analytics/production-analytics-hero.webp","production-analytics-hero.webp","Illustrative photograph of a team looking at how a creative library is used",2,"/images/topics/production-analytics/production-analytics-a-productions-rhythm-traced-th.webp; /images/topics/production-analytics/production-analytics-a-film-series-whose-later-epis.webp",verified-unique,webp,passed
202,"Agency Analytics","/analytics/agency-analytics",published,analytics,"/images/topics/agency-analytics/agency-analytics-hero.webp","agency-analytics-hero.webp","Illustrative photograph of a team looking at how a creative library is used",2,"/images/topics/agency-analytics/agency-analytics-activity-across-a-roster-of-se.webp; /images/topics/agency-analytics/agency-analytics-resourcing-a-roster-around-whe.webp",verified-unique,webp,passed
203,"Brand Asset Analytics","/analytics/brand-asset-analytics",published,analytics,"/images/topics/brand-asset-analytics/brand-asset-analytics-hero.webp","brand-asset-analytics-hero.webp","Illustrative photograph of a team looking at how a creative library is used",2,"/images/topics/brand-asset-analytics/brand-asset-analytics-is-the-approved-library-the-on.webp; /images/topics/brand-asset-analytics/brand-asset-analytics-regional-teams-rebuilding-temp.webp",verified-unique,webp,passed
204,"Asset Performance Insights","/analytics/asset-performance-insights",published,analytics,"/images/topics/asset-performance-insights/asset-performance-insights-hero.webp","asset-performance-insights-hero.webp","Illustrative photograph of a team looking at how a creative library is used",3,"/images/topics/asset-performance-insights/asset-performance-insights-the-recurring-shapes-that-asse.webp; /images/topics/asset-performance-insights/asset-performance-insights-five-usage-patterns-worth-lear.webp; /images/topics/asset-performance-insights/asset-performance-insights-upkeep-matched-to-the-way-prod.webp",verified-unique,webp,passed
205,"Creative Library Reporting","/analytics/creative-library-reporting",published,analytics,"/images/topics/creative-library-reporting/creative-library-reporting-hero.webp","creative-library-reporting-hero.webp","Illustrative photograph of a team looking at how a creative library is used",2,"/images/topics/creative-library-reporting/creative-library-reporting-from-analytics-to-information-.webp; /images/topics/creative-library-reporting/creative-library-reporting-a-proposed-tag-overhaul-narrow.webp",verified-unique,webp,passed
206,"Asset Management Metrics","/analytics/asset-management-metrics",published,analytics,"/images/topics/asset-management-metrics/asset-management-metrics-hero.webp","asset-management-metrics-hero.webp","Illustrative photograph of a team looking at how a creative library is used",2,"/images/topics/asset-management-metrics/asset-management-metrics-putting-numbers-to-activity-st.webp; /images/topics/asset-management-metrics/asset-management-metrics-five-forms-a-library-metric-ca.webp",verified-unique,webp,passed
207,"Digital Asset KPIs","/analytics/digital-asset-kpis",published,analytics,"/images/topics/digital-asset-kpis/digital-asset-kpis-hero.webp","digital-asset-kpis-hero.webp","Illustrative photograph of a team looking at how a creative library is used",1,"/images/topics/digital-asset-kpis/digital-asset-kpis-the-few-measures-chosen-to-fol.webp",verified-unique,webp,passed
208,"Creative Workflow Metrics","/analytics/creative-workflow-metrics",published,analytics,"/images/topics/creative-workflow-metrics/creative-workflow-metrics-hero.webp","creative-workflow-metrics-hero.webp","Illustrative photograph of a team looking at how a creative library is used",3,"/images/topics/creative-workflow-metrics/creative-workflow-metrics-following-assets-from-upload-t.webp; /images/topics/creative-workflow-metrics/creative-workflow-metrics-where-an-asset-goes-and-what-t.webp; /images/topics/creative-workflow-metrics/creative-workflow-metrics-event-material-that-kept-waiti.webp",verified-unique,webp,passed
209,"Library Growth Reporting","/analytics/library-growth-reporting",published,analytics,"/images/topics/library-growth-reporting/library-growth-reporting-hero.webp","library-growth-reporting-hero.webp","Illustrative photograph of a team looking at how a creative library is used",2,"/images/topics/library-growth-reporting/library-growth-reporting-planning-for-the-library-you-w.webp; /images/topics/library-growth-reporting/library-growth-reporting-a-video-series-and-a-partner-a.webp",verified-unique,webp,passed
210,"Executive Asset Analytics","/analytics/executive-asset-analytics",published,analytics,"/images/topics/executive-asset-analytics/executive-asset-analytics-hero.webp","executive-asset-analytics-hero.webp","Illustrative photograph of a team looking at how a creative library is used",2,"/images/topics/executive-asset-analytics/executive-asset-analytics-the-library-seen-from-where-or.webp; /images/topics/executive-asset-analytics/executive-asset-analytics-five-questions-a-leadership-vi.webp",verified-unique,webp,passed
211,"GetSibu for Production Studios","/use-cases/production-studios",published,use-cases,"/images/topics/getsibu-for-production-studios/getsibu-for-production-studios-hero.webp","getsibu-for-production-studios-hero.webp","Illustrative photograph of a professional creative working environment",3,"/images/topics/getsibu-for-production-studios/getsibu-for-production-studios-one-library-for-every-producti.webp; /images/topics/getsibu-for-production-studios/getsibu-for-production-studios-what-a-production-studio-relie.webp; /images/topics/getsibu-for-production-studios/getsibu-for-production-studios-opening-running-and-closing-a-.webp",verified-unique,webp,passed
212,"GetSibu for Video Teams","/use-cases/video-teams",framed,use-cases,"/images/topics/getsibu-for-video-teams/getsibu-for-video-teams-hero.webp","getsibu-for-video-teams-hero.webp","Illustrative photograph of a professional creative working environment",3,"/images/topics/getsibu-for-video-teams/getsibu-for-video-teams-one-shoot-many-edits-and-a-lib.webp; /images/topics/getsibu-for-video-teams/getsibu-for-video-teams-what-a-video-team-works-with-d.webp; /images/topics/getsibu-for-video-teams/getsibu-for-video-teams-a-recurring-video-series-built.webp",verified-unique,webp,passed
213,"GetSibu for Marketing Teams","/use-cases/marketing-teams",published,use-cases,"/images/topics/getsibu-for-marketing-teams/getsibu-for-marketing-teams-hero.webp","getsibu-for-marketing-teams-hero.webp","Illustrative photograph of a professional creative working environment",3,"/images/topics/getsibu-for-marketing-teams/getsibu-for-marketing-teams-one-library-for-everything-a-c.webp; /images/topics/getsibu-for-marketing-teams/getsibu-for-marketing-teams-the-parts-of-getsibu-a-marketi.webp; /images/topics/getsibu-for-marketing-teams/getsibu-for-marketing-teams-a-seasonal-product-launch-asse.webp",verified-unique,webp,passed
214,"GetSibu for Brand Teams","/use-cases/brand-teams",published,use-cases,"/images/topics/getsibu-for-brand-teams/getsibu-for-brand-teams-hero.webp","getsibu-for-brand-teams-hero.webp","Illustrative photograph of a professional creative working environment",3,"/images/topics/getsibu-for-brand-teams/getsibu-for-brand-teams-a-brand-library-colleagues-can.webp; /images/topics/getsibu-for-brand-teams/getsibu-for-brand-teams-the-controls-a-brand-team-work.webp; /images/topics/getsibu-for-brand-teams/getsibu-for-brand-teams-a-brand-refresh-that-retires-t.webp",verified-unique,webp,passed
215,"GetSibu for Creative Agencies","/use-cases/creative-agencies",published,use-cases,"/images/topics/getsibu-for-creative-agencies/getsibu-for-creative-agencies-hero.webp","getsibu-for-creative-agencies-hero.webp","Illustrative photograph of a professional creative working environment",3,"/images/topics/getsibu-for-creative-agencies/getsibu-for-creative-agencies-every-client-in-its-own-librar.webp; /images/topics/getsibu-for-creative-agencies/getsibu-for-creative-agencies-working-inside-separate-client.webp; /images/topics/getsibu-for-creative-agencies/getsibu-for-creative-agencies-taking-on-a-new-client-without.webp",verified-unique,webp,passed
216,"GetSibu for Post-Production Teams","/use-cases/post-production-teams",framed,use-cases,"/images/topics/getsibu-for-post-production-teams/getsibu-for-post-production-teams-hero.webp","getsibu-for-post-production-teams-hero.webp","Illustrative photograph of a professional creative working environment",2,"/images/topics/getsibu-for-post-production-teams/getsibu-for-post-production-teams-keeping-track-of-rounds-render.webp; /images/topics/getsibu-for-post-production-teams/getsibu-for-post-production-teams-the-last-changes-before-a-deli.webp",verified-unique,webp,passed
217,"GetSibu for Documentary Teams","/use-cases/documentary-teams",framed,use-cases,"/images/topics/getsibu-for-documentary-teams/getsibu-for-documentary-teams-hero.webp","getsibu-for-documentary-teams-hero.webp","Illustrative photograph of a professional creative working environment",3,"/images/topics/getsibu-for-documentary-teams/getsibu-for-documentary-teams-footage-that-stays-findable-lo.webp; /images/topics/getsibu-for-documentary-teams/getsibu-for-documentary-teams-what-a-documentary-team-relies.webp; /images/topics/getsibu-for-documentary-teams/getsibu-for-documentary-teams-an-archive-heavy-documentary-m.webp",verified-unique,webp,passed
218,"GetSibu for Film Production","/use-cases/film-production",published,use-cases,"/images/topics/getsibu-for-film-production/getsibu-for-film-production-hero.webp","getsibu-for-film-production-hero.webp","Illustrative photograph of a professional creative working environment",4,"/images/topics/getsibu-for-film-production/getsibu-for-film-production-production-media-from-every-de.webp; /images/topics/getsibu-for-film-production/getsibu-for-film-production-how-media-builds-up-across-a-f.webp; /images/topics/getsibu-for-film-production/getsibu-for-film-production-what-a-film-production-uses-in.webp; /images/topics/getsibu-for-film-production/getsibu-for-film-production-a-location-shoot-feeding-a-cut.webp",verified-unique,webp,passed
219,"GetSibu for Advertising Agencies","/use-cases/advertising-agencies",published,use-cases,"/images/topics/getsibu-for-advertising-agencies/getsibu-for-advertising-agencies-hero.webp","getsibu-for-advertising-agencies-hero.webp","Illustrative photograph of a professional creative working environment",3,"/images/topics/getsibu-for-advertising-agencies/getsibu-for-advertising-agencies-campaigns-revisions-and-client.webp; /images/topics/getsibu-for-advertising-agencies/getsibu-for-advertising-agencies-a-key-visual-through-rounds-of.webp; /images/topics/getsibu-for-advertising-agencies/getsibu-for-advertising-agencies-what-an-advertising-agency-rel.webp",verified-unique,webp,passed
220,"GetSibu for Creative Studios","/use-cases/creative-studios",published,use-cases,"/images/topics/getsibu-for-creative-studios/getsibu-for-creative-studios-hero.webp","getsibu-for-creative-studios-hero.webp","Illustrative photograph of a professional creative working environment",3,"/images/topics/getsibu-for-creative-studios/getsibu-for-creative-studios-design-motion-sound-and-docume.webp; /images/topics/getsibu-for-creative-studios/getsibu-for-creative-studios-a-new-designer-joins-an-identi.webp; /images/topics/getsibu-for-creative-studios/getsibu-for-creative-studios-what-a-creative-studio-uses-ac.webp",verified-unique,webp,passed
221,"GetSibu for Brand Consultancies","/use-cases/brand-consultancies",published,use-cases,"/images/topics/getsibu-for-brand-consultancies/getsibu-for-brand-consultancies-hero.webp","getsibu-for-brand-consultancies-hero.webp","Illustrative photograph of a professional creative working environment",3,"/images/topics/getsibu-for-brand-consultancies/getsibu-for-brand-consultancies-the-thinking-behind-a-brand-ke.webp; /images/topics/getsibu-for-brand-consultancies/getsibu-for-brand-consultancies-a-returning-client-asks-for-a-.webp; /images/topics/getsibu-for-brand-consultancies/getsibu-for-brand-consultancies-what-a-brand-consultancy-draws.webp",verified-unique,webp,passed
222,"GetSibu for In-House Creative Teams","/use-cases/in-house-creative-teams",published,use-cases,"/images/topics/getsibu-for-in-house-creative-teams/getsibu-for-in-house-creative-teams-hero.webp","getsibu-for-in-house-creative-teams-hero.webp","Illustrative photograph of a professional creative working environment",3,"/images/topics/getsibu-for-in-house-creative-teams/getsibu-for-in-house-creative-teams-the-companys-creative-assets-o.webp; /images/topics/getsibu-for-in-house-creative-teams/getsibu-for-in-house-creative-teams-what-an-in-house-team-puts-in-.webp; /images/topics/getsibu-for-in-house-creative-teams/getsibu-for-in-house-creative-teams-opening-the-creative-library-t.webp",verified-unique,webp,passed
223,"GetSibu for Enterprise Marketing","/use-cases/enterprise-marketing",published,use-cases,"/images/topics/getsibu-for-enterprise-marketing/getsibu-for-enterprise-marketing-hero.webp","getsibu-for-enterprise-marketing-hero.webp","Illustrative photograph of a professional creative working environment",3,"/images/topics/getsibu-for-enterprise-marketing/getsibu-for-enterprise-marketing-many-marketing-teams-one-set-o.webp; /images/topics/getsibu-for-enterprise-marketing/getsibu-for-enterprise-marketing-the-parts-enterprise-marketing.webp; /images/topics/getsibu-for-enterprise-marketing/getsibu-for-enterprise-marketing-a-quarterly-review-of-the-mark.webp",verified-unique,webp,passed
224,"GetSibu for Global Brands","/use-cases/global-brands",published,use-cases,"/images/topics/getsibu-for-global-brands/getsibu-for-global-brands-hero.webp","getsibu-for-global-brands-hero.webp","Illustrative photograph of a professional creative working environment",3,"/images/topics/getsibu-for-global-brands/getsibu-for-global-brands-global-assets-local-markets-on.webp; /images/topics/getsibu-for-global-brands/getsibu-for-global-brands-what-a-global-brand-uses-to-wo.webp; /images/topics/getsibu-for-global-brands/getsibu-for-global-brands-a-global-campaign-adapted-for-.webp",verified-unique,webp,passed
225,"GetSibu for Multi-Market Teams","/use-cases/multi-market-teams",published,use-cases,"/images/topics/getsibu-for-multi-market-teams/getsibu-for-multi-market-teams-hero.webp","getsibu-for-multi-market-teams-hero.webp","Illustrative photograph of a professional creative working environment",2,"/images/topics/getsibu-for-multi-market-teams/getsibu-for-multi-market-teams-separate-by-region-governed-fr.webp; /images/topics/getsibu-for-multi-market-teams/getsibu-for-multi-market-teams-bringing-a-newly-added-region-.webp",verified-unique,webp,passed
226,"GetSibu for Freelancers","/use-cases/freelancers",published,use-cases,"/images/topics/getsibu-for-freelancers/getsibu-for-freelancers-hero.webp","getsibu-for-freelancers-hero.webp","Illustrative photograph of a professional creative working environment",3,"/images/topics/getsibu-for-freelancers/getsibu-for-freelancers-a-personal-library-that-outlas.webp; /images/topics/getsibu-for-freelancers/getsibu-for-freelancers-a-quiet-week-spent-turning-old.webp; /images/topics/getsibu-for-freelancers/getsibu-for-freelancers-what-a-solo-practitioner-relie.webp",verified-unique,webp,passed
227,"GetSibu for Content Creators","/use-cases/content-creators",published,use-cases,"/images/topics/getsibu-for-content-creators/getsibu-for-content-creators-hero.webp","getsibu-for-content-creators-hero.webp","Illustrative photograph of a professional creative working environment",3,"/images/topics/getsibu-for-content-creators/getsibu-for-content-creators-a-channels-back-catalogue-sear.webp; /images/topics/getsibu-for-content-creators/getsibu-for-content-creators-the-visual-signals-a-creator-c.webp; /images/topics/getsibu-for-content-creators/getsibu-for-content-creators-refreshing-the-look-of-a-long-.webp",verified-unique,webp,passed
228,"GetSibu for Photography Teams","/use-cases/photography-teams",published,use-cases,"/images/topics/getsibu-for-photography-teams/getsibu-for-photography-teams-hero.webp","getsibu-for-photography-teams-hero.webp","Illustrative photograph of a professional creative working environment",2,"/images/topics/getsibu-for-photography-teams/getsibu-for-photography-teams-thousands-of-frames-and-the-on.webp; /images/topics/getsibu-for-photography-teams/getsibu-for-photography-teams-an-inherited-archive-brought-u.webp",verified-unique,webp,passed
229,"GetSibu for Video Agencies","/use-cases/video-agencies",published,use-cases,"/images/topics/getsibu-for-video-agencies/getsibu-for-video-agencies-hero.webp","getsibu-for-video-agencies-hero.webp","Illustrative photograph of a professional creative working environment",4,"/images/topics/getsibu-for-video-agencies/getsibu-for-video-agencies-client-footage-in-approved-del.webp; /images/topics/getsibu-for-video-agencies/getsibu-for-video-agencies-what-a-video-agency-relies-on-.webp; /images/topics/getsibu-for-video-agencies/getsibu-for-video-agencies-the-life-of-a-client-video-job.webp; /images/topics/getsibu-for-video-agencies/getsibu-for-video-agencies-a-brand-film-and-its-cutdowns-.webp",verified-unique,webp,passed
230,"GetSibu for E-Commerce Brands","/use-cases/e-commerce-brands",published,use-cases,"/images/topics/getsibu-for-e-commerce-brands/getsibu-for-e-commerce-brands-hero.webp","getsibu-for-e-commerce-brands-hero.webp","Illustrative photograph of a professional creative working environment",2,"/images/topics/getsibu-for-e-commerce-brands/getsibu-for-e-commerce-brands-every-products-assets-organise.webp; /images/topics/getsibu-for-e-commerce-brands/getsibu-for-e-commerce-brands-correcting-product-photographs.webp",verified-unique,webp,passed
231,"GetSibu for Retail Brands","/use-cases/retail-brands",published,use-cases,"/images/topics/getsibu-for-retail-brands/getsibu-for-retail-brands-hero.webp","getsibu-for-retail-brands-hero.webp","Illustrative photograph of a professional creative working environment",3,"/images/topics/getsibu-for-retail-brands/getsibu-for-retail-brands-creative-for-the-whole-retail-.webp; /images/topics/getsibu-for-retail-brands/getsibu-for-retail-brands-a-price-error-found-halfway-th.webp; /images/topics/getsibu-for-retail-brands/getsibu-for-retail-brands-the-library-features-a-retail-.webp",verified-unique,webp,passed
232,"GetSibu for Media Companies","/use-cases/media-companies",published,use-cases,"/images/topics/getsibu-for-media-companies/getsibu-for-media-companies-hero.webp","getsibu-for-media-companies-hero.webp","Illustrative photograph of a professional creative working environment",3,"/images/topics/getsibu-for-media-companies/getsibu-for-media-companies-an-archive-that-keeps-earning-.webp; /images/topics/getsibu-for-media-companies/getsibu-for-media-companies-what-a-media-company-needs-at-.webp; /images/topics/getsibu-for-media-companies/getsibu-for-media-companies-merging-the-archives-of-two-ti.webp",verified-unique,webp,passed
233,"GetSibu for Newsrooms","/use-cases/newsrooms",published,use-cases,"/images/topics/getsibu-for-newsrooms/getsibu-for-newsrooms-hero.webp","getsibu-for-newsrooms-hero.webp","Illustrative photograph of a professional creative working environment",3,"/images/topics/getsibu-for-newsrooms/getsibu-for-newsrooms-an-archive-organised-by-what-t.webp; /images/topics/getsibu-for-newsrooms/getsibu-for-newsrooms-a-breaking-story-that-needs-th.webp; /images/topics/getsibu-for-newsrooms/getsibu-for-newsrooms-what-a-newsroom-relies-on-in-g.webp",verified-unique,webp,passed
234,"GetSibu for Social Media Teams","/use-cases/social-media-teams",published,use-cases,"/images/topics/getsibu-for-social-media-teams/getsibu-for-social-media-teams-hero.webp","getsibu-for-social-media-teams-hero.webp","Illustrative photograph of a professional creative working environment",3,"/images/topics/getsibu-for-social-media-teams/getsibu-for-social-media-teams-a-library-that-keeps-pace-with.webp; /images/topics/getsibu-for-social-media-teams/getsibu-for-social-media-teams-what-a-social-team-uses-to-kee.webp; /images/topics/getsibu-for-social-media-teams/getsibu-for-social-media-teams-a-campaign-week-on-top-of-the-.webp",verified-unique,webp,passed
235,"GetSibu for PR Teams","/use-cases/pr-teams",published,use-cases,"/images/topics/getsibu-for-pr-teams/getsibu-for-pr-teams-hero.webp","getsibu-for-pr-teams-hero.webp","Illustrative photograph of a professional creative working environment",3,"/images/topics/getsibu-for-pr-teams/getsibu-for-pr-teams-ready-for-the-request-that-arr.webp; /images/topics/getsibu-for-pr-teams/getsibu-for-pr-teams-a-morning-of-press-requests-on.webp; /images/topics/getsibu-for-pr-teams/getsibu-for-pr-teams-what-a-pr-team-relies-on-betwe.webp",verified-unique,webp,passed
236,"GetSibu for Event Companies","/use-cases/event-companies",published,use-cases,"/images/topics/getsibu-for-event-companies/getsibu-for-event-companies-hero.webp","getsibu-for-event-companies-hero.webp","Illustrative photograph of a professional creative working environment",3,"/images/topics/getsibu-for-event-companies/getsibu-for-event-companies-before-during-and-after-every-.webp; /images/topics/getsibu-for-event-companies/getsibu-for-event-companies-turning-a-conference-into-next.webp; /images/topics/getsibu-for-event-companies/getsibu-for-event-companies-what-an-event-company-relies-o.webp",verified-unique,webp,passed
237,"GetSibu for Education Teams","/use-cases/education-teams",published,use-cases,"/images/topics/getsibu-for-education-teams/getsibu-for-education-teams-hero.webp","getsibu-for-education-teams-hero.webp","Illustrative photograph of a professional creative working environment",4,"/images/topics/getsibu-for-education-teams/getsibu-for-education-teams-teaching-material-that-improve.webp; /images/topics/getsibu-for-education-teams/getsibu-for-education-teams-a-modules-material-across-the-.webp; /images/topics/getsibu-for-education-teams/getsibu-for-education-teams-redesigning-a-module-inherited.webp; /images/topics/getsibu-for-education-teams/getsibu-for-education-teams-what-an-education-team-relies-.webp",verified-unique,webp,passed
238,"GetSibu for Nonprofits","/use-cases/nonprofits",published,use-cases,"/images/topics/getsibu-for-nonprofits/getsibu-for-nonprofits-hero.webp","getsibu-for-nonprofits-hero.webp","Illustrative photograph of a professional creative working environment",3,"/images/topics/getsibu-for-nonprofits/getsibu-for-nonprofits-a-causes-story-kept-where-a-sm.webp; /images/topics/getsibu-for-nonprofits/getsibu-for-nonprofits-a-year-end-appeal-built-from-a.webp; /images/topics/getsibu-for-nonprofits/getsibu-for-nonprofits-what-a-nonprofit-relies-on-in-.webp",verified-unique,webp,passed
239,"GetSibu for Internal Communications","/use-cases/internal-communications",published,use-cases,"/images/topics/getsibu-for-internal-communications/getsibu-for-internal-communications-hero.webp","getsibu-for-internal-communications-hero.webp","Illustrative photograph of a professional creative working environment",3,"/images/topics/getsibu-for-internal-communications/getsibu-for-internal-communications-communicating-with-employees-f.webp; /images/topics/getsibu-for-internal-communications/getsibu-for-internal-communications-an-organisational-change-annou.webp; /images/topics/getsibu-for-internal-communications/getsibu-for-internal-communications-what-an-internal-communication.webp",verified-unique,webp,passed
240,"GetSibu for Corporate Communications","/use-cases/corporate-communications",published,use-cases,"/images/topics/getsibu-for-corporate-communications/getsibu-for-corporate-communications-hero.webp","getsibu-for-corporate-communications-hero.webp","Illustrative photograph of a professional creative working environment",3,"/images/topics/getsibu-for-corporate-communications/getsibu-for-corporate-communications-one-company-story-wherever-it-.webp; /images/topics/getsibu-for-corporate-communications/getsibu-for-corporate-communications-a-new-company-description-carr.webp; /images/topics/getsibu-for-corporate-communications/getsibu-for-corporate-communications-what-a-corporate-communication.webp",verified-unique,webp,passed
241,"GetSibu Integrations","/integrations",published,integrations,"/images/topics/getsibu-integrations/getsibu-integrations-hero.webp","getsibu-integrations-hero.webp","Illustrative photograph of creative tools and a shared library in one workflow",2,"/images/topics/getsibu-integrations/getsibu-integrations-joining-the-workflow-a-team-al.webp; /images/topics/getsibu-integrations/getsibu-integrations-one-sensible-order-for-connect.webp",verified-unique,webp,passed
242,"Google Drive Integration","/storage/google-drive",held,integrations,"/images/topics/google-drive-integration-storage/google-drive-integration-storage-hero.webp","google-drive-integration-storage-hero.webp","Illustrative photograph of media files arriving in a central library",2,"/images/topics/google-drive-integration-storage/google-drive-integration-storage-creative-work-from-the-drive-e.webp; /images/topics/google-drive-integration-storage/google-drive-integration-storage-from-a-connected-drive-to-an-a.webp",verified-unique,webp,passed
243,"Dropbox Integration","/storage/dropbox",held,integrations,"/images/topics/dropbox-integration-storage/dropbox-integration-storage-hero.webp","dropbox-integration-storage-hero.webp","Illustrative photograph of media files arriving in a central library",2,"/images/topics/dropbox-integration-storage/dropbox-integration-storage-deliveries-and-job-folders-cen.webp; /images/topics/dropbox-integration-storage/dropbox-integration-storage-years-of-supplier-deliveries-t.webp",verified-unique,webp,passed
244,"OneDrive Integration","/storage/onedrive",held,integrations,"/images/topics/onedrive-integration-storage/onedrive-integration-storage-hero.webp","onedrive-integration-storage-hero.webp","Illustrative photograph of media files arriving in a central library",2,"/images/topics/onedrive-integration-storage/onedrive-integration-storage-work-storage-as-one-more-sourc.webp; /images/topics/onedrive-integration-storage/onedrive-integration-storage-what-the-library-offers-materi.webp",verified-unique,webp,passed
245,"AWS S3 Integration","/storage/aws-s3",held,integrations,"/images/topics/aws-s3-integration-storage/aws-s3-integration-storage-hero.webp","aws-s3-integration-storage-hero.webp","Illustrative photograph of media files arriving in a central library",1,"/images/topics/aws-s3-integration-storage/aws-s3-integration-storage-large-media-collections-in-obj.webp",verified-unique,webp,passed
246,"Slack Integration","/integrations/slack",held,integrations,"/images/topics/slack-integration/slack-integration-hero.webp","slack-integration-hero.webp","Illustrative photograph of creative tools and a shared library in one workflow",2,"/images/topics/slack-integration/slack-integration-library-activity-beside-the-te.webp; /images/topics/slack-integration/slack-integration-a-campaign-channel-that-stops-.webp",verified-unique,webp,passed
247,"Figma Integration","/integrations/figma",held,integrations,"/images/topics/figma-integration/figma-integration-hero.webp","figma-integration-hero.webp","Illustrative photograph of creative tools and a shared library in one workflow",1,"/images/topics/figma-integration/figma-integration-where-visuals-are-made-and-whe.webp",verified-unique,webp,passed
248,"Adobe Premiere Pro Integration","/integrations/adobe-premiere-pro",held,integrations,"/images/topics/adobe-premiere-pro-integration/adobe-premiere-pro-integration-hero.webp","adobe-premiere-pro-integration-hero.webp","Illustrative photograph of creative tools and a shared library in one workflow",3,"/images/topics/adobe-premiere-pro-integration/adobe-premiere-pro-integration-media-management-and-the-edit-.webp; /images/topics/adobe-premiere-pro-integration/adobe-premiere-pro-integration-where-media-management-meets-e.webp; /images/topics/adobe-premiere-pro-integration/adobe-premiere-pro-integration-a-series-of-brand-films-cut-fr.webp",verified-unique,webp,passed
249,"Adobe After Effects Integration","/integrations/adobe-after-effects",held,integrations,"/images/topics/adobe-after-effects-integration/adobe-after-effects-integration-hero.webp","adobe-after-effects-integration-hero.webp","Illustrative photograph of creative tools and a shared library in one workflow",3,"/images/topics/adobe-after-effects-integration/adobe-after-effects-integration-the-many-elements-behind-a-mov.webp; /images/topics/adobe-after-effects-integration/adobe-after-effects-integration-the-material-a-motion-design-l.webp; /images/topics/adobe-after-effects-integration/adobe-after-effects-integration-a-launch-animation-built-from-.webp",verified-unique,webp,passed
250,"Frame.io Integration","/integrations/frame-io",held,integrations,"/images/topics/frameio-integration/frameio-integration-hero.webp","frameio-integration-hero.webp","Illustrative photograph of creative tools and a shared library in one workflow",2,"/images/topics/frameio-integration/frameio-integration-where-review-happens-and-where.webp; /images/topics/frameio-integration/frameio-integration-a-client-launch-film-that-fini.webp",verified-unique,webp,passed
251,"Zapier Integration","/integrations/zapier",held,integrations,"/images/topics/zapier-integration/zapier-integration-hero.webp","zapier-integration-hero.webp","Illustrative photograph of creative tools and a shared library in one workflow",1,"/images/topics/zapier-integration/zapier-integration-library-events-as-the-opening-.webp",verified-unique,webp,passed
252,"Webhooks","/developers/webhooks",framed,developers,"/images/topics/webhooks/webhooks-hero.webp","webhooks-hero.webp","Illustrative photograph of a developer building software for creative teams",1,"/images/topics/webhooks/webhooks-a-callback-instead-of-a-questi.webp",verified-unique,webp,passed
253,"REST API","/developers/rest-api",published,developers,"/images/topics/rest-api/rest-api-hero.webp","rest-api-hero.webp","Illustrative photograph of a developer building software for creative teams",1,"/images/topics/rest-api/rest-api-the-interface-is-one-client-of.webp",verified-unique,webp,passed
254,"API-First DAM","/developers/api-first-dam",published,developers,"/images/topics/api-first-dam/api-first-dam-hero.webp","api-first-dam-hero.webp","Illustrative photograph of a developer building software for creative teams",2,"/images/topics/api-first-dam/api-first-dam-experiences-built-around-the-a.webp; /images/topics/api-first-dam/api-first-dam-a-retail-brand-gives-store-man.webp",verified-unique,webp,passed
255,"Developer API","/developers/developer-api",published,developers,"/images/topics/developer-api/developer-api-hero.webp","developer-api-hero.webp","Illustrative photograph of a developer building software for creative teams",2,"/images/topics/developer-api/developer-api-library-workflows-carried-into.webp; /images/topics/developer-api/developer-api-an-agency-brings-its-library-i.webp",verified-unique,webp,passed
256,"API Authentication","/developers/api-authentication",published,developers,"/images/topics/api-authentication/api-authentication-hero.webp","api-authentication-hero.webp","Illustrative photograph of a developer building software for creative teams",1,"/images/topics/api-authentication/api-authentication-proving-who-is-asking-before-a.webp",verified-unique,webp,passed
257,"Webhook Automation","/developers/webhook-automation",published,developers,"/images/topics/webhook-automation/webhook-automation-hero.webp","webhook-automation-hero.webp","Illustrative photograph of a developer building software for creative teams",3,"/images/topics/webhook-automation/webhook-automation-library-activity-that-starts-w.webp; /images/topics/webhook-automation/webhook-automation-from-activity-in-the-library-t.webp; /images/topics/webhook-automation/webhook-automation-approved-campaign-assets-reach.webp",verified-unique,webp,passed
258,"Developer Playground","/developers/developer-playground",held,developers,"/images/topics/developer-playground/developer-playground-hero.webp","developer-playground-hero.webp","Illustrative photograph of a developer building software for creative teams",1,"/images/topics/developer-playground/developer-playground-trying-a-request-before-buildi.webp",verified-unique,webp,passed
259,"SDK Support","/developers/sdk-support",held,developers,"/images/topics/sdk-support/sdk-support-hero.webp","sdk-support-hero.webp","Illustrative photograph of a developer building software for creative teams",1,"/images/topics/sdk-support/sdk-support-working-with-the-api-in-the-la.webp",verified-unique,webp,passed
260,"Custom Integrations","/integrations/custom-integrations",published,integrations,"/images/topics/custom-integrations/custom-integrations-hero.webp","custom-integrations-hero.webp","Illustrative photograph of creative tools and a shared library in one workflow",2,"/images/topics/custom-integrations/custom-integrations-a-gap-between-the-library-and-.webp; /images/topics/custom-integrations/custom-integrations-a-licensing-service-that-sits-.webp",verified-unique,webp,passed
261,"GetSibu API","/developers/api",published,developers,"/images/topics/getsibu-api/getsibu-api-hero.webp","getsibu-api-hero.webp","Illustrative photograph of a developer building software for creative teams",2,"/images/topics/getsibu-api/getsibu-api-software-taking-part-in-the-wo.webp; /images/topics/getsibu-api/getsibu-api-shapes-programmatic-access-ten.webp",verified-unique,webp,passed
262,"Asset Upload API","/developers/asset-upload-api",published,developers,"/images/topics/asset-upload-api/asset-upload-api-hero.webp","asset-upload-api-hero.webp","Illustrative photograph of a developer building software for creative teams",2,"/images/topics/asset-upload-api/asset-upload-api-files-that-arrive-as-part-of-a.webp; /images/topics/asset-upload-api/asset-upload-api-product-photography-that-reach.webp",verified-unique,webp,passed
263,"Asset Search API","/developers/asset-search-api",published,developers,"/images/topics/asset-search-api/asset-search-api-hero.webp","asset-search-api-hero.webp","Illustrative photograph of a developer building software for creative teams",1,"/images/topics/asset-search-api/asset-search-api-finding-assets-at-the-point-wh.webp",verified-unique,webp,passed
264,"Asset Metadata API","/developers/asset-metadata-api",published,developers,"/images/topics/asset-metadata-api/asset-metadata-api-hero.webp","asset-metadata-api-hero.webp","Illustrative photograph of a developer building software for creative teams",2,"/images/topics/asset-metadata-api/asset-metadata-api-details-the-library-holds-used.webp; /images/topics/asset-metadata-api/asset-metadata-api-an-intranet-that-credits-photo.webp",verified-unique,webp,passed
265,"Asset Tags API","/developers/asset-tags-api",published,developers,"/images/topics/asset-tags-api/asset-tags-api-hero.webp","asset-tags-api-hero.webp","Illustrative photograph of a developer building software for creative teams",1,"/images/topics/asset-tags-api/asset-tags-api-classification-added-where-the.webp",verified-unique,webp,passed
266,"Asset Comments API","/developers/asset-comments-api",published,developers,"/images/topics/asset-comments-api/asset-comments-api-hero.webp","asset-comments-api-hero.webp","Illustrative photograph of a developer building software for creative teams",2,"/images/topics/asset-comments-api/asset-comments-api-feedback-as-a-signal-for-the-s.webp; /images/topics/asset-comments-api/asset-comments-api-collaboration-workflows-that-c.webp",verified-unique,webp,passed
267,"Approval API","/developers/approval-api",published,developers,"/images/topics/approval-api/approval-api-hero.webp","approval-api-hero.webp","Illustrative photograph of a developer building software for creative teams",1,"/images/topics/approval-api/approval-api-sign-off-that-reaches-the-syst.webp",verified-unique,webp,passed
268,"Webhook Events","/developers/webhook-events",framed,developers,"/images/topics/webhook-events/webhook-events-hero.webp","webhook-events-hero.webp","Illustrative photograph of a developer building software for creative teams",1,"/images/topics/webhook-events/webhook-events-a-single-message-about-somethi.webp",verified-unique,webp,passed
269,"Asset Created Webhook","/developers/asset-created-webhook",held,developers,"/images/topics/asset-created-webhook/asset-created-webhook-hero.webp","asset-created-webhook-hero.webp","Illustrative photograph of a developer building software for creative teams",3,"/images/topics/asset-created-webhook/asset-created-webhook-news-that-something-new-has-en.webp; /images/topics/asset-created-webhook/asset-created-webhook-work-that-often-starts-when-ne.webp; /images/topics/asset-created-webhook/asset-created-webhook-an-archive-that-catalogues-mat.webp",verified-unique,webp,passed
270,"Comment Added Webhook","/developers/comment-added-webhook",held,developers,"/images/topics/comment-added-webhook/comment-added-webhook-hero.webp","comment-added-webhook-hero.webp","Illustrative photograph of a developer building software for creative teams",2,"/images/topics/comment-added-webhook/comment-added-webhook-when-feedback-on-an-asset-need.webp; /images/topics/comment-added-webhook/comment-added-webhook-brand-feedback-that-reaches-de.webp",verified-unique,webp,passed
271,"Approval Requested Webhook","/developers/approval-requested-webhook",held,developers,"/images/topics/approval-requested-webhook/approval-requested-webhook-hero.webp","approval-requested-webhook-hero.webp","Illustrative photograph of a developer building software for creative teams",3,"/images/topics/approval-requested-webhook/approval-requested-webhook-the-moment-work-is-put-forward.webp; /images/topics/approval-requested-webhook/approval-requested-webhook-where-an-approval-request-trav.webp; /images/topics/approval-requested-webhook/approval-requested-webhook-compliance-review-that-starts-.webp",verified-unique,webp,passed
272,"Billing Events","/developers/billing-events",held,developers,"/images/topics/billing-events/billing-events-hero.webp","billing-events-hero.webp","Illustrative photograph of a developer building software for creative teams",1,"/images/topics/billing-events/billing-events-administrative-work-that-follo.webp",verified-unique,webp,passed
273,"API Documentation","/developers/api-documentation",published,developers,"/images/topics/api-documentation/api-documentation-hero.webp","api-documentation-hero.webp","Illustrative photograph of a developer building software for creative teams",1,"/images/topics/api-documentation/api-documentation-the-reference-that-turns-a-pla.webp",verified-unique,webp,passed
274,"OpenAPI Specification","/developers/openapi-specification",held,developers,"/images/topics/openapi-specification/openapi-specification-hero.webp","openapi-specification-hero.webp","Illustrative photograph of a developer building software for creative teams",2,"/images/topics/openapi-specification/openapi-specification-a-description-of-the-api-that-.webp; /images/topics/openapi-specification/openapi-specification-what-developers-can-do-with-an.webp",verified-unique,webp,passed
275,"Developer Authentication","/developers/developer-authentication",published,developers,"/images/topics/developer-authentication/developer-authentication-hero.webp","developer-authentication-hero.webp","Illustrative photograph of a developer building software for creative teams",2,"/images/topics/developer-authentication/developer-authentication-proof-of-identity-carried-thro.webp; /images/topics/developer-authentication/developer-authentication-a-catalogue-job-moves-from-a-l.webp",verified-unique,webp,passed
276,"API Tenant Isolation","/developers/api-tenant-isolation",published,developers,"/images/topics/api-tenant-isolation/api-tenant-isolation-hero.webp","api-tenant-isolation-hero.webp","Illustrative photograph of a developer building software for creative teams",2,"/images/topics/api-tenant-isolation/api-tenant-isolation-automated-access-that-stays-wi.webp; /images/topics/api-tenant-isolation/api-tenant-isolation-a-new-client-joins-an-agencys-.webp",verified-unique,webp,passed
277,"API Security","/developers/api-security",published,developers,"/images/topics/api-security/api-security-hero.webp","api-security-hero.webp","Illustrative photograph of a developer building software for creative teams",2,"/images/topics/api-security/api-security-when-software-not-a-person-rea.webp; /images/topics/api-security/api-security-an-embargoed-launch-and-a-part.webp",verified-unique,webp,passed
278,"Developer Automation","/developers/developer-automation",published,developers,"/images/topics/developer-automation/developer-automation-hero.webp","developer-automation-hero.webp","Illustrative photograph of a developer building software for creative teams",2,"/images/topics/developer-automation/developer-automation-routine-library-work-handed-ov.webp; /images/topics/developer-automation/developer-automation-course-recordings-handled-with.webp",verified-unique,webp,passed
279,"Custom Asset Applications","/developers/custom-asset-applications",published,developers,"/images/topics/custom-asset-applications/custom-asset-applications-hero.webp","custom-asset-applications-hero.webp","Illustrative photograph of a developer building software for creative teams",1,"/images/topics/custom-asset-applications/custom-asset-applications-a-dedicated-tool-with-the-libr.webp",verified-unique,webp,passed
280,"GetSibu for Developers","/developers",published,developers,"/images/topics/getsibu-for-developers/getsibu-for-developers-hero.webp","getsibu-for-developers-hero.webp","Illustrative photograph of a developer building software for creative teams",2,"/images/topics/getsibu-for-developers/getsibu-for-developers-asset-management-that-reaches-.webp; /images/topics/getsibu-for-developers/getsibu-for-developers-the-developer-topics-across-th.webp",verified-unique,webp,passed
281,"Migrate to GetSibu","/migration",published,migration,"/images/topics/migrate-to-getsibu/migrate-to-getsibu-hero.webp","migrate-to-getsibu-hero.webp","Illustrative photograph of an existing archive being reorganised",1,"/images/topics/migrate-to-getsibu/migrate-to-getsibu-moving-a-library-without-losin.webp",verified-unique,webp,passed
282,"Creative Library Migration","/migration/creative-library-migration",published,migration,"/images/topics/creative-library-migration/creative-library-migration-hero.webp","creative-library-migration-hero.webp","Illustrative photograph of an existing archive being reorganised",2,"/images/topics/creative-library-migration/creative-library-migration-a-destination-worth-moving-to-.webp; /images/topics/creative-library-migration/creative-library-migration-what-makes-a-migrated-library-.webp",verified-unique,webp,passed
283,"Google Drive Migration","/migration/google-drive-migration",held,migration,"/images/topics/google-drive-migration/google-drive-migration-hero.webp","google-drive-migration-hero.webp","Illustrative photograph of an existing archive being reorganised",2,"/images/topics/google-drive-migration/google-drive-migration-a-move-that-does-not-start-wit.webp; /images/topics/google-drive-migration/google-drive-migration-a-decade-of-campaign-folders-m.webp",verified-unique,webp,passed
284,"Dropbox Migration","/migration/dropbox-migration",held,migration,"/images/topics/dropbox-migration/dropbox-migration-hero.webp","dropbox-migration-hero.webp","Illustrative photograph of an existing archive being reorganised",1,"/images/topics/dropbox-migration/dropbox-migration-keeping-the-metadata-and-struc.webp",verified-unique,webp,passed
285,"S3 Migration","/migration/s3-migration",held,migration,"/images/topics/s3-migration/s3-migration-hero.webp","s3-migration-hero.webp","Illustrative photograph of an existing archive being reorganised",2,"/images/topics/s3-migration/s3-migration-a-store-built-for-software-joi.webp; /images/topics/s3-migration/s3-migration-years-of-course-recordings-bro.webp",verified-unique,webp,passed
286,"Metadata Migration","/migration/metadata-migration",published,migration,"/images/topics/metadata-migration/metadata-migration-hero.webp","metadata-migration-hero.webp","Illustrative photograph of an existing archive being reorganised",1,"/images/topics/metadata-migration/metadata-migration-carrying-the-fields-that-matte.webp",verified-unique,webp,passed
287,"Folder Structure Migration","/migration/folder-structure-migration",published,migration,"/images/topics/folder-structure-migration/folder-structure-migration-hero.webp","folder-structure-migration-hero.webp","Illustrative photograph of an existing archive being reorganised",2,"/images/topics/folder-structure-migration/folder-structure-migration-mirror-the-tree-or-redraw-it-d.webp; /images/topics/folder-structure-migration/folder-structure-migration-a-brand-team-retires-a-regiona.webp",verified-unique,webp,passed
288,"Creative Data Migration","/migration/creative-data-migration",published,migration,"/images/topics/creative-data-migration/creative-data-migration-hero.webp","creative-data-migration-hero.webp","Illustrative photograph of an existing archive being reorganised",3,"/images/topics/creative-data-migration/creative-data-migration-moving-the-meaning-along-with-.webp; /images/topics/creative-data-migration/creative-data-migration-what-helps-context-survive-a-l.webp; /images/topics/creative-data-migration/creative-data-migration-an-events-archive-moved-as-eve.webp",verified-unique,webp,passed
289,"DAM Migration Strategy","/migration/dam-migration-strategy",published,migration,"/images/topics/dam-migration-strategy/dam-migration-strategy-hero.webp","dam-migration-strategy-hero.webp","Illustrative photograph of an existing archive being reorganised",1,"/images/topics/dam-migration-strategy/dam-migration-strategy-a-strategy-starts-with-what-ex.webp",verified-unique,webp,passed
290,"Digital Asset Migration Planning","/migration/digital-asset-migration-planning",published,migration,"/images/topics/digital-asset-migration-planning/digital-asset-migration-planning-hero.webp","digital-asset-migration-planning-hero.webp","Illustrative photograph of an existing archive being reorganised",1,"/images/topics/digital-asset-migration-planning/digital-asset-migration-planning-a-plan-that-settles-three-ques.webp",verified-unique,webp,passed
291,"Bulk Import","/migration/bulk-import",published,migration,"/images/topics/bulk-import/bulk-import-hero.webp","bulk-import-hero.webp","Illustrative photograph of an existing archive being reorganised",1,"/images/topics/bulk-import/bulk-import-the-step-where-the-plan-meets-.webp",verified-unique,webp,passed
292,"Migration Without Downtime","/migration/migration-without-downtime",published,migration,"/images/topics/migration-without-downtime/migration-without-downtime-hero.webp","migration-without-downtime-hero.webp","Illustrative photograph of an existing archive being reorganised",1,"/images/topics/migration-without-downtime/migration-without-downtime-work-carries-on-while-the-new-.webp",verified-unique,webp,passed
293,"Migration Metadata Preservation","/migration/migration-metadata-preservation",published,migration,"/images/topics/migration-metadata-preservation/migration-metadata-preservation-hero.webp","migration-metadata-preservation-hero.webp","Illustrative photograph of an existing archive being reorganised",2,"/images/topics/migration-metadata-preservation/migration-metadata-preservation-the-information-that-cannot-si.webp; /images/topics/migration-metadata-preservation/migration-metadata-preservation-where-responsibility-for-metad.webp",verified-unique,webp,passed
294,"Migration Folder Mapping","/migration/migration-folder-mapping",published,migration,"/images/topics/migration-folder-mapping/migration-folder-mapping-hero.webp","migration-folder-mapping-hero.webp","Illustrative photograph of an existing archive being reorganised",2,"/images/topics/migration-folder-mapping/migration-folder-mapping-neither-a-copy-of-the-old-tree.webp; /images/topics/migration-folder-mapping/migration-folder-mapping-two-teams-two-trees-one-librar.webp",verified-unique,webp,passed
295,"Migration Permission Mapping","/migration/migration-permission-mapping",framed,migration,"/images/topics/migration-permission-mapping/migration-permission-mapping-hero.webp","migration-permission-mapping-hero.webp","Illustrative photograph of an existing archive being reorganised",1,"/images/topics/migration-permission-mapping/migration-permission-mapping-access-decided-on-purpose-not-.webp",verified-unique,webp,passed
296,"Migration Verification","/migration/migration-verification",published,migration,"/images/topics/migration-verification/migration-verification-hero.webp","migration-verification-hero.webp","Illustrative photograph of an existing archive being reorganised",3,"/images/topics/migration-verification/migration-verification-proof-that-the-move-worked-gat.webp; /images/topics/migration-verification/migration-verification-six-questions-a-verification-p.webp; /images/topics/migration-verification/migration-verification-handling-a-discrepancy-found-d.webp",verified-unique,webp,passed
297,"DAM Onboarding","/migration/dam-onboarding",framed,migration,"/images/topics/dam-onboarding/dam-onboarding-hero.webp","dam-onboarding-hero.webp","Illustrative photograph of an existing archive being reorganised",1,"/images/topics/dam-onboarding/dam-onboarding-from-a-configured-library-to-o.webp",verified-unique,webp,passed
298,"Creative Team Migration","/migration/creative-team-migration",published,migration,"/images/topics/creative-team-migration/creative-team-migration-hero.webp","creative-team-migration-hero.webp","Illustrative photograph of an existing archive being reorganised",2,"/images/topics/creative-team-migration/creative-team-migration-moving-people-not-only-files.webp; /images/topics/creative-team-migration/creative-team-migration-an-in-house-team-retires-its-d.webp",verified-unique,webp,passed
299,"DAM Implementation","/migration/dam-implementation",published,migration,"/images/topics/dam-implementation/dam-implementation-hero.webp","dam-implementation-hero.webp","Illustrative photograph of an existing archive being reorganised",2,"/images/topics/dam-implementation/dam-implementation-six-areas-of-configuration-tha.webp; /images/topics/dam-implementation/dam-implementation-what-each-area-of-implementati.webp",verified-unique,webp,passed
300,"GetSibu Migration Support","/migration/migration-support",published,migration,"/images/topics/getsibu-migration-support/getsibu-migration-support-hero.webp","getsibu-migration-support-hero.webp","Illustrative photograph of an existing archive being reorganised",1,"/images/topics/getsibu-migration-support/getsibu-migration-support-moving-storage-without-stoppin.webp",verified-unique,webp,passed
301,"GetSibu Architecture","/architecture",published,architecture-performance,"/images/topics/getsibu-architecture/getsibu-architecture-hero.webp","getsibu-architecture-hero.webp","Illustrative photograph of the infrastructure behind a media platform",1,"/images/topics/getsibu-architecture/getsibu-architecture-five-layers-each-responsible-f.webp",verified-unique,webp,passed
302,"Creative Asset Infrastructure","/architecture/creative-asset-infrastructure",published,architecture-performance,"/images/topics/creative-asset-infrastructure/creative-asset-infrastructure-hero.webp","creative-asset-infrastructure-hero.webp","Illustrative photograph of the infrastructure behind a media platform",2,"/images/topics/creative-asset-infrastructure/creative-asset-infrastructure-large-collections-that-still-h.webp; /images/topics/creative-asset-infrastructure/creative-asset-infrastructure-a-media-company-gathers-its-ar.webp",verified-unique,webp,passed
303,"Cloud-Based Asset Management","/architecture/cloud-based-asset-management",published,architecture-performance,"/images/topics/cloud-based-asset-management/cloud-based-asset-management-hero.webp","cloud-based-asset-management-hero.webp","Illustrative photograph of the infrastructure behind a media platform",1,"/images/topics/cloud-based-asset-management/cloud-based-asset-management-a-library-people-connect-to-wh.webp",verified-unique,webp,passed
304,"CDN Asset Delivery","/architecture/cdn-asset-delivery",published,architecture-performance,"/images/topics/cdn-asset-delivery/cdn-asset-delivery-hero.webp","cdn-asset-delivery-hero.webp","Illustrative photograph of the infrastructure behind a media platform",1,"/images/topics/cdn-asset-delivery/cdn-asset-delivery-previews-and-media-served-from.webp",verified-unique,webp,passed
305,"Edge Caching","/architecture/edge-caching",published,architecture-performance,"/images/topics/edge-caching/edge-caching-hero.webp","edge-caching-hero.webp","Illustrative photograph of the infrastructure behind a media platform",2,"/images/topics/edge-caching/edge-caching-keeping-popular-content-a-shor.webp; /images/topics/edge-caching/edge-caching-the-life-of-a-cached-copy-at-o.webp",verified-unique,webp,passed
306,"Streaming Previews","/architecture/streaming-previews",published,architecture-performance,"/images/topics/streaming-previews/streaming-previews-hero.webp","streaming-previews-hero.webp","Illustrative photograph of the infrastructure behind a media platform",1,"/images/topics/streaming-previews/streaming-previews-watching-the-part-you-need-ins.webp",verified-unique,webp,passed
307,"Fast Creative Search","/architecture/fast-creative-search",published,architecture-performance,"/images/topics/fast-creative-search/fast-creative-search-hero.webp","fast-creative-search-hero.webp","Illustrative photograph of the infrastructure behind a media platform",1,"/images/topics/fast-creative-search/fast-creative-search-search-built-to-answer-while-t.webp",verified-unique,webp,passed
308,"Scalable Asset Storage","/architecture/scalable-asset-storage",published,architecture-performance,"/images/topics/scalable-asset-storage/scalable-asset-storage-hero.webp","scalable-asset-storage-hero.webp","Illustrative photograph of the infrastructure behind a media platform",3,"/images/topics/scalable-asset-storage/scalable-asset-storage-storage-for-the-library-you-wi.webp; /images/topics/scalable-asset-storage/scalable-asset-storage-what-expands-alongside-the-fil.webp; /images/topics/scalable-asset-storage/scalable-asset-storage-an-agency-grows-its-library-by.webp",verified-unique,webp,passed
309,"Large Library Performance","/architecture/large-library-performance",published,architecture-performance,"/images/topics/large-library-performance/large-library-performance-hero.webp","large-library-performance-hero.webp","Illustrative photograph of the infrastructure behind a media platform",2,"/images/topics/large-library-performance/large-library-performance-three-pressures-that-arrive-wi.webp; /images/topics/large-library-performance/large-library-performance-a-retail-brand-separates-three.webp",verified-unique,webp,passed
310,"Search Performance","/architecture/search-performance",framed,architecture-performance,"/images/topics/search-performance/search-performance-hero.webp","search-performance-hero.webp","Illustrative photograph of the infrastructure behind a media platform",2,"/images/topics/search-performance/search-performance-more-than-how-quickly-results-.webp; /images/topics/search-performance/search-performance-four-qualities-that-together-m.webp",verified-unique,webp,passed
311,"Asset Processing Performance","/architecture/asset-processing-performance",published,architecture-performance,"/images/topics/asset-processing-performance/asset-processing-performance-hero.webp","asset-processing-performance-hero.webp","Illustrative photograph of the infrastructure behind a media platform",2,"/images/topics/asset-processing-performance/asset-processing-performance-slow-preparation-kept-apart-fr.webp; /images/topics/asset-processing-performance/asset-processing-performance-a-new-product-range-prepared-w.webp",verified-unique,webp,passed
312,"Large File Performance","/architecture/large-file-performance",published,architecture-performance,"/images/topics/large-file-performance/large-file-performance-hero.webp","large-file-performance-hero.webp","Illustrative photograph of the infrastructure behind a media platform",1,"/images/topics/large-file-performance/large-file-performance-when-file-size-turns-an-upload.webp",verified-unique,webp,passed
313,"Media Preview Performance","/architecture/media-preview-performance",published,architecture-performance,"/images/topics/media-preview-performance/media-preview-performance-hero.webp","media-preview-performance-hero.webp","Illustrative photograph of the infrastructure behind a media platform",2,"/images/topics/media-preview-performance/media-preview-performance-taking-the-effort-out-of-looki.webp; /images/topics/media-preview-performance/media-preview-performance-where-friction-collects-when-l.webp",verified-unique,webp,passed
314,"Global Asset Access","/architecture/global-asset-access",published,architecture-performance,"/images/topics/global-asset-access/global-asset-access-hero.webp","global-asset-access-hero.webp","Illustrative photograph of the infrastructure behind a media platform",2,"/images/topics/global-asset-access/global-asset-access-one-library-for-teams-that-nev.webp; /images/topics/global-asset-access/global-asset-access-a-campaign-launched-in-several.webp",verified-unique,webp,passed
315,"API Scalability","/architecture/api-scalability",published,architecture-performance,"/images/topics/api-scalability/api-scalability-hero.webp","api-scalability-hero.webp","Illustrative photograph of the infrastructure behind a media platform",1,"/images/topics/api-scalability/api-scalability-a-request-layer-that-grows-wit.webp",verified-unique,webp,passed
316,"Stateless API Architecture","/architecture/stateless-api-architecture",published,architecture-performance,"/images/topics/stateless-api-architecture/stateless-api-architecture-hero.webp","stateless-api-architecture-hero.webp","Illustrative photograph of the infrastructure behind a media platform",1,"/images/topics/stateless-api-architecture/stateless-api-architecture-api-servers-that-keep-nothing-.webp",verified-unique,webp,passed
317,"Search Infrastructure","/architecture/search-infrastructure",published,architecture-performance,"/images/topics/search-infrastructure/search-infrastructure-hero.webp","search-infrastructure-hero.webp","Illustrative photograph of the infrastructure behind a media platform",1,"/images/topics/search-infrastructure/search-infrastructure-two-ways-of-matching-inside-on.webp",verified-unique,webp,passed
318,"Storage Architecture","/architecture/storage-architecture",published,architecture-performance,"/images/topics/storage-architecture/storage-architecture-hero.webp","storage-architecture-hero.webp","Illustrative photograph of the infrastructure behind a media platform",1,"/images/topics/storage-architecture/storage-architecture-content-held-as-objects-and-di.webp",verified-unique,webp,passed
319,"Observability","/architecture/observability",published,architecture-performance,"/images/topics/observability/observability-hero.webp","observability-hero.webp","Illustrative photograph of the infrastructure behind a media platform",1,"/images/topics/observability/observability-seeing-how-a-running-platform-.webp",verified-unique,webp,passed
320,"High-Performance DAM","/architecture/high-performance-dam",published,architecture-performance,"/images/topics/high-performance-dam/high-performance-dam-hero.webp","high-performance-dam-hero.webp","Illustrative photograph of the infrastructure behind a media platform",2,"/images/topics/high-performance-dam/high-performance-dam-responsiveness-is-a-property-o.webp; /images/topics/high-performance-dam/high-performance-dam-where-each-capability-shows-up.webp",verified-unique,webp,passed
321,"GetSibu Security","/security",published,security-compliance,"/images/topics/getsibu-security/getsibu-security-hero.webp","getsibu-security-hero.webp","Illustrative photograph of people looking after access to valuable creative work",1,"/images/topics/getsibu-security/getsibu-security-five-protections-designed-into.webp",verified-unique,webp,passed
322,"AES-256 Encryption","/security/aes-256-encryption",held,security-compliance,"/images/topics/aes-256-encryption/aes-256-encryption-hero.webp","aes-256-encryption-hero.webp","Illustrative photograph of people looking after access to valuable creative work",1,"/images/topics/aes-256-encryption/aes-256-encryption-stored-data-that-is-unreadable.webp",verified-unique,webp,passed
323,"Secret Encryption","/security/secret-encryption",published,security-compliance,"/images/topics/secret-encryption/secret-encryption-hero.webp","secret-encryption-hero.webp","Illustrative photograph of people looking after access to valuable creative work",1,"/images/topics/secret-encryption/secret-encryption-protecting-the-keys-a-platform.webp",verified-unique,webp,passed
324,"Tenant Isolation","/security/tenant-isolation",published,security-compliance,"/images/topics/tenant-isolation/tenant-isolation-hero.webp","tenant-isolation-hero.webp","Illustrative photograph of people looking after access to valuable creative work",2,"/images/topics/tenant-isolation/tenant-isolation-separation-between-customers-b.webp; /images/topics/tenant-isolation/tenant-isolation-a-tender-that-asks-about-separ.webp",verified-unique,webp,passed
325,"RBAC Security","/security/rbac-security",published,security-compliance,"/images/topics/rbac-security/rbac-security-hero.webp","rbac-security-hero.webp","Illustrative photograph of people looking after access to valuable creative work",2,"/images/topics/rbac-security/rbac-security-limits-on-actions-not-only-on-.webp; /images/topics/rbac-security/rbac-security-a-retouchers-password-may-have.webp",verified-unique,webp,passed
326,"Audit Logs","/security/audit-logs",published,security-compliance,"/images/topics/audit-logs/audit-logs-hero.webp","audit-logs-hero.webp","Illustrative photograph of people looking after access to valuable creative work",2,"/images/topics/audit-logs/audit-logs-a-record-of-important-actions-.webp; /images/topics/audit-logs/audit-logs-a-required-legal-line-disappea.webp",verified-unique,webp,passed
327,"Immutable Audit History","/security/immutable-audit-history",held,security-compliance,"/images/topics/immutable-audit-history/immutable-audit-history-hero.webp","immutable-audit-history-hero.webp","Illustrative photograph of people looking after access to valuable creative work",3,"/images/topics/immutable-audit-history/immutable-audit-history-a-record-the-most-powerful-acc.webp; /images/topics/immutable-audit-history/immutable-audit-history-from-a-privileged-action-to-ev.webp; /images/topics/immutable-audit-history/immutable-audit-history-a-former-client-questions-who-.webp",verified-unique,webp,passed
328,"GDPR Support","/security/gdpr-support",held,security-compliance,"/images/topics/gdpr-support/gdpr-support-hero.webp","gdpr-support-hero.webp","Illustrative photograph of people looking after access to valuable creative work",1,"/images/topics/gdpr-support/gdpr-support-personal-data-inside-creative-.webp",verified-unique,webp,passed
329,"Data Processing Agreement","/security/data-processing-agreement",held,security-compliance,"/images/topics/data-processing-agreement/data-processing-agreement-hero.webp","data-processing-agreement-hero.webp","Illustrative photograph of people looking after access to valuable creative work",1,"/images/topics/data-processing-agreement/data-processing-agreement-a-written-basis-for-trusting-a.webp",verified-unique,webp,passed
330,"SOC 2 Readiness","/security/soc-2-readiness",held,security-compliance,"/images/topics/soc-2-readiness/soc-2-readiness-hero.webp","soc-2-readiness-hero.webp","Illustrative photograph of people looking after access to valuable creative work",1,"/images/topics/soc-2-readiness/soc-2-readiness-an-architecture-prepared-for-i.webp",verified-unique,webp,passed
331,"Backup Redundancy","/security/backup-redundancy",held,security-compliance,"/images/topics/backup-redundancy/backup-redundancy-hero.webp","backup-redundancy-hero.webp","Illustrative photograph of people looking after access to valuable creative work",1,"/images/topics/backup-redundancy/backup-redundancy-more-than-one-way-back-when-st.webp",verified-unique,webp,passed
332,"Point-in-Time Restore","/security/point-in-time-restore",held,security-compliance,"/images/topics/point-in-time-restore/point-in-time-restore-hero.webp","point-in-time-restore-hero.webp","Illustrative photograph of people looking after access to valuable creative work",1,"/images/topics/point-in-time-restore/point-in-time-restore-back-to-how-the-data-was-just-.webp",verified-unique,webp,passed
333,"Cross-Region Replication","/security/cross-region-replication",held,security-compliance,"/images/topics/cross-region-replication/cross-region-replication-hero.webp","cross-region-replication-hero.webp","Illustrative photograph of people looking after access to valuable creative work",2,"/images/topics/cross-region-replication/cross-region-replication-a-second-region-to-continue-fr.webp; /images/topics/cross-region-replication/cross-region-replication-how-a-switch-to-a-second-regio.webp",verified-unique,webp,passed
334,"SSO","/security/sso",held,security-compliance,"/images/topics/sso/sso-hero.webp","sso-hero.webp","Illustrative photograph of people looking after access to valuable creative work",1,"/images/topics/sso/sso-one-identity-managed-in-one-pl.webp",verified-unique,webp,passed
335,"SCIM","/security/scim",held,security-compliance,"/images/topics/scim/scim-hero.webp","scim-hero.webp","Illustrative photograph of people looking after access to valuable creative work",2,"/images/topics/scim/scim-accounts-that-follow-the-direc.webp; /images/topics/scim/scim-joining-moving-and-leaving-wit.webp",verified-unique,webp,passed
336,"MFA","/security/mfa",published,security-compliance,"/images/topics/mfa/mfa-hero.webp","mfa-hero.webp","Illustrative photograph of people looking after access to valuable creative work",1,"/images/topics/mfa/mfa-a-second-proof-that-the-right-.webp",verified-unique,webp,passed
337,"Default-Deny Security","/security/default-deny-security",published,security-compliance,"/images/topics/default-deny-security/default-deny-security-hero.webp","default-deny-security-hero.webp","Illustrative photograph of people looking after access to valuable creative work",2,"/images/topics/default-deny-security/default-deny-security-a-safe-answer-for-the-moments-.webp; /images/topics/default-deny-security/default-deny-security-a-newly-acquired-studio-joins-.webp",verified-unique,webp,passed
338,"Enterprise Asset Security","/security/enterprise-asset-security",published,security-compliance,"/images/topics/enterprise-asset-security/enterprise-asset-security-hero.webp","enterprise-asset-security-hero.webp","Illustrative photograph of people looking after access to valuable creative work",2,"/images/topics/enterprise-asset-security/enterprise-asset-security-five-parts-usually-looked-afte.webp; /images/topics/enterprise-asset-security/enterprise-asset-security-a-group-wide-rollout-that-star.webp",verified-unique,webp,passed
339,"Creative Data Governance","/security/creative-data-governance",published,security-compliance,"/images/topics/creative-data-governance/creative-data-governance-hero.webp","creative-data-governance-hero.webp","Illustrative photograph of people looking after access to valuable creative work",1,"/images/topics/creative-data-governance/creative-data-governance-rules-for-creative-data-not-on.webp",verified-unique,webp,passed
340,"Secure Digital Asset Management","/security/secure-digital-asset-management",published,security-compliance,"/images/topics/secure-digital-asset-management/secure-digital-asset-management-hero.webp","secure-digital-asset-management-hero.webp","Illustrative photograph of people looking after access to valuable creative work",2,"/images/topics/secure-digital-asset-management/secure-digital-asset-management-protection-that-matches-what-a.webp; /images/topics/secure-digital-asset-management/secure-digital-asset-management-photographs-of-families-whose-.webp",verified-unique,webp,passed
341,"GetSibu Pricing","/pricing",framed,pricing-plans,"/images/topics/getsibu-pricing/getsibu-pricing-hero.webp","getsibu-pricing-hero.webp","Illustrative photograph of a team weighing up the cost of a creative library",1,"/images/topics/getsibu-pricing/getsibu-pricing-understanding-your-own-needs-b.webp",verified-unique,webp,passed
342,"Free Plan","/pricing/free-plan",held,pricing-plans,"/images/topics/free-plan/free-plan-hero.webp","free-plan-hero.webp","Illustrative photograph of a team weighing up the cost of a creative library",3,"/images/topics/free-plan/free-plan-room-for-individuals-and-maker.webp; /images/topics/free-plan/free-plan-what-the-free-plan-provides.webp; /images/topics/free-plan/free-plan-a-freelance-motion-designer-te.webp",verified-unique,webp,passed
343,"Pro Plan","/pricing/pro-plan",held,pricing-plans,"/images/topics/pro-plan/pro-plan-hero.webp","pro-plan-hero.webp","Illustrative photograph of a team weighing up the cost of a creative library",1,"/images/topics/pro-plan/pro-plan-designed-for-the-moment-a-team.webp",verified-unique,webp,passed
344,"Business Plan","/pricing/business-plan",held,pricing-plans,"/images/topics/business-plan/business-plan-hero.webp","business-plan-hero.webp","Illustrative photograph of a team weighing up the cost of a creative library",1,"/images/topics/business-plan/business-plan-requirements-that-arrive-with-.webp",verified-unique,webp,passed
345,"Creative Team Pricing","/pricing/creative-team-pricing",published,pricing-plans,"/images/topics/creative-team-pricing/creative-team-pricing-hero.webp","creative-team-pricing-hero.webp","Illustrative photograph of a team weighing up the cost of a creative library",1,"/images/topics/creative-team-pricing/creative-team-pricing-the-measures-that-describe-wha.webp",verified-unique,webp,passed
346,"DAM Pricing for Agencies","/pricing/dam-pricing-for-agencies",published,pricing-plans,"/images/topics/dam-pricing-for-agencies/dam-pricing-for-agencies-hero.webp","dam-pricing-for-agencies-hero.webp","Illustrative photograph of a team weighing up the cost of a creative library",2,"/images/topics/dam-pricing-for-agencies/dam-pricing-for-agencies-an-agencys-needs-are-counted-c.webp; /images/topics/dam-pricing-for-agencies/dam-pricing-for-agencies-an-agency-describes-its-roster.webp",verified-unique,webp,passed
347,"Enterprise Asset Management Cost","/pricing/enterprise-asset-management-cost",published,pricing-plans,"/images/topics/enterprise-asset-management-cost/enterprise-asset-management-cost-hero.webp","enterprise-asset-management-cost-hero.webp","Illustrative photograph of a team weighing up the cost of a creative library",1,"/images/topics/enterprise-asset-management-cost/enterprise-asset-management-cost-a-cost-only-makes-sense-beside.webp",verified-unique,webp,passed
348,"Creative Workflow ROI","/business-value/creative-workflow-roi",published,business-value,"/images/topics/creative-workflow-roi/creative-workflow-roi-hero.webp","creative-workflow-roi-hero.webp","Illustrative photograph of creative leaders planning how their team works",1,"/images/topics/creative-workflow-roi/creative-workflow-roi-the-return-hides-in-three-ever.webp",verified-unique,webp,passed
349,"Asset Discovery ROI","/business-value/asset-discovery-roi",published,business-value,"/images/topics/asset-discovery-roi/asset-discovery-roi-hero.webp","asset-discovery-roi-hero.webp","Illustrative photograph of creative leaders planning how their team works",2,"/images/topics/asset-discovery-roi/asset-discovery-roi-every-search-takes-time-from-m.webp; /images/topics/asset-discovery-roi/asset-discovery-roi-the-archive-expert-is-away-dur.webp",verified-unique,webp,passed
350,"Duplicate Reduction","/business-value/duplicate-reduction",published,business-value,"/images/topics/duplicate-reduction/duplicate-reduction-hero.webp","duplicate-reduction-hero.webp","Illustrative photograph of creative leaders planning how their team works",2,"/images/topics/duplicate-reduction/duplicate-reduction-two-returns-from-fewer-copies.webp; /images/topics/duplicate-reduction/duplicate-reduction-product-photography-brought-ba.webp",verified-unique,webp,passed
351,"Creative Productivity","/business-value/creative-productivity",published,business-value,"/images/topics/creative-productivity/creative-productivity-hero.webp","creative-productivity-hero.webp","Illustrative photograph of creative leaders planning how their team works",2,"/images/topics/creative-productivity/creative-productivity-productivity-measured-by-atten.webp; /images/topics/creative-productivity/creative-productivity-where-file-work-interrupts-a-c.webp",verified-unique,webp,passed
352,"Marketing Productivity","/business-value/marketing-productivity",published,business-value,"/images/topics/marketing-productivity/marketing-productivity-hero.webp","marketing-productivity-hero.webp","Illustrative photograph of creative leaders planning how their team works",1,"/images/topics/marketing-productivity/marketing-productivity-finding-the-file-is-only-half-.webp",verified-unique,webp,passed
353,"Production Productivity","/business-value/production-productivity",published,business-value,"/images/topics/production-productivity/production-productivity-hero.webp","production-productivity-hero.webp","Illustrative photograph of creative leaders planning how their team works",1,"/images/topics/production-productivity/production-productivity-footage-outgrows-the-time-to-w.webp",verified-unique,webp,passed
354,"Agency Efficiency","/business-value/agency-efficiency",published,business-value,"/images/topics/agency-efficiency/agency-efficiency-hero.webp","agency-efficiency-hero.webp","Illustrative photograph of creative leaders planning how their team works",1,"/images/topics/agency-efficiency/agency-efficiency-overhead-that-grows-with-every.webp",verified-unique,webp,passed
355,"Creative Operations Efficiency","/business-value/creative-operations-efficiency",published,business-value,"/images/topics/creative-operations-efficiency/creative-operations-efficiency-hero.webp","creative-operations-efficiency-hero.webp","Illustrative photograph of creative leaders planning how their team works",1,"/images/topics/creative-operations-efficiency/creative-operations-efficiency-steadier-operations-rather-tha.webp",verified-unique,webp,passed
356,"Asset Management Efficiency","/business-value/asset-management-efficiency",published,business-value,"/images/topics/asset-management-efficiency/asset-management-efficiency-hero.webp","asset-management-efficiency-hero.webp","Illustrative photograph of creative leaders planning how their team works",1,"/images/topics/asset-management-efficiency/asset-management-efficiency-repetition-that-grows-with-the.webp",verified-unique,webp,passed
357,"Storage Efficiency","/business-value/storage-efficiency",published,business-value,"/images/topics/storage-efficiency/storage-efficiency-hero.webp","storage-efficiency-hero.webp","Illustrative photograph of creative leaders planning how their team works",1,"/images/topics/storage-efficiency/storage-efficiency-storage-spent-on-purpose.webp",verified-unique,webp,passed
358,"Collaboration Efficiency","/business-value/collaboration-efficiency",published,business-value,"/images/topics/collaboration-efficiency/collaboration-efficiency-hero.webp","collaboration-efficiency-hero.webp","Illustrative photograph of creative leaders planning how their team works",1,"/images/topics/collaboration-efficiency/collaboration-efficiency-the-effort-of-explaining-which.webp",verified-unique,webp,passed
359,"DAM Business Case","/business-value/dam-business-case",published,business-value,"/images/topics/dam-business-case/dam-business-case-hero.webp","dam-business-case-hero.webp","Illustrative photograph of creative leaders planning how their team works",1,"/images/topics/dam-business-case/dam-business-case-a-case-the-decision-makers-can.webp",verified-unique,webp,passed
360,"Why Invest in GetSibu","/business-value/why-invest-in-getsibu",published,business-value,"/images/topics/why-invest-in-getsibu/why-invest-in-getsibu-hero.webp","why-invest-in-getsibu-hero.webp","Illustrative photograph of creative leaders planning how their team works",2,"/images/topics/why-invest-in-getsibu/why-invest-in-getsibu-an-investment-in-work-already-.webp; /images/topics/why-invest-in-getsibu/why-invest-in-getsibu-five-parts-of-the-platform-and.webp",verified-unique,webp,passed
361,"What Is Digital Asset Management?","/resources/what-is-digital-asset-management",published,resources,"/images/topics/what-is-digital-asset-management/what-is-digital-asset-management-hero.webp","what-is-digital-asset-management-hero.webp","Illustrative photograph of a reference library about managing creative assets",2,"/images/topics/what-is-digital-asset-management/what-is-digital-asset-management-why-organisations-manage-asset.webp; /images/topics/what-is-digital-asset-management/what-is-digital-asset-management-how-getsibu-extends-traditiona.webp",verified-unique,webp,passed
362,"What Is AI Asset Management?","/resources/what-is-ai-asset-management",published,resources,"/images/topics/what-is-ai-asset-management/what-is-ai-asset-management-hero.webp","what-is-ai-asset-management-hero.webp","Illustrative photograph of a reference library about managing creative assets",2,"/images/topics/what-is-ai-asset-management/what-is-ai-asset-management-what-changes-when-software-can.webp; /images/topics/what-is-ai-asset-management/what-is-ai-asset-management-how-getsibu-applies-ai-to-the-.webp",verified-unique,webp,passed
363,"What Is Semantic Search?","/resources/what-is-semantic-search",published,resources,"/images/topics/what-is-semantic-search/what-is-semantic-search-hero.webp","what-is-semantic-search-hero.webp","Illustrative photograph of a reference library about managing creative assets",2,"/images/topics/what-is-semantic-search/what-is-semantic-search-why-exact-words-fail-in-a-crea.webp; /images/topics/what-is-semantic-search/what-is-semantic-search-how-getsibu-applies-semantic-s.webp",verified-unique,webp,passed
364,"What Is AI Tagging?","/resources/what-is-ai-tagging",published,resources,"/images/topics/what-is-ai-tagging/what-is-ai-tagging-hero.webp","what-is-ai-tagging-hero.webp","Illustrative photograph of a reference library about managing creative assets",3,"/images/topics/what-is-ai-tagging/what-is-ai-tagging-why-large-libraries-stop-being.webp; /images/topics/what-is-ai-tagging/what-is-ai-tagging-the-life-of-a-suggested-tag.webp; /images/topics/what-is-ai-tagging/what-is-ai-tagging-how-getsibu-applies-ai-tagging.webp",verified-unique,webp,passed
365,"What Is Scene Detection?","/resources/what-is-scene-detection",held,resources,"/images/topics/what-is-scene-detection/what-is-scene-detection-hero.webp","what-is-scene-detection-hero.webp","Illustrative photograph of a reference library about managing creative assets",2,"/images/topics/what-is-scene-detection/what-is-scene-detection-why-long-video-is-hard-to-find.webp; /images/topics/what-is-scene-detection/what-is-scene-detection-how-getsibu-applies-scene-dete.webp",verified-unique,webp,passed
366,"What Is OCR in DAM?","/resources/what-is-ocr-in-dam",published,resources,"/images/topics/what-is-ocr-in-dam/what-is-ocr-in-dam-hero.webp","what-is-ocr-in-dam-hero.webp","Illustrative photograph of a reference library about managing creative assets",2,"/images/topics/what-is-ocr-in-dam/what-is-ocr-in-dam-why-words-locked-inside-files-.webp; /images/topics/what-is-ocr-in-dam/what-is-ocr-in-dam-how-getsibu-applies-ocr.webp",verified-unique,webp,passed
367,"What Is Face Grouping?","/resources/what-is-face-grouping",held,resources,"/images/topics/what-is-face-grouping/what-is-face-grouping-hero.webp","what-is-face-grouping-hero.webp","Illustrative photograph of a reference library about managing creative assets",2,"/images/topics/what-is-face-grouping/what-is-face-grouping-finding-the-same-person-across.webp; /images/topics/what-is-face-grouping/what-is-face-grouping-how-getsibu-applies-face-group.webp",verified-unique,webp,passed
368,"What Is Duplicate Detection?","/resources/what-is-duplicate-detection",published,resources,"/images/topics/what-is-duplicate-detection/what-is-duplicate-detection-hero.webp","what-is-duplicate-detection-hero.webp","Illustrative photograph of a reference library about managing creative assets",2,"/images/topics/what-is-duplicate-detection/what-is-duplicate-detection-how-one-asset-ends-up-in-a-lib.webp; /images/topics/what-is-duplicate-detection/what-is-duplicate-detection-how-getsibu-applies-duplicate-.webp",verified-unique,webp,passed
369,"What Is Asset Versioning?","/resources/what-is-asset-versioning",published,resources,"/images/topics/what-is-asset-versioning/what-is-asset-versioning-hero.webp","what-is-asset-versioning-hero.webp","Illustrative photograph of a reference library about managing creative assets",2,"/images/topics/what-is-asset-versioning/what-is-asset-versioning-one-identity-for-an-asset-many.webp; /images/topics/what-is-asset-versioning/what-is-asset-versioning-how-getsibu-applies-asset-vers.webp",verified-unique,webp,passed
370,"What Is Creative Approval?","/resources/what-is-creative-approval",published,resources,"/images/topics/what-is-creative-approval/what-is-creative-approval-hero.webp","what-is-creative-approval-hero.webp","Illustrative photograph of a reference library about managing creative assets",3,"/images/topics/what-is-creative-approval/what-is-creative-approval-why-sign-off-needs-to-be-a-rec.webp; /images/topics/what-is-creative-approval/what-is-creative-approval-stages-an-approval-typically-p.webp; /images/topics/what-is-creative-approval/what-is-creative-approval-how-getsibu-applies-creative-a.webp",verified-unique,webp,passed
371,"What Is Creative Governance?","/resources/what-is-creative-governance",published,resources,"/images/topics/what-is-creative-governance/what-is-creative-governance-hero.webp","what-is-creative-governance-hero.webp","Illustrative photograph of a reference library about managing creative assets",2,"/images/topics/what-is-creative-governance/what-is-creative-governance-the-rules-that-let-many-people.webp; /images/topics/what-is-creative-governance/what-is-creative-governance-how-getsibu-supports-creative-.webp",verified-unique,webp,passed
372,"What Is Multi-Tenant DAM?","/resources/what-is-multi-tenant-dam",published,resources,"/images/topics/what-is-multi-tenant-dam/what-is-multi-tenant-dam-hero.webp","what-is-multi-tenant-dam-hero.webp","Illustrative photograph of a reference library about managing creative assets",2,"/images/topics/what-is-multi-tenant-dam/what-is-multi-tenant-dam-separation-built-into-the-stru.webp; /images/topics/what-is-multi-tenant-dam/what-is-multi-tenant-dam-how-getsibu-applies-multi-tena.webp",verified-unique,webp,passed
373,"What Is a Creative Library?","/resources/what-is-a-creative-library",published,resources,"/images/topics/what-is-a-creative-library/what-is-a-creative-library-hero.webp","what-is-a-creative-library-hero.webp","Illustrative photograph of a reference library about managing creative assets",2,"/images/topics/what-is-a-creative-library/what-is-a-creative-library-the-difference-between-a-pile-.webp; /images/topics/what-is-a-creative-library/what-is-a-creative-library-how-getsibu-shapes-a-creative-.webp",verified-unique,webp,passed
374,"What Is Asset Metadata?","/resources/what-is-asset-metadata",published,resources,"/images/topics/what-is-asset-metadata/what-is-asset-metadata-hero.webp","what-is-asset-metadata-hero.webp","Illustrative photograph of a reference library about managing creative assets",3,"/images/topics/what-is-asset-metadata/what-is-asset-metadata-the-information-that-makes-a-f.webp; /images/topics/what-is-asset-metadata/what-is-asset-metadata-how-metadata-accumulates-aroun.webp; /images/topics/what-is-asset-metadata/what-is-asset-metadata-how-getsibu-handles-asset-meta.webp",verified-unique,webp,passed
375,"What Is Asset Taxonomy?","/resources/what-is-asset-taxonomy",published,resources,"/images/topics/what-is-asset-taxonomy/what-is-asset-taxonomy-hero.webp","what-is-asset-taxonomy-hero.webp","Illustrative photograph of a reference library about managing creative assets",2,"/images/topics/what-is-asset-taxonomy/what-is-asset-taxonomy-shared-words-for-a-shared-libr.webp; /images/topics/what-is-asset-taxonomy/what-is-asset-taxonomy-how-getsibu-supports-an-asset-.webp",verified-unique,webp,passed
376,"What Is a DAM Migration?","/resources/what-is-a-dam-migration",published,resources,"/images/topics/what-is-a-dam-migration/what-is-a-dam-migration-hero.webp","what-is-a-dam-migration-hero.webp","Illustrative photograph of a reference library about managing creative assets",2,"/images/topics/what-is-a-dam-migration/what-is-a-dam-migration-why-a-migration-is-more-than-c.webp; /images/topics/what-is-a-dam-migration/what-is-a-dam-migration-how-getsibu-approaches-a-dam-m.webp",verified-unique,webp,passed
377,"How AI Changes DAM","/resources/how-ai-changes-dam",published,resources,"/images/topics/how-ai-changes-dam/how-ai-changes-dam-hero.webp","how-ai-changes-dam-hero.webp","Illustrative photograph of a reference library about managing creative assets",2,"/images/topics/how-ai-changes-dam/how-ai-changes-dam-findability-no-longer-depends-.webp; /images/topics/how-ai-changes-dam/how-ai-changes-dam-how-getsibu-applies-ai-across-.webp",verified-unique,webp,passed
378,"Future of Digital Asset Management","/resources/future-of-digital-asset-management",published,resources,"/images/topics/future-of-digital-asset-management/future-of-digital-asset-management-hero.webp","future-of-digital-asset-management-hero.webp","Illustrative photograph of a reference library about managing creative assets",2,"/images/topics/future-of-digital-asset-management/future-of-digital-asset-management-from-keeping-files-to-understa.webp; /images/topics/future-of-digital-asset-management/future-of-digital-asset-management-where-getsibu-stands-on-this-d.webp",verified-unique,webp,passed
379,"Future of Creative Collaboration","/resources/future-of-creative-collaboration",published,resources,"/images/topics/future-of-creative-collaboration/future-of-creative-collaboration-hero.webp","future-of-creative-collaboration-hero.webp","Illustrative photograph of a reference library about managing creative assets",2,"/images/topics/future-of-creative-collaboration/future-of-creative-collaboration-collaboration-is-following-the.webp; /images/topics/future-of-creative-collaboration/future-of-creative-collaboration-how-getsibu-brings-collaborati.webp",verified-unique,webp,passed
380,"Future of AI-Powered Creative Libraries","/resources/future-of-ai-powered-creative-libraries",published,resources,"/images/topics/future-of-ai-powered-creative-libraries/future-of-ai-powered-creative-libraries-hero.webp","future-of-ai-powered-creative-libraries-hero.webp","Illustrative photograph of a reference library about managing creative assets",2,"/images/topics/future-of-ai-powered-creative-libraries/future-of-ai-powered-creative-libraries-a-library-that-remembers-what-.webp; /images/topics/future-of-ai-powered-creative-libraries/future-of-ai-powered-creative-libraries-how-getsibu-builds-toward-a-mo.webp",verified-unique,webp,passed
381,"What Is GetSibu?","/faq/what-is-getsibu",published,faq,"/images/topics/what-is-getsibu/what-is-getsibu-hero.webp","what-is-getsibu-hero.webp","Illustrative photograph of a person looking for a clear answer",1,"/images/topics/what-is-getsibu/what-is-getsibu-a-system-for-the-media-creativ.webp",verified-unique,webp,passed
382,"Who Is GetSibu For?","/faq/who-is-getsibu-for",published,faq,"/images/topics/who-is-getsibu-for/who-is-getsibu-for-hero.webp","who-is-getsibu-for-hero.webp","Illustrative photograph of a person looking for a clear answer",2,"/images/topics/who-is-getsibu-for/who-is-getsibu-for-a-fit-defined-by-the-library-r.webp; /images/topics/who-is-getsibu-for/who-is-getsibu-for-library-pressures-behind-the-t.webp",verified-unique,webp,passed
383,"Does GetSibu Support AI Tagging?","/faq/does-getsibu-support-ai-tagging",published,faq,"/images/topics/does-getsibu-support-ai-tagging/does-getsibu-support-ai-tagging-hero.webp","does-getsibu-support-ai-tagging-hero.webp","Illustrative photograph of a person looking for a clear answer",2,"/images/topics/does-getsibu-support-ai-tagging/does-getsibu-support-ai-tagging-why-assisted-is-the-important-.webp; /images/topics/does-getsibu-support-ai-tagging/does-getsibu-support-ai-tagging-confidence-analysis-and-search.webp",verified-unique,webp,passed
384,"Can GetSibu Search Inside Documents?","/faq/can-getsibu-search-inside-documents",published,faq,"/images/topics/can-getsibu-search-inside-documents/can-getsibu-search-inside-documents-hero.webp","can-getsibu-search-inside-documents-hero.webp","Illustrative photograph of a person looking for a clear answer",1,"/images/topics/can-getsibu-search-inside-documents/can-getsibu-search-inside-documents-when-the-words-you-remember-ar.webp",verified-unique,webp,passed
385,"Does GetSibu Support Video Comments?","/faq/does-getsibu-support-video-comments",published,faq,"/images/topics/does-getsibu-support-video-comments/does-getsibu-support-video-comments-hero.webp","does-getsibu-support-video-comments-hero.webp","Illustrative photograph of a person looking for a clear answer",2,"/images/topics/does-getsibu-support-video-comments/does-getsibu-support-video-comments-video-comments-as-part-of-revi.webp; /images/topics/does-getsibu-support-video-comments/does-getsibu-support-video-comments-what-surrounds-a-comment-on-th.webp",verified-unique,webp,passed
386,"Does GetSibu Support Versioning?","/faq/does-getsibu-support-versioning",published,faq,"/images/topics/does-getsibu-support-versioning/does-getsibu-support-versioning-hero.webp","does-getsibu-support-versioning-hero.webp","Illustrative photograph of a person looking for a clear answer",1,"/images/topics/does-getsibu-support-versioning/does-getsibu-support-versioning-one-record-for-each-piece-of-w.webp",verified-unique,webp,passed
387,"Does GetSibu Support Multiple Clients?","/faq/does-getsibu-support-multiple-clients",published,faq,"/images/topics/does-getsibu-support-multiple-clients/does-getsibu-support-multiple-clients-hero.webp","does-getsibu-support-multiple-clients-hero.webp","Illustrative photograph of a person looking for a clear answer",1,"/images/topics/does-getsibu-support-multiple-clients/does-getsibu-support-multiple-clients-separate-environments-for-orga.webp",verified-unique,webp,passed
388,"Does GetSibu Have an API?","/faq/does-getsibu-have-an-api",published,faq,"/images/topics/does-getsibu-have-an-api/does-getsibu-have-an-api-hero.webp","does-getsibu-have-an-api-hero.webp","Illustrative photograph of a person looking for a clear answer",2,"/images/topics/does-getsibu-have-an-api/does-getsibu-have-an-api-an-asset-system-designed-to-be.webp; /images/topics/does-getsibu-have-an-api/does-getsibu-have-an-api-what-applications-can-do-with-.webp",verified-unique,webp,passed
389,"Does GetSibu Support SSO?","/faq/does-getsibu-support-sso",held,faq,"/images/topics/does-getsibu-support-sso/does-getsibu-support-sso-hero.webp","does-getsibu-support-sso-hero.webp","Illustrative photograph of a person looking for a clear answer",2,"/images/topics/does-getsibu-support-sso/does-getsibu-support-sso-what-the-answer-covers-and-wha.webp; /images/topics/does-getsibu-support-sso/does-getsibu-support-sso-what-else-protects-access-to-a.webp",verified-unique,webp,passed
390,"Can GetSibu Integrate With Existing Tools?","/faq/can-getsibu-integrate-with-existing-tools",framed,faq,"/images/topics/can-getsibu-integrate-with-existing-tools/can-getsibu-integrate-with-existing-tools-hero.webp","can-getsibu-integrate-with-existing-tools-hero.webp","Illustrative photograph of a person looking for a clear answer",2,"/images/topics/can-getsibu-integrate-with-existing-tools/can-getsibu-integrate-with-existing-tools-fitting-into-a-workflow-instea.webp; /images/topics/can-getsibu-integrate-with-existing-tools/can-getsibu-integrate-with-existing-tools-ways-getsibu-can-work-alongsid.webp",verified-unique,webp,passed
391,"Start Your Creative Library","/get-started",published,conversion,"/images/topics/start-your-creative-library/start-your-creative-library-hero.webp","start-your-creative-library-hero.webp","Illustrative photograph of a creative team setting up a shared library",1,"/images/topics/start-your-creative-library/start-your-creative-library-a-library-that-takes-shape-fro.webp",verified-unique,webp,passed
392,"Bring Your Creative Assets Together","/get-started/bring-your-creative-assets-together",published,conversion,"/images/topics/bring-your-creative-assets-together/bring-your-creative-assets-together-hero.webp","bring-your-creative-assets-together-hero.webp","Illustrative photograph of a creative team setting up a shared library",2,"/images/topics/bring-your-creative-assets-together/bring-your-creative-assets-together-four-kinds-of-file-too-often-f.webp; /images/topics/bring-your-creative-assets-together/bring-your-creative-assets-together-a-fundraising-appeal-gathered-.webp",verified-unique,webp,passed
393,"Stop Searching Through Folders","/get-started/stop-searching-through-folders",published,conversion,"/images/topics/stop-searching-through-folders/stop-searching-through-folders-hero.webp","stop-searching-through-folders-hero.webp","Illustrative photograph of a creative team setting up a shared library",1,"/images/topics/stop-searching-through-folders/stop-searching-through-folders-filing-happens-once-finding-ha.webp",verified-unique,webp,passed
394,"Make Every Asset Discoverable","/get-started/make-every-asset-discoverable",published,conversion,"/images/topics/make-every-asset-discoverable/make-every-asset-discoverable-hero.webp","make-every-asset-discoverable-hero.webp","Illustrative photograph of a creative team setting up a shared library",2,"/images/topics/make-every-asset-discoverable/make-every-asset-discoverable-most-of-what-makes-a-file-find.webp; /images/topics/make-every-asset-discoverable/make-every-asset-discoverable-an-anniversary-publication-bui.webp",verified-unique,webp,passed
395,"Give Your Creative Team One Source of Truth","/get-started/give-your-creative-team-one-source-of-truth",published,conversion,"/images/topics/give-your-creative-team-one-source-of-truth/give-your-creative-team-one-source-of-truth-hero.webp","give-your-creative-team-one-source-of-truth-hero.webp","Illustrative photograph of a creative team setting up a shared library",1,"/images/topics/give-your-creative-team-one-source-of-truth/give-your-creative-team-one-source-of-truth-consistency-is-won-or-lost-whe.webp",verified-unique,webp,passed
396,"Build a Smarter Creative Workflow","/get-started/build-a-smarter-creative-workflow",published,conversion,"/images/topics/build-a-smarter-creative-workflow/build-a-smarter-creative-workflow-hero.webp","build-a-smarter-creative-workflow-hero.webp","Illustrative photograph of a creative team setting up a shared library",2,"/images/topics/build-a-smarter-creative-workflow/build-a-smarter-creative-workflow-a-workflow-is-only-as-smart-as.webp; /images/topics/build-a-smarter-creative-workflow/build-a-smarter-creative-workflow-what-each-pair-of-stages-hands.webp",verified-unique,webp,passed
397,"Scale Your Creative Library","/get-started/scale-your-creative-library",published,conversion,"/images/topics/scale-your-creative-library/scale-your-creative-library-hero.webp","scale-your-creative-library-hero.webp","Illustrative photograph of a creative team setting up a shared library",3,"/images/topics/scale-your-creative-library/scale-your-creative-library-growth-strains-a-library-in-fo.webp; /images/topics/scale-your-creative-library/scale-your-creative-library-what-a-growing-library-leans-o.webp; /images/topics/scale-your-creative-library/scale-your-creative-library-a-retail-brands-library-after-.webp",verified-unique,webp,passed
398,"Turn Your Asset Library Into Intelligence","/get-started/turn-your-asset-library-into-intelligence",framed,conversion,"/images/topics/turn-your-asset-library-into-intelligence/turn-your-asset-library-into-intelligence-hero.webp","turn-your-asset-library-into-intelligence-hero.webp","Illustrative photograph of a creative team setting up a shared library",1,"/images/topics/turn-your-asset-library-into-intelligence/turn-your-asset-library-into-intelligence-meaning-an-organisation-can-re.webp",verified-unique,webp,passed
399,"Bring Order to Creative Chaos","/get-started/bring-order-to-creative-chaos",published,conversion,"/images/topics/bring-order-to-creative-chaos/bring-order-to-creative-chaos-hero.webp","bring-order-to-creative-chaos-hero.webp","Illustrative photograph of a creative team setting up a shared library",1,"/images/topics/bring-order-to-creative-chaos/bring-order-to-creative-chaos-chaos-is-a-pattern-not-a-singl.webp",verified-unique,webp,passed
400,"The Future of Creative Asset Management","/get-started/future-of-creative-asset-management",published,conversion,"/images/topics/the-future-of-creative-asset-management/the-future-of-creative-asset-management-hero.webp","the-future-of-creative-asset-management-hero.webp","Illustrative photograph of a creative team setting up a shared library",1,"/images/topics/the-future-of-creative-asset-management/the-future-of-creative-asset-management-moving-quickly-without-losing-.webp",verified-unique,webp,passed