pdf_page,title,pdf_group,status,merged_into,section,category,role,url,aliases,parent,breadcrumb,page_type,recipe,primary_topic,intent,purpose,key_statement,angle,clusters,related,mentions,related_features,related_resources,related_faqs,related_use_cases,children,cta_primary,cta_contextual,seo_title,meta_description,canonical,schema_types,robots,in_sitemap,search_group,visual_medium,visual_concept,claims,needs_verification,publication,context_page,source_text
1,GetSibu — Creative Asset Management Platform,1-10 Platform,canonical,,Home,home,home,/,,,Home,— Home,home,getsibu — creative asset management platform,navigational,Establish what GetSibu is and route each audience to the right part of the site.,"GetSibu is an intelligent creative asset management platform designed to help teams store, organise, search, review and collaborate on videos, images, documents and audio from one central workspace.","Homepage: the platform in one statement — store, organise, search, review and collaborate from one workspace.",What GetSibu is; One central library,6 Centralised Creative Asset Library; 2 The Operating System for Creative Libraries; 3 AI-Powered Digital Asset Management; 5 Intelligent Media Library; 7 Modern Digital Asset Management; 10 One Source of Truth for Creative Teams,,6 Centralised Creative Asset Library; 2 The Operating System for Creative Libraries; 3 AI-Powered Digital Asset Management; 5 Intelligent Media Library,373 What Is a Creative Library?,381 What Is GetSibu?; 382 Who Is GetSibu For?,,0,Start free -> https://getsibu.com/signup,Bring Your Creative Assets Together -> /get-started/bring-your-creative-assets-together,GetSibu — Creative Asset Management Platform,"GetSibu is an intelligent creative asset management platform where teams store, organise, search, review and collaborate on videos, images, documents and audio.",/,WebPage Organization WebSite,"index,follow",true,Platform,product-ui diagram,"One central creative library: videos, images, documents and audio arriving from connected sources and becoming searchable.",,false,published,,"GetSibu is an intelligent creative asset management platform designed to help teams store, organise, search, review and collaborate on videos, images, documents and audio from one central workspace. Instead of depending on scattered folders, disconnected drives and complicated naming systems, GetSibu creates a searchable creative library where teams can quickly locate the right asset and understand its context."
2,The Operating System for Creative Libraries,1-10 Platform,canonical,,Platform,platform,section-root,/platform,,/,Home > The Operating System for Creative Libraries,A Product / Platform,platform-statement,the operating system for creative libraries,commercial,Explain a platform-level idea of GetSibu and show how its parts combine into one creative library.,"GetSibu acts as an operating system for modern creative libraries by bringing storage, organisation, AI tagging, search, collaboration, permissions and analytics into one platform.","The operating-system idea: storage, organisation, AI tagging, search, collaboration, permissions and analytics as one platform.",What GetSibu is,3 AI-Powered Digital Asset Management; 5 Intelligent Media Library; 7 Modern Digital Asset Management; 120 Complete Asset Management; 360 Why Invest in GetSibu; 31 AI-Assisted Tagging,31 AI-Assisted Tagging; 151 Creative Asset Permissions; 181 Creative Asset Analytics,3 AI-Powered Digital Asset Management; 5 Intelligent Media Library; 7 Modern Digital Asset Management; 120 Complete Asset Management,,381 What Is GetSibu?; 382 Who Is GetSibu For?,,8,Start free -> https://getsibu.com/signup,Give Your Creative Team One Source of Truth -> /get-started/give-your-creative-team-one-source-of-truth,The Operating System for Creative Libraries | GetSibu,"GetSibu brings storage, organisation, AI tagging, search, collaboration, permissions and analytics into one platform: an operating system for creative work.",/platform,WebPage BreadcrumbList,"index,follow",true,Platform,diagram product-ui,"The library as a system: storage, organisation, AI tagging, search, collaboration, permissions and analytics as connected layers (PDF p.2).",,false,published,,"GetSibu acts as an operating system for modern creative libraries by bringing storage, organisation, AI tagging, search, collaboration, permissions and analytics into one platform. Creative teams can connect existing storage sources, import assets, automatically process media and make the resulting library available to authorised team members."
3,AI-Powered Digital Asset Management,1-10 Platform,canonical,,Platform,platform,leaf,/platform/ai-powered-digital-asset-management,,/platform,Home > Platform > AI-Powered Digital Asset Management,A Product / Platform,platform-contrast,ai-powered digital asset management,commercial,Explain a platform-level idea of GetSibu and show how its parts combine into one creative library.,GetSibu combines digital asset management with artificial intelligence to make large creative libraries easier to understand.,"Why AI belongs in DAM: the manual work AI tagging, scene detection, OCR, semantic search, face grouping and duplicate detection remove. / Platform positioning (see platform-positioning).","What GetSibu is; Practical, human-controlled AI",60 Practical AI for Creative Teams; 5 Intelligent Media Library; 2 The Operating System for Creative Libraries; 7 Modern Digital Asset Management; 9 AI-Aware Asset Management; 45 AI-Powered Asset Management,31 AI-Assisted Tagging; 38 AI OCR; 39 AI Semantic Search; 40 AI Duplicate Detection,60 Practical AI for Creative Teams; 5 Intelligent Media Library; 2 The Operating System for Creative Libraries; 7 Modern Digital Asset Management,362 What Is AI Asset Management?; 377 How AI Changes DAM,381 What Is GetSibu?; 382 Who Is GetSibu For?,,0,Start free -> https://getsibu.com/signup,Give Your Creative Team One Source of Truth -> /get-started/give-your-creative-team-one-source-of-truth,AI-Powered Digital Asset Management | GetSibu,AI-Powered Digital Asset Management: GetSibu is an intelligent creative asset management platform.,/platform/ai-powered-digital-asset-management,WebPage BreadcrumbList,"index,follow",true,Platform,diagram product-ui,"The library as a system: storage, organisation, AI tagging, search, collaboration, permissions and analytics as connected layers (PDF p.2).",ai-tagging scene-detection face-grouping ocr semantic-search duplicate-detection,true,framed,1,"GetSibu combines digital asset management with artificial intelligence to make large creative libraries easier to understand. AI-assisted tagging, scene detection, OCR, semantic search, face grouping and duplicate detection help teams organise information that would otherwise require extensive manual work."
4,Creative Library Management,1-10 Platform,canonical,,Platform,platform,leaf,/platform/creative-library-management,,/platform,Home > Platform > Creative Library Management,A Product / Platform,platform-story,creative library management,commercial,Explain a platform-level idea of GetSibu and show how its parts combine into one creative library.,"A growing creative team can quickly accumulate thousands of videos, images, documents and audio files.","Structure for a growing library: folders, tags, collections, metadata and permissions.",Organising the library,8 Creative Asset Organisation; 29 Creative Library Navigation; 57 AI Library Organisation; 375 What Is Asset Taxonomy?; 22 Media Metadata Management; 151 Creative Asset Permissions,22 Media Metadata Management; 151 Creative Asset Permissions,8 Creative Asset Organisation; 29 Creative Library Navigation; 57 AI Library Organisation; 22 Media Metadata Management,375 What Is Asset Taxonomy?,,,0,Start free -> https://getsibu.com/signup,Scale Your Creative Library -> /get-started/scale-your-creative-library,Creative Library Management | GetSibu,"A growing creative team can quickly accumulate thousands of videos, images, documents and audio files.",/platform/creative-library-management,WebPage BreadcrumbList,"index,follow",true,Platform,diagram product-ui,"The library as a system: storage, organisation, AI tagging, search, collaboration, permissions and analytics as connected layers (PDF p.2).",,false,published,,"A growing creative team can quickly accumulate thousands of videos, images, documents and audio files. GetSibu provides a structured environment where those assets can be organised through folders, tags, collections, metadata and permissions, creating a reliable source of truth for the entire organisation."
5,Intelligent Media Library,1-10 Platform,canonical,,Platform,platform,leaf,/platform/intelligent-media-library,,/platform,Home > Platform > Intelligent Media Library,A Product / Platform,platform-statement,intelligent media library,commercial,Explain a platform-level idea of GetSibu and show how its parts combine into one creative library.,GetSibu transforms a conventional media library into an intelligent information system.,"From media library to information system: search by what is in the asset, not its filename. / Platform framing (see platform-positioning): the media library as an information system.",What GetSibu is; Creative asset search,11 Creative Asset Search; 3 AI-Powered Digital Asset Management; 7 Modern Digital Asset Management; 2 The Operating System for Creative Libraries; 13 Media Search Platform; 16 Search Across Creative Libraries,38 AI OCR; 36 AI Colour Detection; 22 Media Metadata Management,11 Creative Asset Search; 3 AI-Powered Digital Asset Management; 7 Modern Digital Asset Management; 2 The Operating System for Creative Libraries,,381 What Is GetSibu?; 382 Who Is GetSibu For?,,0,Start free -> https://getsibu.com/signup,Stop Searching Through Folders -> /get-started/stop-searching-through-folders,Intelligent Media Library | GetSibu,Intelligent Media Library: GetSibu is an intelligent creative asset management platform.,/platform/intelligent-media-library,WebPage BreadcrumbList,"index,follow",true,Platform,diagram product-ui,"The library as a system: storage, organisation, AI tagging, search, collaboration, permissions and analytics as connected layers (PDF p.2).",scene-detection,true,framed,1,"GetSibu transforms a conventional media library into an intelligent information system. Instead of searching only by filenames, users can search using descriptions, visual characteristics, extracted text, tags, people, colours, scenes, formats and other available metadata."
6,Centralised Creative Asset Library,1-10 Platform,canonical,,Platform,platform,leaf,/platform/centralised-creative-asset-library,,/platform,Home > Platform > Centralised Creative Asset Library,A Product / Platform,platform-contrast,centralised creative asset library,commercial,Explain a platform-level idea of GetSibu and show how its parts combine into one creative library.,"GetSibu provides one central location for creative assets from connected drives, local infrastructure and direct uploads.","Bringing connected drives, local infrastructure and uploads into one location; fewer disconnected versions.",One central library,10 One Source of Truth for Creative Teams; 150 Centralised Media Storage; 373 What Is a Creative Library?; 91 Creative Asset Versioning; 127 Drag and Drop Upload; 395 Give Your Creative Team One Source of Truth,127 Drag and Drop Upload; 91 Creative Asset Versioning,10 One Source of Truth for Creative Teams; 150 Centralised Media Storage; 91 Creative Asset Versioning; 127 Drag and Drop Upload,373 What Is a Creative Library?,,,0,Start free -> https://getsibu.com/signup,Bring Your Creative Assets Together -> /get-started/bring-your-creative-assets-together,Centralised Creative Asset Library | GetSibu,"GetSibu provides one central location for creative assets from connected drives, local infrastructure and direct uploads.",/platform/centralised-creative-asset-library,WebPage BreadcrumbList,"index,follow",true,Platform,diagram product-ui,"The library as a system: storage, organisation, AI tagging, search, collaboration, permissions and analytics as connected layers (PDF p.2).",,false,published,,"GetSibu provides one central location for creative assets from connected drives, local infrastructure and direct uploads. By bringing assets together, teams can reduce the confusion caused by multiple storage locations and disconnected versions of the same file."
7,Modern Digital Asset Management,1-10 Platform,canonical,,Platform,platform,leaf,/platform/modern-digital-asset-management,,/platform,Home > Platform > Modern Digital Asset Management,A Product / Platform,platform-statement,modern digital asset management,commercial,Explain a platform-level idea of GetSibu and show how its parts combine into one creative library.,Traditional file storage focuses primarily on keeping files available.,Contrast with traditional file storage: what DAM adds for creative workflows.,What GetSibu is; DAM fundamentals,361 What Is Digital Asset Management?; 5 Intelligent Media Library; 3 AI-Powered Digital Asset Management; 2 The Operating System for Creative Libraries; 120 Complete Asset Management; 360 Why Invest in GetSibu,67 Creative Approval Workflow; 91 Creative Asset Versioning; 181 Creative Asset Analytics; 151 Creative Asset Permissions,5 Intelligent Media Library; 3 AI-Powered Digital Asset Management; 2 The Operating System for Creative Libraries; 120 Complete Asset Management,361 What Is Digital Asset Management?; 373 What Is a Creative Library?; 374 What Is Asset Metadata?,381 What Is GetSibu?; 382 Who Is GetSibu For?,,0,Start free -> https://getsibu.com/signup,Give Your Creative Team One Source of Truth -> /get-started/give-your-creative-team-one-source-of-truth,Modern Digital Asset Management | GetSibu,Traditional file storage focuses primarily on keeping files available.,/platform/modern-digital-asset-management,WebPage BreadcrumbList,"index,follow",true,Platform,diagram product-ui,"The library as a system: storage, organisation, AI tagging, search, collaboration, permissions and analytics as connected layers (PDF p.2).",,false,published,,"Traditional file storage focuses primarily on keeping files available. GetSibu extends that concept by adding AI-assisted organisation, contextual search, collaboration, approvals, version history, analytics and permission controls specifically designed for creative workflows."
8,Creative Asset Organisation,1-10 Platform,canonical,,Platform,platform,leaf,/platform/creative-asset-organisation,,/platform,Home > Platform > Creative Asset Organisation,A Product / Platform,platform-story,creative asset organisation,commercial,Explain a platform-level idea of GetSibu and show how its parts combine into one creative library.,GetSibu helps teams organise creative assets using structured folders and scalable taxonomies.,"Taxonomy that scales: hierarchical tags, synonyms, colours and inheritance.",Organising the library,375 What Is Asset Taxonomy?; 4 Creative Library Management; 29 Creative Library Navigation; 57 AI Library Organisation; 36 AI Colour Detection; 399 Bring Order to Creative Chaos,375 What Is Asset Taxonomy?; 36 AI Colour Detection,4 Creative Library Management; 29 Creative Library Navigation; 57 AI Library Organisation; 36 AI Colour Detection,375 What Is Asset Taxonomy?,,,0,Start free -> https://getsibu.com/signup,Scale Your Creative Library -> /get-started/scale-your-creative-library,Creative Asset Organisation | GetSibu,GetSibu helps teams organise creative assets using structured folders and scalable taxonomies.,/platform/creative-asset-organisation,WebPage BreadcrumbList,"index,follow",true,Platform,diagram product-ui,"The library as a system: storage, organisation, AI tagging, search, collaboration, permissions and analytics as connected layers (PDF p.2).",taxonomy,false,published,,"GetSibu helps teams organise creative assets using structured folders and scalable taxonomies. Hierarchical tags, synonyms, colours and inheritance make it possible to create an organisation system that remains useful even when the library grows to thousands or millions of assets."
9,AI-Aware Asset Management,1-10 Platform,canonical,,Platform,platform,leaf,/platform/ai-aware-asset-management,,/platform,Home > Platform > AI-Aware Asset Management,A Product / Platform,platform-contrast,ai-aware asset management,commercial,Explain a platform-level idea of GetSibu and show how its parts combine into one creative library.,AI-aware asset management allows GetSibu to analyse media and recommend meaningful tags and classifications.,"Platform stance: AI recommends, teams approve in bulk or override, and keep control of organisation.","AI-assisted tagging; Practical, human-controlled AI",31 AI-Assisted Tagging; 42 AI Asset Classification; 60 Practical AI for Creative Teams; 3 AI-Powered Digital Asset Management; 45 AI-Powered Asset Management; 46 AI Tag Confidence,42 AI Asset Classification; 31 AI-Assisted Tagging,31 AI-Assisted Tagging; 42 AI Asset Classification; 60 Practical AI for Creative Teams; 3 AI-Powered Digital Asset Management,362 What Is AI Asset Management?; 364 What Is AI Tagging?; 377 How AI Changes DAM,383 Does GetSibu Support AI Tagging?,,0,Start free -> https://getsibu.com/signup,Give Your Creative Team One Source of Truth -> /get-started/give-your-creative-team-one-source-of-truth,AI-Aware Asset Management | GetSibu,AI-aware asset management allows GetSibu to analyse media and recommend meaningful tags and classifications.,/platform/ai-aware-asset-management,WebPage BreadcrumbList,"index,follow",true,Platform,diagram product-ui,"The library as a system: storage, organisation, AI tagging, search, collaboration, permissions and analytics as connected layers (PDF p.2).",ai-tagging,false,published,,"AI-aware asset management allows GetSibu to analyse media and recommend meaningful tags and classifications. Teams can approve AI suggestions in bulk, override them when necessary and maintain control over how their library is organised."
10,One Source of Truth for Creative Teams,1-10 Platform,canonical,,Platform,platform,leaf,/platform/one-source-of-truth-for-creative-teams,,/platform,Home > Platform > One Source of Truth for Creative Teams,A Product / Platform,platform-statement,one source of truth for creative teams,commercial,Explain a platform-level idea of GetSibu and show how its parts combine into one creative library.,"GetSibu gives creative, marketing, production and brand teams a shared source of truth for their digital assets.","A shared source of truth across creative, marketing, production and brand teams, governed by permissions and approvals.",One central library,6 Centralised Creative Asset Library; 150 Centralised Media Storage; 373 What Is a Creative Library?; 67 Creative Approval Workflow; 151 Creative Asset Permissions; 9 AI-Aware Asset Management,151 Creative Asset Permissions; 67 Creative Approval Workflow,6 Centralised Creative Asset Library; 150 Centralised Media Storage; 67 Creative Approval Workflow; 151 Creative Asset Permissions,373 What Is a Creative Library?,,,0,Start free -> https://getsibu.com/signup,Bring Your Creative Assets Together -> /get-started/bring-your-creative-assets-together,One Source of Truth for Creative Teams | GetSibu,"GetSibu gives creative, marketing, production and brand teams a shared source of truth for their digital assets.",/platform/one-source-of-truth-for-creative-teams,WebPage BreadcrumbList,"index,follow",true,Platform,diagram product-ui,"The library as a system: storage, organisation, AI tagging, search, collaboration, permissions and analytics as connected layers (PDF p.2).",,false,published,,"GetSibu gives creative, marketing, production and brand teams a shared source of truth for their digital assets. Everyone works from the same organised library, while permissions and approval workflows help ensure that users access and distribute the right content."
11,Creative Asset Search,11-30 Core Product Pages,canonical,,Features,search-discovery,leaf,/features/creative-asset-search,,/features/search-and-discovery,Home > Features > Search & Discovery > Creative Asset Search,B Feature,feature-split,creative asset search,commercial,"Explain one capability: what it does, how it works in the library, and where it fits in the team's workflow.","GetSibu makes creative assets searchable through filenames, metadata, OCR, AI-generated tags, comments and semantic information.","The signals search uses: filenames, metadata, OCR, AI-generated tags, comments and semantic information.",Creative asset search,13 Media Search Platform; 16 Search Across Creative Libraries; 5 Intelligent Media Library; 23 Asset Metadata Search; 24 Creative File Discovery; 393 Stop Searching Through Folders,22 Media Metadata Management; 38 AI OCR; 31 AI-Assisted Tagging; 62 Asset Comments; 39 AI Semantic Search; 18 Natural Language Asset Search,13 Media Search Platform; 16 Search Across Creative Libraries; 5 Intelligent Media Library; 23 Asset Metadata Search,,,,0,Start free -> https://getsibu.com/signup,Stop Searching Through Folders -> /get-started/stop-searching-through-folders,Creative Asset Search | GetSibu,"GetSibu makes creative assets searchable through filenames, metadata, OCR, AI-generated tags, comments and semantic information.",/features/creative-asset-search,WebPage BreadcrumbList,"index,follow",true,Search & Discovery,product-ui diagram,"A query resolving against a large creative library: filters narrowing results, previews, the matched signal (filename, metadata, OCR text, tag) made visible.",ocr,false,published,,"GetSibu makes creative assets searchable through filenames, metadata, OCR, AI-generated tags, comments and semantic information. Users can search for a specific asset or describe what they need in natural language and let the platform interpret the request."
12,AI Asset Discovery,11-30 Core Product Pages,canonical,,Features,search-discovery,leaf,/features/ai-asset-discovery,,/features/search-and-discovery,Home > Features > Search & Discovery > AI Asset Discovery,B Feature,feature-story,ai asset discovery,commercial,"Explain one capability: what it does, how it works in the library, and where it fits in the team's workflow.",AI asset discovery helps users find files based on what appears inside the asset rather than depending entirely on manually entered metadata.,"Finding files by what appears inside them, useful for visually similar libraries.",The discovery workflow; AI-powered discovery,30 Asset Discovery Workflow; 25 Searchable Video Library; 26 Searchable Image Library; 29 Creative Library Navigation; 49 AI Creative Search; 51 AI-Powered Video Discovery,30 Asset Discovery Workflow; 22 Media Metadata Management,30 Asset Discovery Workflow; 25 Searchable Video Library; 26 Searchable Image Library; 29 Creative Library Navigation,,,,0,Start free -> https://getsibu.com/signup,Make Every Asset Discoverable -> /get-started/make-every-asset-discoverable,AI Asset Discovery | GetSibu,AI asset discovery helps users find files based on what appears inside the asset rather than depending entirely on manually entered metadata.,/features/ai-asset-discovery,WebPage BreadcrumbList,"index,follow",true,Search & Discovery,product-ui diagram,"A query resolving against a large creative library: filters narrowing results, previews, the matched signal (filename, metadata, OCR text, tag) made visible.",,false,published,,AI asset discovery helps users find files based on what appears inside the asset rather than depending entirely on manually entered metadata. This is particularly useful when teams have large libraries containing thousands of visually similar files.
13,Media Search Platform,11-30 Core Product Pages,canonical,,Features,search-discovery,leaf,/features/media-search-platform,,/features/search-and-discovery,Home > Features > Search & Discovery > Media Search Platform,B Feature,feature-media,media search platform,commercial,"Explain one capability: what it does, how it works in the library, and where it fits in the team's workflow.",GetSibu provides a dedicated search experience for creative media.,"The dedicated media search experience: keywords combined with category, format, uploader, resolution and date filters. / The search experience as a whole (see creative-search).",Creative asset search; Filters and saved searches,19 Advanced Media Filters; 11 Creative Asset Search; 16 Search Across Creative Libraries; 17 Saved Asset Searches; 5 Intelligent Media Library; 23 Asset Metadata Search,19 Advanced Media Filters,19 Advanced Media Filters; 11 Creative Asset Search; 16 Search Across Creative Libraries; 17 Saved Asset Searches,,,,0,Start free -> https://getsibu.com/signup,Stop Searching Through Folders -> /get-started/stop-searching-through-folders,Media Search Platform | GetSibu,"GetSibu provides a dedicated search experience for creative media: combine keywords with filters for category, format, uploader, resolution and date.",/features/media-search-platform,WebPage BreadcrumbList,"index,follow",true,Search & Discovery,product-ui diagram,"A query resolving against a large creative library: filters narrowing results, previews, the matched signal (filename, metadata, OCR text, tag) made visible.",,false,published,,"GetSibu provides a dedicated search experience for creative media. Users can combine keywords and filters related to file category, format, uploader, resolution, date and other available information to narrow large result sets quickly."
14,Semantic Creative Search,11-30 Core Product Pages,canonical,,Features,search-discovery,leaf,/features/semantic-creative-search,,/features/search-and-discovery,Home > Features > Search & Discovery > Semantic Creative Search,B Feature,feature-split,semantic creative search,commercial,"Explain one capability: what it does, how it works in the library, and where it fits in the team's workflow.",Semantic search allows users to describe the type of asset they want using natural language.,"In the search box: describing a creative need (""warm urban evening footage"") and how embeddings and AI media information interpret it.",Semantic and natural language search,39 AI Semantic Search; 18 Natural Language Asset Search; 317 Search Infrastructure; 49 AI Creative Search; 363 What Is Semantic Search?; 13 Media Search Platform,39 AI Semantic Search; 18 Natural Language Asset Search; 317 Search Infrastructure,39 AI Semantic Search; 18 Natural Language Asset Search; 317 Search Infrastructure; 49 AI Creative Search,363 What Is Semantic Search?,,,0,Start free -> https://getsibu.com/signup,Stop Searching Through Folders -> /get-started/stop-searching-through-folders,Semantic Creative Search | GetSibu,Semantic search allows users to describe the type of asset they want using natural language.,/features/semantic-creative-search,WebPage BreadcrumbList,"index,follow",true,Search & Discovery,product-ui diagram,"A query resolving against a large creative library: filters narrowing results, previews, the matched signal (filename, metadata, OCR text, tag) made visible.",semantic-search,false,published,,"Semantic search allows users to describe the type of asset they want using natural language. A request such as ""warm urban evening footage"" can be interpreted according to available embeddings and AI-generated media information rather than relying only on exact keyword matching."
15,OCR-Powered Asset Search,11-30 Core Product Pages,canonical,,Features,search-discovery,leaf,/features/ocr-powered-asset-search,,/features/search-and-discovery,Home > Features > Search & Discovery > OCR-Powered Asset Search,B Feature,feature-story,ocr-powered asset search,commercial,"Explain one capability: what it does, how it works in the library, and where it fits in the team's workflow.","GetSibu extracts text from images, PDFs, presentations and screenshots so that the content becomes searchable.","Search angle: finding assets by the text inside images, PDFs, presentations and screenshots.",OCR and text inside assets,38 AI OCR; 27 Searchable Document Library; 53 AI Document Discovery; 366 What Is OCR in DAM?; 14 Semantic Creative Search; 16 Search Across Creative Libraries,,38 AI OCR; 27 Searchable Document Library; 53 AI Document Discovery; 14 Semantic Creative Search,366 What Is OCR in DAM?,384 Can GetSibu Search Inside Documents?,,0,Start free -> https://getsibu.com/signup,Stop Searching Through Folders -> /get-started/stop-searching-through-folders,OCR-Powered Asset Search | GetSibu,"GetSibu extracts text from images, PDFs, presentations and screenshots so that the content becomes searchable.",/features/ocr-powered-asset-search,WebPage BreadcrumbList,"index,follow",true,Search & Discovery,product-ui diagram,"A query resolving against a large creative library: filters narrowing results, previews, the matched signal (filename, metadata, OCR text, tag) made visible.",ocr,false,published,,"GetSibu extracts text from images, PDFs, presentations and screenshots so that the content becomes searchable. This allows users to locate documents and visual assets even when the required information exists inside the file rather than its filename."
16,Search Across Creative Libraries,11-30 Core Product Pages,canonical,,Features,search-discovery,leaf,/features/search-across-creative-libraries,,/features/search-and-discovery,Home > Features > Search & Discovery > Search Across Creative Libraries,B Feature,feature-split,search across creative libraries,commercial,"Explain one capability: what it does, how it works in the library, and where it fits in the team's workflow.",Teams can search across their entire creative library rather than manually opening folders one at a time.,Library-wide scope: searching everything at once instead of opening folders one by one.,Creative asset search,11 Creative Asset Search; 13 Media Search Platform; 23 Asset Metadata Search; 24 Creative File Discovery; 5 Intelligent Media Library; 30 Asset Discovery Workflow,30 Asset Discovery Workflow,11 Creative Asset Search; 13 Media Search Platform; 23 Asset Metadata Search; 24 Creative File Discovery,,,,0,Start free -> https://getsibu.com/signup,Stop Searching Through Folders -> /get-started/stop-searching-through-folders,Search Across Creative Libraries | GetSibu,Teams can search across their entire creative library rather than manually opening folders one at a time.,/features/search-across-creative-libraries,WebPage BreadcrumbList,"index,follow",true,Search & Discovery,product-ui diagram,"A query resolving against a large creative library: filters narrowing results, previews, the matched signal (filename, metadata, OCR text, tag) made visible.",,false,published,,Teams can search across their entire creative library rather than manually opening folders one at a time. Search results can combine different information sources to make asset discovery faster and more flexible.
17,Saved Asset Searches,11-30 Core Product Pages,canonical,,Features,search-discovery,leaf,/features/saved-asset-searches,,/features/search-and-discovery,Home > Features > Search & Discovery > Saved Asset Searches,B Feature,feature-media,saved asset searches,commercial,"Explain one capability: what it does, how it works in the library, and where it fits in the team's workflow.",Frequently used searches can be saved and shared through a URL.,Saving a frequently used search and sharing it through a URL. / Saving a search for reuse (see filters-saved-searches).,Filters and saved searches; Saved and shared views,19 Advanced Media Filters; 79 Shared Creative Views; 78 Team Asset Sharing; 13 Media Search Platform; 16 Search Across Creative Libraries; 18 Natural Language Asset Search,,19 Advanced Media Filters; 79 Shared Creative Views; 78 Team Asset Sharing; 13 Media Search Platform,,,,0,Start free -> https://getsibu.com/signup,Stop Searching Through Folders -> /get-started/stop-searching-through-folders,Saved Asset Searches | GetSibu,"Frequently used searches can be saved in GetSibu and shared through a URL, giving teams reusable views for campaigns, clients, products and recurring work.",/features/saved-asset-searches,WebPage BreadcrumbList,"index,follow",true,Search & Discovery,product-ui diagram,"A query resolving against a large creative library: filters narrowing results, previews, the matched signal (filename, metadata, OCR text, tag) made visible.",saved-search-urls,false,published,,"Frequently used searches can be saved and shared through a URL. This makes it easier for teams to create reusable views for campaigns, clients, products, content categories and other recurring workflows."
18,Natural Language Asset Search,11-30 Core Product Pages,canonical,,Features,search-discovery,leaf,/features/natural-language-asset-search,,/features/search-and-discovery,Home > Features > Search & Discovery > Natural Language Asset Search,B Feature,feature-story,natural language asset search,commercial,"Explain one capability: what it does, how it works in the library, and where it fits in the team's workflow.",Natural language search lets users describe assets in the way they naturally remember them.,"How people remember assets — colour, scene, subject, location, campaign — and searching that way.",Semantic and natural language search,39 AI Semantic Search; 14 Semantic Creative Search; 49 AI Creative Search; 317 Search Infrastructure; 363 What Is Semantic Search?; 36 AI Colour Detection,36 AI Colour Detection,39 AI Semantic Search; 14 Semantic Creative Search; 49 AI Creative Search; 317 Search Infrastructure,363 What Is Semantic Search?,,,0,Start free -> https://getsibu.com/signup,Stop Searching Through Folders -> /get-started/stop-searching-through-folders,Natural Language Asset Search | GetSibu,Natural language search lets users describe assets in the way they naturally remember them.,/features/natural-language-asset-search,WebPage BreadcrumbList,"index,follow",true,Search & Discovery,product-ui diagram,"A query resolving against a large creative library: filters narrowing results, previews, the matched signal (filename, metadata, OCR text, tag) made visible.",semantic-search,false,published,,"Natural language search lets users describe assets in the way they naturally remember them. Users do not have to know the exact filename if they remember characteristics such as colour, scene, subject, location or campaign context."
19,Advanced Media Filters,11-30 Core Product Pages,canonical,,Features,search-discovery,leaf,/features/advanced-media-filters,,/features/search-and-discovery,Home > Features > Search & Discovery > Advanced Media Filters,B Feature,feature-media,advanced media filters,commercial,"Explain one capability: what it does, how it works in the library, and where it fits in the team's workflow.","GetSibu provides filters that can narrow results according to categories, formats, sources, resolutions and dates.","Filters themselves: categories, formats, sources, resolutions, dates, combined progressively.",Filters and saved searches,17 Saved Asset Searches; 13 Media Search Platform; 18 Natural Language Asset Search; 20 Fast Asset Discovery; 21 Creative Asset Indexing; 30 Asset Discovery Workflow,,17 Saved Asset Searches; 13 Media Search Platform; 18 Natural Language Asset Search; 20 Fast Asset Discovery,,,,0,Start free -> https://getsibu.com/signup,Stop Searching Through Folders -> /get-started/stop-searching-through-folders,Advanced Media Filters | GetSibu,"GetSibu provides filters that can narrow results according to categories, formats, sources, resolutions and dates.",/features/advanced-media-filters,WebPage BreadcrumbList,"index,follow",true,Search & Discovery,product-ui diagram,"A query resolving against a large creative library: filters narrowing results, previews, the matched signal (filename, metadata, OCR text, tag) made visible.",,false,published,,"GetSibu provides filters that can narrow results according to categories, formats, sources, resolutions and dates. Filters can be combined to progressively reduce a large library into a relevant collection of assets."
20,Fast Asset Discovery,11-30 Core Product Pages,canonical,,Features,search-discovery,leaf,/features/fast-asset-discovery,,/features/search-and-discovery,Home > Features > Search & Discovery > Fast Asset Discovery,B Feature,feature-split,fast asset discovery,commercial,"Explain one capability: what it does, how it works in the library, and where it fits in the team's workflow.","GetSibu is designed around fast asset discovery, including sub-second search performance across large libraries.","Discovery outcome: indexing, metadata and AI-assisted retrieval reduce time spent looking for files.",Search speed,307 Fast Creative Search; 310 Search Performance; 349 Asset Discovery ROI; 21 Creative Asset Indexing; 22 Media Metadata Management; 30 Asset Discovery Workflow,30 Asset Discovery Workflow; 21 Creative Asset Indexing; 22 Media Metadata Management,307 Fast Creative Search; 310 Search Performance; 21 Creative Asset Indexing; 22 Media Metadata Management,,,,0,Start free -> https://getsibu.com/signup,Stop Searching Through Folders -> /get-started/stop-searching-through-folders,Fast Asset Discovery | GetSibu,Fast Asset Discovery: GetSibu is designed around low-latency search so users can quickly retrieve assets from large libraries.,/features/fast-asset-discovery,WebPage BreadcrumbList,"index,follow",true,Search & Discovery,product-ui diagram,"A query resolving against a large creative library: filters narrowing results, previews, the matched signal (filename, metadata, OCR text, tag) made visible.",sub-second-search,true,framed,307,"GetSibu is designed around fast asset discovery, including sub-second search performance across large libraries. The platform combines search indexing, metadata and AI-assisted retrieval to reduce the time spent looking for files."
21,Creative Asset Indexing,11-30 Core Product Pages,canonical,,Features,search-discovery,leaf,/features/creative-asset-indexing,,/features/search-and-discovery,Home > Features > Search & Discovery > Creative Asset Indexing,B Feature,feature-story,creative asset indexing,commercial,"Explain one capability: what it does, how it works in the library, and where it fits in the team's workflow.","When assets enter GetSibu, the platform processes available metadata and prepares them for search and organisation.",What happens on entry: metadata processed into an indexed representation of the library. / Indexing outcome of processing (see indexing-metadata).,Indexing and metadata; Processing,22 Media Metadata Management; 143 Asset Processing; 23 Asset Metadata Search; 145 Media Processing Status; 311 Asset Processing Performance; 50 AI Media Indexing,22 Media Metadata Management,22 Media Metadata Management; 143 Asset Processing; 23 Asset Metadata Search; 145 Media Processing Status,374 What Is Asset Metadata?,,,0,Start free -> https://getsibu.com/signup,Stop Searching Through Folders -> /get-started/stop-searching-through-folders,Creative Asset Indexing | GetSibu,"When assets enter GetSibu, the platform processes available metadata and prepares them for search and organisation.",/features/creative-asset-indexing,WebPage BreadcrumbList,"index,follow",true,Search & Discovery,product-ui diagram,"A query resolving against a large creative library: filters narrowing results, previews, the matched signal (filename, metadata, OCR text, tag) made visible.",,false,published,,"When assets enter GetSibu, the platform processes available metadata and prepares them for search and organisation. This creates an indexed representation of the library that can support faster discovery."
22,Media Metadata Management,11-30 Core Product Pages,canonical,,Features,search-discovery,leaf,/features/media-metadata-management,,/features/search-and-discovery,Home > Features > Search & Discovery > Media Metadata Management,B Feature,feature-media,media metadata management,commercial,"Explain one capability: what it does, how it works in the library, and where it fits in the team's workflow.","Metadata such as EXIF, XMP, file paths, creators and custom keywords can become part of the asset record.","Metadata fields that become part of the asset record: EXIF, XMP, file paths, creators, custom keywords. / Everyday metadata management (see indexing-metadata).",Indexing and metadata; Metadata preservation,132 Metadata Preservation; 21 Creative Asset Indexing; 23 Asset Metadata Search; 50 AI Media Indexing; 286 Metadata Migration; 293 Migration Metadata Preservation,281 Migrate to GetSibu,132 Metadata Preservation; 21 Creative Asset Indexing; 23 Asset Metadata Search; 50 AI Media Indexing,374 What Is Asset Metadata?; 377 How AI Changes DAM,,228 GetSibu for Photography Teams; 233 GetSibu for Newsrooms,0,Start free -> https://getsibu.com/signup,Stop Searching Through Folders -> /get-started/stop-searching-through-folders,Media Metadata Management | GetSibu,"Metadata such as EXIF, XMP, file paths, creators and custom keywords can become part of the asset record.",/features/media-metadata-management,WebPage BreadcrumbList,"index,follow",true,Search & Discovery,product-ui diagram,"A query resolving against a large creative library: filters narrowing results, previews, the matched signal (filename, metadata, OCR text, tag) made visible.",metadata-preserved,false,published,,"Metadata such as EXIF, XMP, file paths, creators and custom keywords can become part of the asset record. This helps preserve context and improves the usefulness of a migrated or newly created library."
23,Asset Metadata Search,11-30 Core Product Pages,canonical,,Features,search-discovery,leaf,/features/asset-metadata-search,,/features/search-and-discovery,Home > Features > Search & Discovery > Asset Metadata Search,B Feature,feature-split,asset metadata search,commercial,"Explain one capability: what it does, how it works in the library, and where it fits in the team's workflow.",Users can search available metadata alongside tags and extracted content.,Metadata as a search path when filename and folder are unknown. / Searching that metadata (see creative-search).,Creative asset search; Indexing and metadata,22 Media Metadata Management; 11 Creative Asset Search; 24 Creative File Discovery; 21 Creative Asset Indexing; 16 Search Across Creative Libraries; 13 Media Search Platform,22 Media Metadata Management,22 Media Metadata Management; 11 Creative Asset Search; 24 Creative File Discovery; 21 Creative Asset Indexing,374 What Is Asset Metadata?,,,0,Start free -> https://getsibu.com/signup,Stop Searching Through Folders -> /get-started/stop-searching-through-folders,Asset Metadata Search | GetSibu,Users can search available metadata alongside tags and extracted content.,/features/asset-metadata-search,WebPage BreadcrumbList,"index,follow",true,Search & Discovery,product-ui diagram,"A query resolving against a large creative library: filters narrowing results, previews, the matched signal (filename, metadata, OCR text, tag) made visible.",,false,published,,Users can search available metadata alongside tags and extracted content. This gives creative teams multiple ways to find an asset when the original filename or folder structure is unknown.
24,Creative File Discovery,11-30 Core Product Pages,canonical,,Features,search-discovery,leaf,/features/creative-file-discovery,,/features/search-and-discovery,Home > Features > Search & Discovery > Creative File Discovery,B Feature,feature-story,creative file discovery,commercial,"Explain one capability: what it does, how it works in the library, and where it fits in the team's workflow.","GetSibu helps teams discover images, video, audio and documents through a unified search experience.","One unified search across images, video, audio and documents, reducing reliance on folder knowledge.",Creative asset search; Searchable libraries by media type,11 Creative Asset Search; 23 Asset Metadata Search; 25 Searchable Video Library; 26 Searchable Image Library; 27 Searchable Document Library; 28 Searchable Audio Library,,11 Creative Asset Search; 23 Asset Metadata Search; 25 Searchable Video Library; 26 Searchable Image Library,,,,0,Start free -> https://getsibu.com/signup,Stop Searching Through Folders -> /get-started/stop-searching-through-folders,Creative File Discovery | GetSibu,"GetSibu helps teams discover images, video, audio and documents through a unified search experience.",/features/creative-file-discovery,WebPage BreadcrumbList,"index,follow",true,Search & Discovery,product-ui diagram,"A query resolving against a large creative library: filters narrowing results, previews, the matched signal (filename, metadata, OCR text, tag) made visible.",,false,published,,"GetSibu helps teams discover images, video, audio and documents through a unified search experience. The platform is designed to reduce the dependency on folder knowledge and individual team members remembering where files were stored."
25,Searchable Video Library,11-30 Core Product Pages,canonical,,Features,search-discovery,leaf,/features/searchable-video-library,,/features/search-and-discovery,Home > Features > Search & Discovery > Searchable Video Library,B Feature,feature-media,searchable video library,commercial,"Explain one capability: what it does, how it works in the library, and where it fits in the team's workflow.",Videos can be indexed and enriched with AI-generated information so that users can discover relevant footage without manually reviewing every file.,Video: indexed and enriched so footage is found without reviewing every file. / Searchable video library (media-type angle).,Searchable libraries by media type; AI-powered discovery,26 Searchable Image Library; 24 Creative File Discovery; 12 AI Asset Discovery; 27 Searchable Document Library; 28 Searchable Audio Library; 49 AI Creative Search,21 Creative Asset Indexing,26 Searchable Image Library; 24 Creative File Discovery; 12 AI Asset Discovery; 27 Searchable Document Library,,,,0,Start free -> https://getsibu.com/signup,Stop Searching Through Folders -> /get-started/stop-searching-through-folders,Searchable Video Library | GetSibu,Videos can be indexed and enriched with AI-generated information so that users can discover relevant footage without manually reviewing every file.,/features/searchable-video-library,WebPage BreadcrumbList,"index,follow",true,Search & Discovery,product-ui diagram,"A query resolving against a large creative library: filters narrowing results, previews, the matched signal (filename, metadata, OCR text, tag) made visible.",,false,published,,Videos can be indexed and enriched with AI-generated information so that users can discover relevant footage without manually reviewing every file.
26,Searchable Image Library,11-30 Core Product Pages,canonical,,Features,search-discovery,leaf,/features/searchable-image-library,,/features/search-and-discovery,Home > Features > Search & Discovery > Searchable Image Library,B Feature,feature-split,searchable image library,commercial,"Explain one capability: what it does, how it works in the library, and where it fits in the team's workflow.","Images become searchable through metadata, tags, visual characteristics and extracted information.","Images: searchable through metadata, tags and visual characteristics for reuse across campaigns. / Searchable image library (media-type angle).",Searchable libraries by media type; AI-powered discovery,25 Searchable Video Library; 24 Creative File Discovery; 12 AI Asset Discovery; 27 Searchable Document Library; 28 Searchable Audio Library; 49 AI Creative Search,22 Media Metadata Management,25 Searchable Video Library; 24 Creative File Discovery; 12 AI Asset Discovery; 27 Searchable Document Library,,,,0,Start free -> https://getsibu.com/signup,Stop Searching Through Folders -> /get-started/stop-searching-through-folders,Searchable Image Library | GetSibu,"Images become searchable through metadata, tags, visual characteristics and extracted information.",/features/searchable-image-library,WebPage BreadcrumbList,"index,follow",true,Search & Discovery,product-ui diagram,"A query resolving against a large creative library: filters narrowing results, previews, the matched signal (filename, metadata, OCR text, tag) made visible.",,false,published,,"Images become searchable through metadata, tags, visual characteristics and extracted information. This makes large collections easier to reuse across campaigns and projects."
27,Searchable Document Library,11-30 Core Product Pages,canonical,,Features,search-discovery,leaf,/features/searchable-document-library,,/features/search-and-discovery,Home > Features > Search & Discovery > Searchable Document Library,B Feature,feature-story,searchable document library,commercial,"Explain one capability: what it does, how it works in the library, and where it fits in the team's workflow.","Documents can be indexed using extracted text, metadata and organisational tags.","Document library angle: indexing documents by extracted text, metadata and tags. / Documents: see ocr-search.",OCR and text inside assets; Searchable libraries by media type,38 AI OCR; 24 Creative File Discovery; 26 Searchable Image Library; 28 Searchable Audio Library; 25 Searchable Video Library; 15 OCR-Powered Asset Search,21 Creative Asset Indexing; 38 AI OCR; 22 Media Metadata Management,38 AI OCR; 24 Creative File Discovery; 26 Searchable Image Library; 28 Searchable Audio Library,366 What Is OCR in DAM?,384 Can GetSibu Search Inside Documents?,,0,Start free -> https://getsibu.com/signup,Stop Searching Through Folders -> /get-started/stop-searching-through-folders,Searchable Document Library | GetSibu,"Documents can be indexed using extracted text, metadata and organisational tags.",/features/searchable-document-library,WebPage BreadcrumbList,"index,follow",true,Search & Discovery,product-ui diagram,"A query resolving against a large creative library: filters narrowing results, previews, the matched signal (filename, metadata, OCR text, tag) made visible.",,false,published,,"Documents can be indexed using extracted text, metadata and organisational tags. Users can locate important documents without manually opening every PDF or presentation."
28,Searchable Audio Library,11-30 Core Product Pages,canonical,,Features,search-discovery,leaf,/features/searchable-audio-library,,/features/search-and-discovery,Home > Features > Search & Discovery > Searchable Audio Library,B Feature,feature-media,searchable audio library,commercial,"Explain one capability: what it does, how it works in the library, and where it fits in the team's workflow.","Audio assets can be managed alongside other creative formats, allowing teams to maintain a central media environment instead of separating audio from the rest of their creative library.",Audio: managed alongside other formats rather than in a separate system.,Searchable libraries by media type,24 Creative File Discovery; 27 Searchable Document Library; 26 Searchable Image Library; 25 Searchable Video Library; 29 Creative Library Navigation; 30 Asset Discovery Workflow,,24 Creative File Discovery; 27 Searchable Document Library; 26 Searchable Image Library; 25 Searchable Video Library,,,,0,Start free -> https://getsibu.com/signup,Stop Searching Through Folders -> /get-started/stop-searching-through-folders,Searchable Audio Library | GetSibu,"Audio assets can be managed in GetSibu alongside other creative formats, keeping one central media environment instead of separating audio from the library.",/features/searchable-audio-library,WebPage BreadcrumbList,"index,follow",true,Search & Discovery,product-ui diagram,"A query resolving against a large creative library: filters narrowing results, previews, the matched signal (filename, metadata, OCR text, tag) made visible.",,false,published,,"Audio assets can be managed alongside other creative formats, allowing teams to maintain a central media environment instead of separating audio from the rest of their creative library."
29,Creative Library Navigation,11-30 Core Product Pages,canonical,,Features,search-discovery,leaf,/features/creative-library-navigation,,/features/search-and-discovery,Home > Features > Search & Discovery > Creative Library Navigation,B Feature,feature-split,creative library navigation,commercial,"Explain one capability: what it does, how it works in the library, and where it fits in the team's workflow.","GetSibu provides structured navigation through library views, folders, tags, collections and search.","Moving through the library: views, folders, tags, collections and search.",Organising the library; The discovery workflow,30 Asset Discovery Workflow; 8 Creative Asset Organisation; 12 AI Asset Discovery; 4 Creative Library Management; 57 AI Library Organisation; 375 What Is Asset Taxonomy?,30 Asset Discovery Workflow,30 Asset Discovery Workflow; 8 Creative Asset Organisation; 12 AI Asset Discovery; 4 Creative Library Management,375 What Is Asset Taxonomy?,,,0,Start free -> https://getsibu.com/signup,Make Every Asset Discoverable -> /get-started/make-every-asset-discoverable,Creative Library Navigation | GetSibu,"GetSibu provides structured navigation through library views, folders, tags, collections and search.",/features/creative-library-navigation,WebPage BreadcrumbList,"index,follow",true,Search & Discovery,product-ui diagram,"A query resolving against a large creative library: filters narrowing results, previews, the matched signal (filename, metadata, OCR text, tag) made visible.",,false,published,,"GetSibu provides structured navigation through library views, folders, tags, collections and search. Users can move between broad library exploration and highly specific asset discovery."
30,Asset Discovery Workflow,11-30 Core Product Pages,canonical,,Features,search-discovery,leaf,/features/asset-discovery-workflow,,/features/search-and-discovery,Home > Features > Search & Discovery > Asset Discovery Workflow,B Feature,feature-story,asset discovery workflow,commercial,"Explain one capability: what it does, how it works in the library, and where it fits in the team's workflow.","The asset discovery workflow begins with a search, continues through filtering and previewing, and ends with the user locating the correct asset.",,The discovery workflow,29 Creative Library Navigation; 12 AI Asset Discovery; 19 Advanced Media Filters; 17 Saved Asset Searches; 28 Searchable Audio Library; 394 Make Every Asset Discoverable,19 Advanced Media Filters; 17 Saved Asset Searches,29 Creative Library Navigation; 12 AI Asset Discovery; 19 Advanced Media Filters; 17 Saved Asset Searches,,,,0,Start free -> https://getsibu.com/signup,Make Every Asset Discoverable -> /get-started/make-every-asset-discoverable,Asset Discovery Workflow | GetSibu,"The asset discovery workflow begins with a search, continues through filtering and previewing, and ends with the user locating the correct asset.",/features/asset-discovery-workflow,WebPage BreadcrumbList,"index,follow",true,Search & Discovery,product-ui diagram,"A query resolving against a large creative library: filters narrowing results, previews, the matched signal (filename, metadata, OCR text, tag) made visible.",,false,published,,"The asset discovery workflow begins with a search, continues through filtering and previewing, and ends with the user locating the correct asset. Saved searches and AI-assisted discovery make recurring searches easier to repeat."
31,AI-Assisted Tagging,31-60 AI Features,canonical,,Features,ai,leaf,/features/ai-assisted-tagging,,/features/ai,Home > Features > AI > AI-Assisted Tagging,C AI Feature,ai-input-output,ai-assisted tagging,commercial,"Show what GetSibu's AI analyses, what becomes searchable as a result, and how people stay in control of it.",GetSibu can suggest tags during asset processing so that teams do not have to manually classify every file.,"The feature: tags suggested during processing, reviewed by authorised users.",AI-assisted tagging,46 AI Tag Confidence; 47 AI Tag Approval; 9 AI-Aware Asset Management; 364 What Is AI Tagging?; 42 AI Asset Classification; 383 Does GetSibu Support AI Tagging?,,46 AI Tag Confidence; 47 AI Tag Approval; 9 AI-Aware Asset Management; 42 AI Asset Classification,364 What Is AI Tagging?; 361 What Is Digital Asset Management?,383 Does GetSibu Support AI Tagging?,212 GetSibu for Video Teams,0,Start free -> https://getsibu.com/signup,Turn Your Asset Library Into Intelligence -> /get-started/turn-your-asset-library-into-intelligence,AI-Assisted Tagging | GetSibu,GetSibu can suggest tags during asset processing so that teams do not have to manually classify every file.,/features/ai-assisted-tagging,WebPage BreadcrumbList,"index,follow",true,AI,diagram product-ui,"Media in, understanding out: an asset with the detected signal overlaid (objects, scenes, moods, colours, faces, text) and the resulting tag with its approval state.",ai-tagging,false,published,,"GetSibu can suggest tags during asset processing so that teams do not have to manually classify every file. Suggested tags can be reviewed, approved or overridden by authorised users."
32,AI Vision Analysis,31-60 AI Features,canonical,,Features,ai,leaf,/features/ai-vision-analysis,,/features/ai,Home > Features > AI > AI Vision Analysis,C AI Feature,ai-operations,ai vision analysis,commercial,"Show what GetSibu's AI analyses, what becomes searchable as a result, and how people stay in control of it.","AI vision capabilities analyse visual media and identify objects, scenes, moods and colours.","Umbrella: visual media analysed for objects, scenes, moods and colours that become searchable.",AI vision analysis,34 AI Object Detection; 35 AI Mood Detection; 36 AI Colour Detection; 43 AI Media Understanding; 31 AI-Assisted Tagging,34 AI Object Detection; 35 AI Mood Detection; 36 AI Colour Detection,34 AI Object Detection; 35 AI Mood Detection; 36 AI Colour Detection; 43 AI Media Understanding,,,,0,Start free -> https://getsibu.com/signup,Turn Your Asset Library Into Intelligence -> /get-started/turn-your-asset-library-into-intelligence,AI Vision Analysis | GetSibu,AI Vision Analysis: GetSibu can identify objects appearing in supported media and associate them with confidence information.,/features/ai-vision-analysis,WebPage BreadcrumbList,"index,follow",true,AI,diagram product-ui,"Media in, understanding out: an asset with the detected signal overlaid (objects, scenes, moods, colours, faces, text) and the resulting tag with its approval state.",ai-vision-attributes scene-detection,true,framed,34,"AI vision capabilities analyse visual media and identify objects, scenes, moods and colours. These observations can become searchable library data."
33,AI Scene Detection,31-60 AI Features,canonical,,Features,ai,leaf,/features/ai-scene-detection,,/features/ai,Home > Features > AI > AI Scene Detection,C AI Feature,ai-input-output,ai scene detection,commercial,"Show what GetSibu's AI analyses, what becomes searchable as a result, and how people stay in control of it.",Scene detection automatically breaks video into structured scenes.,Video broken into structured scenes for navigation.,AI vision analysis; Scene detection and video,32 AI Vision Analysis; 34 AI Object Detection; 35 AI Mood Detection; 36 AI Colour Detection; 43 AI Media Understanding; 51 AI-Powered Video Discovery,,32 AI Vision Analysis; 34 AI Object Detection; 35 AI Mood Detection; 36 AI Colour Detection,,,212 GetSibu for Video Teams; 216 GetSibu for Post-Production Teams; 217 GetSibu for Documentary Teams,0,Start free -> https://getsibu.com/signup,Turn Your Asset Library Into Intelligence -> /get-started/turn-your-asset-library-into-intelligence,AI Scene Detection | GetSibu,AI Scene Detection: GetSibu focuses AI capabilities on practical library problems.,/features/ai-scene-detection,WebPage BreadcrumbList,"noindex,follow",false,AI,diagram product-ui,"Media in, understanding out: an asset with the detected signal overlaid (objects, scenes, moods, colours, faces, text) and the resulting tag with its approval state.",scene-detection,true,held,60,Scene detection automatically breaks video into structured scenes. Users can navigate between important sections of a video instead of repeatedly scrubbing through the entire file.
34,AI Object Detection,31-60 AI Features,canonical,,Features,ai,leaf,/features/ai-object-detection,,/features/ai,Home > Features > AI > AI Object Detection,C AI Feature,ai-detection-overlay,ai object detection,commercial,"Show what GetSibu's AI analyses, what becomes searchable as a result, and how people stay in control of it.",GetSibu can identify objects appearing in supported media and associate them with confidence information.,Objects identified with confidence information.,AI vision analysis,32 AI Vision Analysis; 35 AI Mood Detection; 36 AI Colour Detection; 43 AI Media Understanding; 46 AI Tag Confidence; 31 AI-Assisted Tagging,46 AI Tag Confidence,32 AI Vision Analysis; 35 AI Mood Detection; 36 AI Colour Detection; 43 AI Media Understanding,,,,0,Start free -> https://getsibu.com/signup,Turn Your Asset Library Into Intelligence -> /get-started/turn-your-asset-library-into-intelligence,AI Object Detection | GetSibu,GetSibu can identify objects appearing in supported media and associate them with confidence information.,/features/ai-object-detection,WebPage BreadcrumbList,"index,follow",true,AI,diagram product-ui,"Media in, understanding out: an asset with the detected signal overlaid (objects, scenes, moods, colours, faces, text) and the resulting tag with its approval state.",ai-vision-attributes,false,published,,GetSibu can identify objects appearing in supported media and associate them with confidence information. These tags can later contribute to asset search and discovery.
35,AI Mood Detection,31-60 AI Features,canonical,,Features,ai,leaf,/features/ai-mood-detection,,/features/ai,Home > Features > AI > AI Mood Detection,C AI Feature,ai-input-output,ai mood detection,commercial,"Show what GetSibu's AI analyses, what becomes searchable as a result, and how people stay in control of it.",AI analysis can identify visual mood characteristics and make them available as searchable information.,Visual mood as searchable information.,AI vision analysis,32 AI Vision Analysis; 34 AI Object Detection; 36 AI Colour Detection; 43 AI Media Understanding; 38 AI OCR,,32 AI Vision Analysis; 34 AI Object Detection; 36 AI Colour Detection; 43 AI Media Understanding,,,,0,Start free -> https://getsibu.com/signup,Turn Your Asset Library Into Intelligence -> /get-started/turn-your-asset-library-into-intelligence,AI Mood Detection | GetSibu,AI analysis can identify visual mood characteristics and make them available as searchable information.,/features/ai-mood-detection,WebPage BreadcrumbList,"index,follow",true,AI,diagram product-ui,"Media in, understanding out: an asset with the detected signal overlaid (objects, scenes, moods, colours, faces, text) and the resulting tag with its approval state.",ai-vision-attributes,false,published,,AI analysis can identify visual mood characteristics and make them available as searchable information. This helps teams find creative material according to an intended visual feeling.
36,AI Colour Detection,31-60 AI Features,canonical,,Features,ai,leaf,/features/ai-colour-detection,,/features/ai,Home > Features > AI > AI Colour Detection,C AI Feature,ai-detection-overlay,ai colour detection,commercial,"Show what GetSibu's AI analyses, what becomes searchable as a result, and how people stay in control of it.",Colour information can be extracted from visual assets and used as part of asset discovery.,Colour characteristics extracted for discovery.,AI vision analysis,32 AI Vision Analysis; 35 AI Mood Detection; 34 AI Object Detection; 43 AI Media Understanding; 30 Asset Discovery Workflow; 38 AI OCR,30 Asset Discovery Workflow,32 AI Vision Analysis; 35 AI Mood Detection; 34 AI Object Detection; 43 AI Media Understanding,,,228 GetSibu for Photography Teams,0,Start free -> https://getsibu.com/signup,Turn Your Asset Library Into Intelligence -> /get-started/turn-your-asset-library-into-intelligence,AI Colour Detection | GetSibu,Colour information can be extracted from visual assets and used as part of asset discovery.,/features/ai-colour-detection,WebPage BreadcrumbList,"index,follow",true,AI,diagram product-ui,"Media in, understanding out: an asset with the detected signal overlaid (objects, scenes, moods, colours, faces, text) and the resulting tag with its approval state.",ai-vision-attributes,false,published,,Colour information can be extracted from visual assets and used as part of asset discovery. Users can search for visual content based on colour characteristics when appropriate.
37,AI Face Grouping,31-60 AI Features,canonical,,Features,ai,leaf,/features/ai-face-grouping,,/features/ai,Home > Features > AI > AI Face Grouping,C AI Feature,ai-input-output,ai face grouping,commercial,"Show what GetSibu's AI analyses, what becomes searchable as a result, and how people stay in control of it.",Face grouping clusters people across a creative library.,,Face grouping,36 AI Colour Detection; 38 AI OCR; 35 AI Mood Detection,,,,,,0,Start free -> https://getsibu.com/signup,Turn Your Asset Library Into Intelligence -> /get-started/turn-your-asset-library-into-intelligence,AI Face Grouping | GetSibu,AI Face Grouping: GetSibu focuses AI capabilities on practical library problems.,/features/ai-face-grouping,WebPage BreadcrumbList,"noindex,follow",false,AI,diagram product-ui,"Media in, understanding out: an asset with the detected signal overlaid (objects, scenes, moods, colours, faces, text) and the resulting tag with its approval state.",face-grouping,true,held,60,"Face grouping clusters people across a creative library. Teams can use this capability to locate multiple assets featuring the same founder, talent, client or other recognised person."
38,AI OCR,31-60 AI Features,canonical,,Features,ai,leaf,/features/ai-ocr,,/features/ai,Home > Features > AI > AI OCR,C AI Feature,ai-detection-overlay,ai ocr,commercial,"Show what GetSibu's AI analyses, what becomes searchable as a result, and how people stay in control of it.","OCR extracts text from images, documents, presentations and screenshots.",AI capability angle: the extraction itself and what becomes part of searchable asset information.,OCR and text inside assets,27 Searchable Document Library; 53 AI Document Discovery; 366 What Is OCR in DAM?; 15 OCR-Powered Asset Search; 39 AI Semantic Search; 384 Can GetSibu Search Inside Documents?,,27 Searchable Document Library; 53 AI Document Discovery; 15 OCR-Powered Asset Search; 39 AI Semantic Search,366 What Is OCR in DAM?,384 Can GetSibu Search Inside Documents?,,0,Start free -> https://getsibu.com/signup,Turn Your Asset Library Into Intelligence -> /get-started/turn-your-asset-library-into-intelligence,AI OCR | GetSibu,"OCR extracts text from images, documents, presentations and screenshots. Once processed, the extracted text becomes part of the searchable asset information.",/features/ai-ocr,WebPage BreadcrumbList,"index,follow",true,AI,diagram product-ui,"Media in, understanding out: an asset with the detected signal overlaid (objects, scenes, moods, colours, faces, text) and the resulting tag with its approval state.",ocr,false,published,,"OCR extracts text from images, documents, presentations and screenshots. Once processed, the extracted text becomes part of the searchable asset information."
39,AI Semantic Search,31-60 AI Features,canonical,,Features,ai,leaf,/features/ai-semantic-search,,/features/ai,Home > Features > AI > AI Semantic Search,C AI Feature,ai-input-output,ai semantic search,commercial,"Show what GetSibu's AI analyses, what becomes searchable as a result, and how people stay in control of it.",Semantic search interprets meaning rather than relying exclusively on exact words.,The AI capability: interpreting meaning rather than exact words.,Semantic and natural language search,14 Semantic Creative Search; 363 What Is Semantic Search?; 49 AI Creative Search; 18 Natural Language Asset Search; 317 Search Infrastructure; 38 AI OCR,,14 Semantic Creative Search; 49 AI Creative Search; 18 Natural Language Asset Search; 317 Search Infrastructure,363 What Is Semantic Search?; 361 What Is Digital Asset Management?,,,0,Start free -> https://getsibu.com/signup,Turn Your Asset Library Into Intelligence -> /get-started/turn-your-asset-library-into-intelligence,AI Semantic Search | GetSibu,Semantic search interprets meaning rather than relying exclusively on exact words. This allows users to search for creative concepts and visual descriptions.,/features/ai-semantic-search,WebPage BreadcrumbList,"index,follow",true,AI,diagram product-ui,"Media in, understanding out: an asset with the detected signal overlaid (objects, scenes, moods, colours, faces, text) and the resulting tag with its approval state.",semantic-search,false,published,,Semantic search interprets meaning rather than relying exclusively on exact words. This allows users to search for creative concepts and visual descriptions.
40,AI Duplicate Detection,31-60 AI Features,canonical,,Features,ai,leaf,/features/ai-duplicate-detection,,/features/ai,Home > Features > AI > AI Duplicate Detection,C AI Feature,ai-detection-overlay,ai duplicate detection,commercial,"Show what GetSibu's AI analyses, what becomes searchable as a result, and how people stay in control of it.","Duplicate detection combines exact and perceptual hashing to identify identical files and visually equivalent copies, including cases where a file has been re-encoded or renamed.","The technique: exact plus perceptual hashing, catching renamed and re-encoded copies.",Duplicate detection,112 Duplicate Asset Management; 350 Duplicate Reduction; 368 What Is Duplicate Detection?; 39 AI Semantic Search; 38 AI OCR; 42 AI Asset Classification,,112 Duplicate Asset Management; 39 AI Semantic Search; 38 AI OCR; 42 AI Asset Classification,368 What Is Duplicate Detection?,,,0,Start free -> https://getsibu.com/signup,Turn Your Asset Library Into Intelligence -> /get-started/turn-your-asset-library-into-intelligence,AI Duplicate Detection | GetSibu,Duplicate detection combines exact and perceptual hashing to identify identical files and visually equivalent copies.,/features/ai-duplicate-detection,WebPage BreadcrumbList,"index,follow",true,AI,diagram product-ui,"Media in, understanding out: an asset with the detected signal overlaid (objects, scenes, moods, colours, faces, text) and the resulting tag with its approval state.",duplicate-detection,false,published,,"Duplicate detection combines exact and perceptual hashing to identify identical files and visually equivalent copies, including cases where a file has been re-encoded or renamed."
41,AI Auto Collections,31-60 AI Features,canonical,,Features,ai,leaf,/features/ai-auto-collections,,/features/ai,Home > Features > AI > AI Auto Collections,C AI Feature,ai-operations,ai auto collections,commercial,"Show what GetSibu's AI analyses, what becomes searchable as a result, and how people stay in control of it.",GetSibu can propose collections based on patterns it identifies across the library.,"Proposed collections from patterns, approved by users.",AI collections and recommendations,56 AI Asset Recommendations; 57 AI Library Organisation; 55 AI Media Automation,,56 AI Asset Recommendations; 57 AI Library Organisation,,,,0,Start free -> https://getsibu.com/signup,Turn Your Asset Library Into Intelligence -> /get-started/turn-your-asset-library-into-intelligence,AI Auto Collections | GetSibu,AI Auto Collections: AI-assisted organisation helps teams maintain order as the library grows rather than requiring a major manual cleanup after every campaign.,/features/ai-auto-collections,WebPage BreadcrumbList,"noindex,follow",false,AI,diagram product-ui,"Media in, understanding out: an asset with the detected signal overlaid (objects, scenes, moods, colours, faces, text) and the resulting tag with its approval state.",auto-collections,true,held,57,GetSibu can propose collections based on patterns it identifies across the library. Users can approve these suggestions and use them to create more organised asset groupings.
42,AI Asset Classification,31-60 AI Features,canonical,,Features,ai,leaf,/features/ai-asset-classification,,/features/ai,Home > Features > AI > AI Asset Classification,C AI Feature,ai-input-output,ai asset classification,commercial,"Show what GetSibu's AI analyses, what becomes searchable as a result, and how people stay in control of it.",AI classification helps categorise assets according to their content and available metadata.,Classification: categorising assets by content and metadata.,AI-assisted tagging,31 AI-Assisted Tagging; 48 AI Tag Override; 9 AI-Aware Asset Management; 46 AI Tag Confidence; 47 AI Tag Approval; 364 What Is AI Tagging?,22 Media Metadata Management,31 AI-Assisted Tagging; 48 AI Tag Override; 9 AI-Aware Asset Management; 46 AI Tag Confidence,364 What Is AI Tagging?; 375 What Is Asset Taxonomy?,383 Does GetSibu Support AI Tagging?,,0,Start free -> https://getsibu.com/signup,Turn Your Asset Library Into Intelligence -> /get-started/turn-your-asset-library-into-intelligence,AI Asset Classification | GetSibu,AI classification helps categorise assets according to their content and available metadata.,/features/ai-asset-classification,WebPage BreadcrumbList,"index,follow",true,AI,diagram product-ui,"Media in, understanding out: an asset with the detected signal overlaid (objects, scenes, moods, colours, faces, text) and the resulting tag with its approval state.",,false,published,,AI classification helps categorise assets according to their content and available metadata. This reduces repetitive manual organisation work.
43,AI Media Understanding,31-60 AI Features,canonical,,Features,ai,leaf,/features/ai-media-understanding,,/features/ai,Home > Features > AI > AI Media Understanding,C AI Feature,ai-operations,ai media understanding,commercial,"Show what GetSibu's AI analyses, what becomes searchable as a result, and how people stay in control of it.",AI media understanding allows GetSibu to interpret the content of visual assets and make that information available through search and organisation workflows.,Interpreting visual content for search and organisation workflows (see ai-intelligence). / Understanding: interpreting visual content and exposing it to search and organisation.,AI vision analysis; AI media understanding,32 AI Vision Analysis; 44 AI Creative Intelligence; 36 AI Colour Detection; 50 AI Media Indexing; 35 AI Mood Detection; 398 Turn Your Asset Library Into Intelligence,,32 AI Vision Analysis; 44 AI Creative Intelligence; 36 AI Colour Detection; 50 AI Media Indexing,380 Future of AI-Powered Creative Libraries,,,0,Start free -> https://getsibu.com/signup,Turn Your Asset Library Into Intelligence -> /get-started/turn-your-asset-library-into-intelligence,AI Media Understanding | GetSibu,AI media understanding allows GetSibu to interpret the content of visual assets and make that information available through search and organisation workflows.,/features/ai-media-understanding,WebPage BreadcrumbList,"index,follow",true,AI,diagram product-ui,"Media in, understanding out: an asset with the detected signal overlaid (objects, scenes, moods, colours, faces, text) and the resulting tag with its approval state.",,false,published,,AI media understanding allows GetSibu to interpret the content of visual assets and make that information available through search and organisation workflows.
44,AI Creative Intelligence,31-60 AI Features,canonical,,Features,ai,leaf,/features/ai-creative-intelligence,,/features/ai,Home > Features > AI > AI Creative Intelligence,C AI Feature,ai-input-output,ai creative intelligence,commercial,"Show what GetSibu's AI analyses, what becomes searchable as a result, and how people stay in control of it.",Creative intelligence transforms stored files into a more understandable information layer.,Meaning: stored files become an information layer instead of anonymous files.,AI media understanding,43 AI Media Understanding; 50 AI Media Indexing; 58 AI Asset Intelligence; 380 Future of AI-Powered Creative Libraries; 45 AI-Powered Asset Management; 42 AI Asset Classification,,43 AI Media Understanding; 50 AI Media Indexing; 58 AI Asset Intelligence; 45 AI-Powered Asset Management,380 Future of AI-Powered Creative Libraries,,,0,Start free -> https://getsibu.com/signup,Turn Your Asset Library Into Intelligence -> /get-started/turn-your-asset-library-into-intelligence,AI Creative Intelligence | GetSibu,Creative intelligence transforms stored files into a more understandable information layer.,/features/ai-creative-intelligence,WebPage BreadcrumbList,"index,follow",true,AI,diagram product-ui,"Media in, understanding out: an asset with the detected signal overlaid (objects, scenes, moods, colours, faces, text) and the resulting tag with its approval state.",,false,published,,"Creative intelligence transforms stored files into a more understandable information layer. Instead of treating every asset as an anonymous file, GetSibu can attach searchable meaning to the content."
45,AI-Powered Asset Management,31-60 AI Features,canonical,,Features,ai,leaf,/features/ai-powered-asset-management,,/features/ai,Home > Features > AI > AI-Powered Asset Management,C AI Feature,ai-control,ai-powered asset management,commercial,"Show what GetSibu's AI analyses, what becomes searchable as a result, and how people stay in control of it.",AI-powered asset management combines automated analysis with human approval.,Automated analysis combined with human approval; AI reduces library administration.,"Practical, human-controlled AI",60 Practical AI for Creative Teams; 54 AI Creative Workflow; 55 AI Media Automation; 59 AI Creative Operations; 9 AI-Aware Asset Management; 3 AI-Powered Digital Asset Management,67 Creative Approval Workflow,60 Practical AI for Creative Teams; 54 AI Creative Workflow; 55 AI Media Automation; 59 AI Creative Operations,362 What Is AI Asset Management?; 377 How AI Changes DAM,,,0,Start free -> https://getsibu.com/signup,Turn Your Asset Library Into Intelligence -> /get-started/turn-your-asset-library-into-intelligence,AI-Powered Asset Management | GetSibu,AI-powered asset management combines automated analysis with human approval.,/features/ai-powered-asset-management,WebPage BreadcrumbList,"index,follow",true,AI,diagram product-ui,"Media in, understanding out: an asset with the detected signal overlaid (objects, scenes, moods, colours, faces, text) and the resulting tag with its approval state.",,false,published,,AI-powered asset management combines automated analysis with human approval. Teams retain control while using AI to reduce the amount of repetitive library administration.
46,AI Tag Confidence,31-60 AI Features,canonical,,Features,ai,leaf,/features/ai-tag-confidence,,/features/ai,Home > Features > AI > AI Tag Confidence,C AI Feature,ai-input-output,ai tag confidence,commercial,"Show what GetSibu's AI analyses, what becomes searchable as a result, and how people stay in control of it.",AI-generated tags can include confidence information that helps users understand how strongly the system associates a tag with an asset.,Confidence information and what it tells a reviewer.,AI-assisted tagging,31 AI-Assisted Tagging; 47 AI Tag Approval; 48 AI Tag Override; 42 AI Asset Classification; 9 AI-Aware Asset Management; 364 What Is AI Tagging?,31 AI-Assisted Tagging,31 AI-Assisted Tagging; 47 AI Tag Approval; 48 AI Tag Override; 42 AI Asset Classification,364 What Is AI Tagging?,383 Does GetSibu Support AI Tagging?,,0,Start free -> https://getsibu.com/signup,Turn Your Asset Library Into Intelligence -> /get-started/turn-your-asset-library-into-intelligence,AI Tag Confidence | GetSibu,AI-generated tags can include confidence information that helps users understand how strongly the system associates a tag with an asset.,/features/ai-tag-confidence,WebPage BreadcrumbList,"index,follow",true,AI,diagram product-ui,"Media in, understanding out: an asset with the detected signal overlaid (objects, scenes, moods, colours, faces, text) and the resulting tag with its approval state.",ai-tagging,false,published,,AI-generated tags can include confidence information that helps users understand how strongly the system associates a tag with an asset.
47,AI Tag Approval,31-60 AI Features,canonical,,Features,ai,leaf,/features/ai-tag-approval,,/features/ai,Home > Features > AI > AI Tag Approval,C AI Feature,ai-control,ai tag approval,commercial,"Show what GetSibu's AI analyses, what becomes searchable as a result, and how people stay in control of it.","Teams can approve suggested tags in bulk, making large-scale asset organisation significantly faster than reviewing every file individually.",Bulk approval of suggested tags at library scale.,AI-assisted tagging,31 AI-Assisted Tagging; 46 AI Tag Confidence; 48 AI Tag Override; 42 AI Asset Classification; 9 AI-Aware Asset Management; 364 What Is AI Tagging?,31 AI-Assisted Tagging,31 AI-Assisted Tagging; 46 AI Tag Confidence; 48 AI Tag Override; 42 AI Asset Classification,364 What Is AI Tagging?,383 Does GetSibu Support AI Tagging?,,0,Start free -> https://getsibu.com/signup,Turn Your Asset Library Into Intelligence -> /get-started/turn-your-asset-library-into-intelligence,AI Tag Approval | GetSibu,"Teams can approve suggested tags in bulk, making large-scale asset organisation significantly faster than reviewing every file individually.",/features/ai-tag-approval,WebPage BreadcrumbList,"index,follow",true,AI,diagram product-ui,"Media in, understanding out: an asset with the detected signal overlaid (objects, scenes, moods, colours, faces, text) and the resulting tag with its approval state.",ai-tagging,false,published,,"Teams can approve suggested tags in bulk, making large-scale asset organisation significantly faster than reviewing every file individually."
48,AI Tag Override,31-60 AI Features,canonical,,Features,ai,leaf,/features/ai-tag-override,,/features/ai,Home > Features > AI > AI Tag Override,C AI Feature,ai-input-output,ai tag override,commercial,"Show what GetSibu's AI analyses, what becomes searchable as a result, and how people stay in control of it.",AI recommendations are not permanent.,Overriding tags that do not match the team's taxonomy.,AI-assisted tagging,42 AI Asset Classification; 31 AI-Assisted Tagging; 47 AI Tag Approval; 46 AI Tag Confidence; 9 AI-Aware Asset Management; 364 What Is AI Tagging?,42 AI Asset Classification; 375 What Is Asset Taxonomy?,42 AI Asset Classification; 31 AI-Assisted Tagging; 47 AI Tag Approval; 46 AI Tag Confidence,364 What Is AI Tagging?; 375 What Is Asset Taxonomy?,383 Does GetSibu Support AI Tagging?,,0,Start free -> https://getsibu.com/signup,Turn Your Asset Library Into Intelligence -> /get-started/turn-your-asset-library-into-intelligence,AI Tag Override | GetSibu,AI recommendations in GetSibu are not permanent: authorised users can override tags whenever the automatic classification does not match the team’s taxonomy.,/features/ai-tag-override,WebPage BreadcrumbList,"index,follow",true,AI,diagram product-ui,"Media in, understanding out: an asset with the detected signal overlaid (objects, scenes, moods, colours, faces, text) and the resulting tag with its approval state.",ai-tagging,false,published,,AI recommendations are not permanent. Authorised users can override tags whenever the automatically generated classification does not match the team's intended taxonomy.
49,AI Creative Search,31-60 AI Features,canonical,,Features,ai,leaf,/features/ai-creative-search,,/features/ai,Home > Features > AI > AI Creative Search,C AI Feature,ai-discovery,ai creative search,commercial,"Show what GetSibu's AI analyses, what becomes searchable as a result, and how people stay in control of it.",AI creative search allows users to describe the asset they want and receive relevant results based on available semantic and visual information.,"The outcome for creative work: describe the asset, receive results from semantic and visual information. / AI creative search (see semantic-search).",Semantic and natural language search; AI-powered discovery,39 AI Semantic Search; 12 AI Asset Discovery; 51 AI-Powered Video Discovery; 52 AI-Powered Image Discovery; 53 AI Document Discovery; 26 Searchable Image Library,,39 AI Semantic Search; 12 AI Asset Discovery; 51 AI-Powered Video Discovery; 52 AI-Powered Image Discovery,363 What Is Semantic Search?,,,0,Start free -> https://getsibu.com/signup,Turn Your Asset Library Into Intelligence -> /get-started/turn-your-asset-library-into-intelligence,AI Creative Search | GetSibu,AI creative search allows users to describe the asset they want and receive relevant results based on available semantic and visual information.,/features/ai-creative-search,WebPage BreadcrumbList,"index,follow",true,AI,diagram product-ui,"Media in, understanding out: an asset with the detected signal overlaid (objects, scenes, moods, colours, faces, text) and the resulting tag with its approval state.",semantic-search,false,published,,AI creative search allows users to describe the asset they want and receive relevant results based on available semantic and visual information.
50,AI Media Indexing,31-60 AI Features,canonical,,Features,ai,leaf,/features/ai-media-indexing,,/features/ai,Home > Features > AI > AI Media Indexing,C AI Feature,ai-operations,ai media indexing,commercial,"Show what GetSibu's AI analyses, what becomes searchable as a result, and how people stay in control of it.","AI media indexing prepares creative content for intelligent discovery by processing supported visual, textual and metadata signals.","AI's contribution to indexing: visual, textual and metadata signals prepared for discovery. / Indexing: see indexing-metadata.",Indexing and metadata; AI media understanding,22 Media Metadata Management; 43 AI Media Understanding; 44 AI Creative Intelligence; 58 AI Asset Intelligence; 23 Asset Metadata Search; 21 Creative Asset Indexing,22 Media Metadata Management,22 Media Metadata Management; 43 AI Media Understanding; 44 AI Creative Intelligence; 58 AI Asset Intelligence,374 What Is Asset Metadata?; 380 Future of AI-Powered Creative Libraries,,,0,Start free -> https://getsibu.com/signup,Turn Your Asset Library Into Intelligence -> /get-started/turn-your-asset-library-into-intelligence,AI Media Indexing | GetSibu,"AI media indexing prepares creative content for intelligent discovery by processing supported visual, textual and metadata signals.",/features/ai-media-indexing,WebPage BreadcrumbList,"index,follow",true,AI,diagram product-ui,"Media in, understanding out: an asset with the detected signal overlaid (objects, scenes, moods, colours, faces, text) and the resulting tag with its approval state.",,false,published,,"AI media indexing prepares creative content for intelligent discovery by processing supported visual, textual and metadata signals."
51,AI-Powered Video Discovery,31-60 AI Features,canonical,,Features,ai,leaf,/features/ai-powered-video-discovery,,/features/ai,Home > Features > AI > AI-Powered Video Discovery,C AI Feature,ai-discovery,ai-powered video discovery,commercial,"Show what GetSibu's AI analyses, what becomes searchable as a result, and how people stay in control of it.","AI video discovery allows users to search video collections using scenes, objects, visual characteristics and other indexed information.","AI angle for video: search by scenes, objects and visual characteristics.",Scene detection and video; AI-powered discovery,12 AI Asset Discovery; 52 AI-Powered Image Discovery; 49 AI Creative Search; 53 AI Document Discovery; 26 Searchable Image Library; 25 Searchable Video Library,34 AI Object Detection; 21 Creative Asset Indexing,12 AI Asset Discovery; 52 AI-Powered Image Discovery; 49 AI Creative Search; 53 AI Document Discovery,,,212 GetSibu for Video Teams; 216 GetSibu for Post-Production Teams; 217 GetSibu for Documentary Teams,0,Start free -> https://getsibu.com/signup,Turn Your Asset Library Into Intelligence -> /get-started/turn-your-asset-library-into-intelligence,AI-Powered Video Discovery | GetSibu,AI-Powered Video Discovery: AI asset discovery helps users find files based on what appears inside the asset.,/features/ai-powered-video-discovery,WebPage BreadcrumbList,"index,follow",true,AI,diagram product-ui,"Media in, understanding out: an asset with the detected signal overlaid (objects, scenes, moods, colours, faces, text) and the resulting tag with its approval state.",scene-detection,true,framed,12,"AI video discovery allows users to search video collections using scenes, objects, visual characteristics and other indexed information."
52,AI-Powered Image Discovery,31-60 AI Features,canonical,,Features,ai,leaf,/features/ai-powered-image-discovery,,/features/ai,Home > Features > AI > AI-Powered Image Discovery,C AI Feature,ai-operations,ai-powered image discovery,commercial,"Show what GetSibu's AI analyses, what becomes searchable as a result, and how people stay in control of it.","AI image discovery helps teams locate photographs, product shots, campaign images and other visual content through AI-generated metadata.","AI angle for images: photographs, product shots, campaign images through AI-generated metadata.",AI-powered discovery,12 AI Asset Discovery; 51 AI-Powered Video Discovery; 53 AI Document Discovery; 49 AI Creative Search; 26 Searchable Image Library; 25 Searchable Video Library,22 Media Metadata Management,12 AI Asset Discovery; 51 AI-Powered Video Discovery; 53 AI Document Discovery; 49 AI Creative Search,,,,0,Start free -> https://getsibu.com/signup,Turn Your Asset Library Into Intelligence -> /get-started/turn-your-asset-library-into-intelligence,AI-Powered Image Discovery | GetSibu,"AI image discovery helps teams locate photographs, product shots, campaign images and other visual content through AI-generated metadata.",/features/ai-powered-image-discovery,WebPage BreadcrumbList,"index,follow",true,AI,diagram product-ui,"Media in, understanding out: an asset with the detected signal overlaid (objects, scenes, moods, colours, faces, text) and the resulting tag with its approval state.",,false,published,,"AI image discovery helps teams locate photographs, product shots, campaign images and other visual content through AI-generated metadata."
53,AI Document Discovery,31-60 AI Features,canonical,,Features,ai,leaf,/features/ai-document-discovery,,/features/ai,Home > Features > AI > AI Document Discovery,C AI Feature,ai-discovery,ai document discovery,commercial,"Show what GetSibu's AI analyses, what becomes searchable as a result, and how people stay in control of it.",AI document discovery combines OCR and metadata to help users locate documents based on information contained inside them.,Discovery angle: OCR combined with metadata to locate documents. / AI angle for documents (see ocr-search).,OCR and text inside assets; AI-powered discovery,38 AI OCR; 12 AI Asset Discovery; 52 AI-Powered Image Discovery; 51 AI-Powered Video Discovery; 49 AI Creative Search; 27 Searchable Document Library,38 AI OCR; 22 Media Metadata Management,38 AI OCR; 12 AI Asset Discovery; 52 AI-Powered Image Discovery; 51 AI-Powered Video Discovery,366 What Is OCR in DAM?,384 Can GetSibu Search Inside Documents?,,0,Start free -> https://getsibu.com/signup,Turn Your Asset Library Into Intelligence -> /get-started/turn-your-asset-library-into-intelligence,AI Document Discovery | GetSibu,AI document discovery combines OCR and metadata to help users locate documents based on information contained inside them.,/features/ai-document-discovery,WebPage BreadcrumbList,"index,follow",true,AI,diagram product-ui,"Media in, understanding out: an asset with the detected signal overlaid (objects, scenes, moods, colours, faces, text) and the resulting tag with its approval state.",ocr,false,published,,AI document discovery combines OCR and metadata to help users locate documents based on information contained inside them.
54,AI Creative Workflow,31-60 AI Features,canonical,,Features,ai,leaf,/features/ai-creative-workflow,,/features/ai,Home > Features > AI > AI Creative Workflow,C AI Feature,ai-operations,ai creative workflow,commercial,"Show what GetSibu's AI analyses, what becomes searchable as a result, and how people stay in control of it.",AI features become part of the asset workflow from ingestion through organisation and discovery.,"AI as an operational layer from ingestion to discovery, not an isolated feature.","Practical, human-controlled AI; End-to-end creative workflow",60 Practical AI for Creative Teams; 80 Creative Workflow Management; 55 AI Media Automation; 59 AI Creative Operations; 45 AI-Powered Asset Management; 67 Creative Approval Workflow,,60 Practical AI for Creative Teams; 80 Creative Workflow Management; 55 AI Media Automation; 59 AI Creative Operations,362 What Is AI Asset Management?; 377 How AI Changes DAM,,,0,Start free -> https://getsibu.com/signup,Build a Smarter Creative Workflow -> /get-started/build-a-smarter-creative-workflow,AI Creative Workflow | GetSibu,AI features become part of the asset workflow from ingestion through organisation and discovery.,/features/ai-creative-workflow,WebPage BreadcrumbList,"index,follow",true,AI,diagram product-ui,"Media in, understanding out: an asset with the detected signal overlaid (objects, scenes, moods, colours, faces, text) and the resulting tag with its approval state.",,false,published,,AI features become part of the asset workflow from ingestion through organisation and discovery. This means AI is not presented as an isolated feature but as an operational layer across the library.
55,AI Media Automation,31-60 AI Features,canonical,,Features,ai,leaf,/features/ai-media-automation,,/features/ai,Home > Features > AI > AI Media Automation,C AI Feature,ai-input-output,ai media automation,commercial,"Show what GetSibu's AI analyses, what becomes searchable as a result, and how people stay in control of it.","AI automation reduces repetitive tasks such as tagging, scene identification, OCR extraction and collection creation.","Tasks automated: tagging, scene identification, OCR extraction, collection creation.","Practical, human-controlled AI",60 Practical AI for Creative Teams; 54 AI Creative Workflow; 59 AI Creative Operations; 45 AI-Powered Asset Management; 9 AI-Aware Asset Management; 3 AI-Powered Digital Asset Management,38 AI OCR,60 Practical AI for Creative Teams; 54 AI Creative Workflow; 59 AI Creative Operations; 45 AI-Powered Asset Management,362 What Is AI Asset Management?; 377 How AI Changes DAM,,,0,Start free -> https://getsibu.com/signup,Turn Your Asset Library Into Intelligence -> /get-started/turn-your-asset-library-into-intelligence,AI Media Automation | GetSibu,"AI automation reduces repetitive tasks such as tagging, scene identification, OCR extraction and collection creation.",/features/ai-media-automation,WebPage BreadcrumbList,"index,follow",true,AI,diagram product-ui,"Media in, understanding out: an asset with the detected signal overlaid (objects, scenes, moods, colours, faces, text) and the resulting tag with its approval state.",ocr,false,published,,"AI automation reduces repetitive tasks such as tagging, scene identification, OCR extraction and collection creation."
56,AI Asset Recommendations,31-60 AI Features,canonical,,Features,ai,leaf,/features/ai-asset-recommendations,,/features/ai,Home > Features > AI > AI Asset Recommendations,C AI Feature,ai-operations,ai asset recommendations,commercial,"Show what GetSibu's AI analyses, what becomes searchable as a result, and how people stay in control of it.",GetSibu can use information discovered across the library to recommend relevant collections and organisational structures.,Recommendations for collections and organisational structures.,AI collections and recommendations,57 AI Library Organisation; 55 AI Media Automation; 54 AI Creative Workflow; 58 AI Asset Intelligence,,57 AI Library Organisation; 55 AI Media Automation; 54 AI Creative Workflow; 58 AI Asset Intelligence,,,,0,Start free -> https://getsibu.com/signup,Turn Your Asset Library Into Intelligence -> /get-started/turn-your-asset-library-into-intelligence,AI Asset Recommendations | GetSibu,AI Asset Recommendations: AI-assisted organisation helps teams maintain order as the library grows.,/features/ai-asset-recommendations,WebPage BreadcrumbList,"index,follow",true,AI,diagram product-ui,"Media in, understanding out: an asset with the detected signal overlaid (objects, scenes, moods, colours, faces, text) and the resulting tag with its approval state.",auto-collections,true,framed,57,GetSibu can use information discovered across the library to recommend relevant collections and organisational structures.
57,AI Library Organisation,31-60 AI Features,canonical,,Features,ai,leaf,/features/ai-library-organisation,,/features/ai,Home > Features > AI > AI Library Organisation,C AI Feature,ai-input-output,ai library organisation,commercial,"Show what GetSibu's AI analyses, what becomes searchable as a result, and how people stay in control of it.",AI-assisted organisation helps teams maintain order as the library grows rather than requiring a major manual cleanup after every campaign.,"AI keeping the library in order as it grows, instead of periodic manual clean-ups. / Ongoing order as the library grows (see library-organisation).",Organising the library; AI collections and recommendations,8 Creative Asset Organisation; 56 AI Asset Recommendations; 29 Creative Library Navigation; 4 Creative Library Management; 375 What Is Asset Taxonomy?; 58 AI Asset Intelligence,,8 Creative Asset Organisation; 56 AI Asset Recommendations; 29 Creative Library Navigation; 4 Creative Library Management,375 What Is Asset Taxonomy?,,,0,Start free -> https://getsibu.com/signup,Scale Your Creative Library -> /get-started/scale-your-creative-library,AI Library Organisation | GetSibu,AI-assisted organisation helps teams maintain order as the library grows rather than requiring a major manual cleanup after every campaign.,/features/ai-library-organisation,WebPage BreadcrumbList,"index,follow",true,AI,diagram product-ui,"Media in, understanding out: an asset with the detected signal overlaid (objects, scenes, moods, colours, faces, text) and the resulting tag with its approval state.",,false,published,,AI-assisted organisation helps teams maintain order as the library grows rather than requiring a major manual cleanup after every campaign.
58,AI Asset Intelligence,31-60 AI Features,canonical,,Features,ai,leaf,/features/ai-asset-intelligence,,/features/ai,Home > Features > AI > AI Asset Intelligence,C AI Feature,ai-operations,ai asset intelligence,commercial,"Show what GetSibu's AI analyses, what becomes searchable as a result, and how people stay in control of it.",Asset intelligence combines AI analysis with metadata and search capabilities to make media libraries more informative.,Combination: AI analysis with metadata and search capabilities.,AI media understanding,43 AI Media Understanding; 50 AI Media Indexing; 44 AI Creative Intelligence; 380 Future of AI-Powered Creative Libraries; 22 Media Metadata Management; 57 AI Library Organisation,22 Media Metadata Management,43 AI Media Understanding; 50 AI Media Indexing; 44 AI Creative Intelligence; 22 Media Metadata Management,380 Future of AI-Powered Creative Libraries,,,0,Start free -> https://getsibu.com/signup,Turn Your Asset Library Into Intelligence -> /get-started/turn-your-asset-library-into-intelligence,AI Asset Intelligence | GetSibu,Asset intelligence combines AI analysis with metadata and search capabilities to make media libraries more informative.,/features/ai-asset-intelligence,WebPage BreadcrumbList,"index,follow",true,AI,diagram product-ui,"Media in, understanding out: an asset with the detected signal overlaid (objects, scenes, moods, colours, faces, text) and the resulting tag with its approval state.",,false,published,,Asset intelligence combines AI analysis with metadata and search capabilities to make media libraries more informative.
59,AI Creative Operations,31-60 AI Features,canonical,,Features,ai,leaf,/features/ai-creative-operations,,/features/ai,Home > Features > AI > AI Creative Operations,C AI Feature,ai-input-output,ai creative operations,commercial,"Show what GetSibu's AI analyses, what becomes searchable as a result, and how people stay in control of it.",AI creative operations help production and marketing teams spend less time managing files and more time using those files in actual creative work.,For production and marketing teams: less time managing files.,"Practical, human-controlled AI",60 Practical AI for Creative Teams; 55 AI Media Automation; 54 AI Creative Workflow; 45 AI-Powered Asset Management; 9 AI-Aware Asset Management; 3 AI-Powered Digital Asset Management,,60 Practical AI for Creative Teams; 55 AI Media Automation; 54 AI Creative Workflow; 45 AI-Powered Asset Management,362 What Is AI Asset Management?; 377 How AI Changes DAM,,,0,Start free -> https://getsibu.com/signup,Turn Your Asset Library Into Intelligence -> /get-started/turn-your-asset-library-into-intelligence,AI Creative Operations | GetSibu,AI creative operations help production and marketing teams spend less time managing files and more time using those files in actual creative work.,/features/ai-creative-operations,WebPage BreadcrumbList,"index,follow",true,AI,diagram product-ui,"Media in, understanding out: an asset with the detected signal overlaid (objects, scenes, moods, colours, faces, text) and the resulting tag with its approval state.",,false,published,,AI creative operations help production and marketing teams spend less time managing files and more time using those files in actual creative work.
60,Practical AI for Creative Teams,31-60 AI Features,canonical,,Features,ai,leaf,/features/practical-ai-for-creative-teams,,/features/ai,Home > Features > AI > Practical AI for Creative Teams,C AI Feature,ai-operations,practical ai for creative teams,commercial,"Show what GetSibu's AI analyses, what becomes searchable as a result, and how people stay in control of it.","GetSibu focuses AI capabilities on practical library problems such as discovery, organisation, tagging, OCR, duplicate detection and media analysis rather than adding AI features without a workflow purpose.",Focus: AI aimed at practical library problems with a workflow purpose.,"Practical, human-controlled AI",59 AI Creative Operations; 55 AI Media Automation; 54 AI Creative Workflow; 45 AI-Powered Asset Management; 9 AI-Aware Asset Management; 3 AI-Powered Digital Asset Management,38 AI OCR; 40 AI Duplicate Detection,59 AI Creative Operations; 55 AI Media Automation; 54 AI Creative Workflow; 45 AI-Powered Asset Management,362 What Is AI Asset Management?; 377 How AI Changes DAM,,,0,Start free -> https://getsibu.com/signup,Turn Your Asset Library Into Intelligence -> /get-started/turn-your-asset-library-into-intelligence,Practical AI for Creative Teams | GetSibu,"GetSibu focuses AI capabilities on practical library problems such as discovery, organisation, tagging, OCR, duplicate detection and media analysis.",/features/practical-ai-for-creative-teams,WebPage BreadcrumbList,"index,follow",true,AI,diagram product-ui,"Media in, understanding out: an asset with the detected signal overlaid (objects, scenes, moods, colours, faces, text) and the resulting tag with its approval state.",ocr duplicate-detection,false,published,,"GetSibu focuses AI capabilities on practical library problems such as discovery, organisation, tagging, OCR, duplicate detection and media analysis rather than adding AI features without a workflow purpose."
61,Creative Team Collaboration,61-90 Collaboration,canonical,,Features,collaboration,leaf,/features/creative-team-collaboration,,/features/collaboration,Home > Features > Collaboration > Creative Team Collaboration,B Feature,feature-split,creative team collaboration,commercial,"Explain one capability: what it does, how it works in the library, and where it fits in the team's workflow.",GetSibu provides collaboration features directly inside the asset library so teams can discuss files without moving conversations into disconnected tools.,Collaboration inside the library instead of disconnected tools.,Comments and feedback; Collaboration by team,62 Asset Comments; 90 Creative Team Workspace; 63 Threaded Comments; 66 Team Mentions; 73 Team Feedback; 74 Creative Feedback Management,,62 Asset Comments; 90 Creative Team Workspace; 63 Threaded Comments; 66 Team Mentions,379 Future of Creative Collaboration,,,0,Start free -> https://getsibu.com/signup,Build a Smarter Creative Workflow -> /get-started/build-a-smarter-creative-workflow,Creative Team Collaboration | GetSibu,GetSibu provides collaboration features directly inside the asset library so teams can discuss files without moving conversations into disconnected tools.,/features/creative-team-collaboration,WebPage BreadcrumbList,"index,follow",true,Collaboration,product-ui diagram,"Feedback attached to the work itself: a comment pinned to a timeline frame, a thread beside an image, an approval state changing.",,false,published,,GetSibu provides collaboration features directly inside the asset library so teams can discuss files without moving conversations into disconnected tools.
62,Asset Comments,61-90 Collaboration,canonical,,Features,collaboration,leaf,/features/asset-comments,,/features/collaboration,Home > Features > Collaboration > Asset Comments,B Feature,feature-story,asset comments,commercial,"Explain one capability: what it does, how it works in the library, and where it fits in the team's workflow.","Users can leave comments directly on assets, keeping feedback attached to the creative work being discussed.","Comments on assets, attached to the work.",Comments and feedback,61 Creative Team Collaboration; 63 Threaded Comments; 66 Team Mentions; 73 Team Feedback; 74 Creative Feedback Management; 75 Asset Discussion History,,61 Creative Team Collaboration; 63 Threaded Comments; 66 Team Mentions; 73 Team Feedback,,385 Does GetSibu Support Video Comments?,216 GetSibu for Post-Production Teams,0,Start free -> https://getsibu.com/signup,Build a Smarter Creative Workflow -> /get-started/build-a-smarter-creative-workflow,Asset Comments | GetSibu,"Users can leave comments directly on assets, keeping feedback attached to the creative work being discussed.",/features/asset-comments,WebPage BreadcrumbList,"index,follow",true,Collaboration,product-ui diagram,"Feedback attached to the work itself: a comment pinned to a timeline frame, a thread beside an image, an approval state changing.",,false,published,,"Users can leave comments directly on assets, keeping feedback attached to the creative work being discussed."
63,Threaded Comments,61-90 Collaboration,canonical,,Features,collaboration,leaf,/features/threaded-comments,,/features/collaboration,Home > Features > Collaboration > Threaded Comments,B Feature,feature-split,threaded comments,commercial,"Explain one capability: what it does, how it works in the library, and where it fits in the team's workflow.",Threaded discussions allow teams to keep conversations organised around specific issues instead of creating one long stream of unrelated feedback.,Threads that keep conversations organised by issue.,Comments and feedback,62 Asset Comments; 61 Creative Team Collaboration; 66 Team Mentions; 73 Team Feedback; 74 Creative Feedback Management; 75 Asset Discussion History,,62 Asset Comments; 61 Creative Team Collaboration; 66 Team Mentions; 73 Team Feedback,,,,0,Start free -> https://getsibu.com/signup,Build a Smarter Creative Workflow -> /get-started/build-a-smarter-creative-workflow,Threaded Comments | GetSibu,Threaded discussions allow teams to keep conversations organised around specific issues instead of creating one long stream of unrelated feedback.,/features/threaded-comments,WebPage BreadcrumbList,"index,follow",true,Collaboration,product-ui diagram,"Feedback attached to the work itself: a comment pinned to a timeline frame, a thread beside an image, an approval state changing.",,false,published,,Threaded discussions allow teams to keep conversations organised around specific issues instead of creating one long stream of unrelated feedback.
64,Video Timeline Comments,61-90 Collaboration,canonical,,Features,collaboration,leaf,/features/video-timeline-comments,,/features/collaboration,Home > Features > Collaboration > Video Timeline Comments,B Feature,feature-media,video timeline comments,commercial,"Explain one capability: what it does, how it works in the library, and where it fits in the team's workflow.",Video comments can be attached to specific points on the timeline.,Comments attached to timeline points.,Video and creative review,65 Frame-Accurate Review; 81 Production Collaboration; 69 Creative Review; 62 Asset Comments; 63 Threaded Comments; 385 Does GetSibu Support Video Comments?,62 Asset Comments,65 Frame-Accurate Review; 81 Production Collaboration; 69 Creative Review; 62 Asset Comments,,385 Does GetSibu Support Video Comments?,212 GetSibu for Video Teams; 216 GetSibu for Post-Production Teams,0,Start free -> https://getsibu.com/signup,Build a Smarter Creative Workflow -> /get-started/build-a-smarter-creative-workflow,Video Timeline Comments | GetSibu,Video comments can be attached to specific points on the timeline. This gives editors and reviewers a precise location for feedback.,/features/video-timeline-comments,WebPage BreadcrumbList,"index,follow",true,Collaboration,product-ui diagram,"Feedback attached to the work itself: a comment pinned to a timeline frame, a thread beside an image, an approval state changing.",timeline-comments,false,published,,Video comments can be attached to specific points on the timeline. This gives editors and reviewers a precise location for feedback.
65,Frame-Accurate Review,61-90 Collaboration,canonical,,Features,collaboration,leaf,/features/frame-accurate-review,,/features/collaboration,Home > Features > Collaboration > Frame-Accurate Review,B Feature,feature-split,frame-accurate review,commercial,"Explain one capability: what it does, how it works in the library, and where it fits in the team's workflow.",Frame-accurate review allows creative teams to discuss specific moments in video rather than describing approximate locations through messages.,Discussing exact moments instead of approximate descriptions.,Video and creative review,64 Video Timeline Comments; 69 Creative Review; 81 Production Collaboration; 66 Team Mentions; 63 Threaded Comments; 67 Creative Approval Workflow,,64 Video Timeline Comments; 69 Creative Review; 81 Production Collaboration; 66 Team Mentions,,385 Does GetSibu Support Video Comments?,211 GetSibu for Production Studios,0,Start free -> https://getsibu.com/signup,Build a Smarter Creative Workflow -> /get-started/build-a-smarter-creative-workflow,Frame-Accurate Review | GetSibu,Frame-accurate review allows creative teams to discuss specific moments in video rather than describing approximate locations through messages.,/features/frame-accurate-review,WebPage BreadcrumbList,"index,follow",true,Collaboration,product-ui diagram,"Feedback attached to the work itself: a comment pinned to a timeline frame, a thread beside an image, an approval state changing.",frame-accurate,false,published,,Frame-accurate review allows creative teams to discuss specific moments in video rather than describing approximate locations through messages.
66,Team Mentions,61-90 Collaboration,canonical,,Features,collaboration,leaf,/features/team-mentions,,/features/collaboration,Home > Features > Collaboration > Team Mentions,B Feature,feature-story,team mentions,commercial,"Explain one capability: what it does, how it works in the library, and where it fits in the team's workflow.",Users can mention teammates inside asset discussions.,Mentions with folder-aware autocomplete — people mentioned have visibility. / The mechanism: folder-aware autocomplete for teammates with visibility.,Comments and feedback; Mentions,86 Asset Mentions; 62 Asset Comments; 63 Threaded Comments; 61 Creative Team Collaboration; 73 Team Feedback; 74 Creative Feedback Management,,86 Asset Mentions; 62 Asset Comments; 63 Threaded Comments; 61 Creative Team Collaboration,,,,0,Start free -> https://getsibu.com/signup,Build a Smarter Creative Workflow -> /get-started/build-a-smarter-creative-workflow,Team Mentions | GetSibu,Users can mention teammates inside asset discussions. Folder-aware autocomplete helps ensure that users can mention people who have appropriate visibility.,/features/team-mentions,WebPage BreadcrumbList,"index,follow",true,Collaboration,product-ui diagram,"Feedback attached to the work itself: a comment pinned to a timeline frame, a thread beside an image, an approval state changing.",folder-aware-mentions,false,published,,Users can mention teammates inside asset discussions. Folder-aware autocomplete helps ensure that users can mention people who have appropriate visibility.
67,Creative Approval Workflow,61-90 Collaboration,canonical,,Features,collaboration,leaf,/features/creative-approval-workflow,,/features/collaboration,Home > Features > Collaboration > Creative Approval Workflow,E Governance / Lifecycle,workflow-timeline,creative approval workflow,commercial,"Explain how an asset moves through versions, statuses and lifecycle stages, and what record is kept.","GetSibu provides approval workflows that allow teams to request review, make changes and mark assets as approved.","The workflow: request review, make changes, mark approved.",Approvals; End-to-end creative workflow,80 Creative Workflow Management; 68 Asset Approval; 69 Creative Review; 70 Campaign Review; 71 Brand Asset Approval; 396 Build a Smarter Creative Workflow,,80 Creative Workflow Management; 68 Asset Approval; 69 Creative Review; 70 Campaign Review,370 What Is Creative Approval?; 371 What Is Creative Governance?; 379 Future of Creative Collaboration,,223 GetSibu for Enterprise Marketing; 224 GetSibu for Global Brands,0,Start free -> https://getsibu.com/signup,Build a Smarter Creative Workflow -> /get-started/build-a-smarter-creative-workflow,Creative Approval Workflow | GetSibu,"GetSibu provides approval workflows that allow teams to request review, make changes and mark assets as approved.",/features/creative-approval-workflow,WebPage BreadcrumbList,"index,follow",true,Collaboration,product-ui diagram,"Feedback attached to the work itself: a comment pinned to a timeline frame, a thread beside an image, an approval state changing.",,false,published,,"GetSibu provides approval workflows that allow teams to request review, make changes and mark assets as approved."
68,Asset Approval,61-90 Collaboration,canonical,,Features,collaboration,leaf,/features/asset-approval,,/features/collaboration,Home > Features > Collaboration > Asset Approval,E Governance / Lifecycle,workflow-states,asset approval,commercial,"Explain how an asset moves through versions, statuses and lifecycle stages, and what record is kept.","Assets can move through an approval process with status history, creating a clear record of whether content is awaiting review, approved or requires changes.","Status history: awaiting review, approved, requires changes.",Approvals,67 Creative Approval Workflow; 69 Creative Review; 70 Campaign Review; 71 Brand Asset Approval; 72 Client Review; 76 Review Status,67 Creative Approval Workflow; 102 Asset Status Management,67 Creative Approval Workflow; 69 Creative Review; 70 Campaign Review; 71 Brand Asset Approval,370 What Is Creative Approval?,,,0,Start free -> https://getsibu.com/signup,Build a Smarter Creative Workflow -> /get-started/build-a-smarter-creative-workflow,Asset Approval | GetSibu,"Assets can move through an approval process with status history, creating a clear record of whether content is awaiting review, approved or requires changes.",/features/asset-approval,WebPage BreadcrumbList,"index,follow",true,Collaboration,product-ui diagram,"Feedback attached to the work itself: a comment pinned to a timeline frame, a thread beside an image, an approval state changing.",,false,published,,"Assets can move through an approval process with status history, creating a clear record of whether content is awaiting review, approved or requires changes."
69,Creative Review,61-90 Collaboration,canonical,,Features,collaboration,leaf,/features/creative-review,,/features/collaboration,Home > Features > Collaboration > Creative Review,B Feature,feature-media,creative review,commercial,"Explain one capability: what it does, how it works in the library, and where it fits in the team's workflow.","Creative review provides a central location for teams to inspect work, discuss changes and confirm final assets.","A central place to inspect work, discuss changes and confirm finals. / The review space: inspect work, discuss changes, confirm final assets.",Video and creative review; Approvals,67 Creative Approval Workflow; 64 Video Timeline Comments; 68 Asset Approval; 70 Campaign Review; 71 Brand Asset Approval; 72 Client Review,,67 Creative Approval Workflow; 64 Video Timeline Comments; 68 Asset Approval; 70 Campaign Review,370 What Is Creative Approval?,385 Does GetSibu Support Video Comments?,,0,Start free -> https://getsibu.com/signup,Build a Smarter Creative Workflow -> /get-started/build-a-smarter-creative-workflow,Creative Review | GetSibu,"Creative review provides a central location for teams to inspect work, discuss changes and confirm final assets.",/features/creative-review,WebPage BreadcrumbList,"index,follow",true,Collaboration,product-ui diagram,"Feedback attached to the work itself: a comment pinned to a timeline frame, a thread beside an image, an approval state changing.",,false,published,,"Creative review provides a central location for teams to inspect work, discuss changes and confirm final assets."
70,Campaign Review,61-90 Collaboration,canonical,,Features,collaboration,leaf,/features/campaign-review,,/features/collaboration,Home > Features > Collaboration > Campaign Review,B Feature,feature-split,campaign review,commercial,"Explain one capability: what it does, how it works in the library, and where it fits in the team's workflow.",Marketing teams can use asset-level discussions and approvals to review campaign materials before distribution.,Campaign materials reviewed before distribution.,Approvals,67 Creative Approval Workflow; 69 Creative Review; 71 Brand Asset Approval; 68 Asset Approval; 72 Client Review; 76 Review Status,67 Creative Approval Workflow,67 Creative Approval Workflow; 69 Creative Review; 71 Brand Asset Approval; 68 Asset Approval,370 What Is Creative Approval?,,,0,Start free -> https://getsibu.com/signup,Build a Smarter Creative Workflow -> /get-started/build-a-smarter-creative-workflow,Campaign Review | GetSibu,Marketing teams can use asset-level discussions and approvals to review campaign materials before distribution.,/features/campaign-review,WebPage BreadcrumbList,"index,follow",true,Collaboration,product-ui diagram,"Feedback attached to the work itself: a comment pinned to a timeline frame, a thread beside an image, an approval state changing.",,false,published,,Marketing teams can use asset-level discussions and approvals to review campaign materials before distribution.
71,Brand Asset Approval,61-90 Collaboration,canonical,,Features,collaboration,leaf,/features/brand-asset-approval,,/features/collaboration,Home > Features > Collaboration > Brand Asset Approval,E Governance / Lifecycle,workflow-states,brand asset approval,commercial,"Explain how an asset moves through versions, statuses and lifecycle stages, and what record is kept.",Brand teams can use approval gates to ensure that approved creative assets are separated from drafts and work-in-progress materials.,Approval gates separating approved brand assets from drafts.,Approvals; Brand control,103 Approved Asset Library; 67 Creative Approval Workflow; 70 Campaign Review; 72 Client Review; 69 Creative Review; 68 Asset Approval,67 Creative Approval Workflow,103 Approved Asset Library; 67 Creative Approval Workflow; 70 Campaign Review; 72 Client Review,370 What Is Creative Approval?,,214 GetSibu for Brand Teams,0,Start free -> https://getsibu.com/signup,Build a Smarter Creative Workflow -> /get-started/build-a-smarter-creative-workflow,Brand Asset Approval | GetSibu,Brand teams can use approval gates to ensure that approved creative assets are separated from drafts and work-in-progress materials.,/features/brand-asset-approval,WebPage BreadcrumbList,"index,follow",true,Collaboration,product-ui diagram,"Feedback attached to the work itself: a comment pinned to a timeline frame, a thread beside an image, an approval state changing.",,false,published,,Brand teams can use approval gates to ensure that approved creative assets are separated from drafts and work-in-progress materials.
72,Client Review,61-90 Collaboration,canonical,,Features,collaboration,leaf,/features/client-review,,/features/collaboration,Home > Features > Collaboration > Client Review,B Feature,feature-story,client review,commercial,"Explain one capability: what it does, how it works in the library, and where it fits in the team's workflow.",Agencies can use GetSibu to maintain client-specific libraries and review workflows while keeping different clients isolated.,Client-specific review with clients kept isolated. / Client review workflows per isolated client (see approvals).,Approvals; Multi-tenancy,67 Creative Approval Workflow; 160 Multi-Tenant Digital Asset Management; 71 Brand Asset Approval; 70 Campaign Review; 69 Creative Review; 68 Asset Approval,,67 Creative Approval Workflow; 160 Multi-Tenant Digital Asset Management; 71 Brand Asset Approval; 70 Campaign Review,370 What Is Creative Approval?; 372 What Is Multi-Tenant DAM?,387 Does GetSibu Support Multiple Clients?,215 GetSibu for Creative Agencies,0,Start free -> https://getsibu.com/signup,Build a Smarter Creative Workflow -> /get-started/build-a-smarter-creative-workflow,Client Review | GetSibu,Agencies can use GetSibu to maintain client-specific libraries and review workflows while keeping different clients isolated.,/features/client-review,WebPage BreadcrumbList,"index,follow",true,Collaboration,product-ui diagram,"Feedback attached to the work itself: a comment pinned to a timeline frame, a thread beside an image, an approval state changing.",,false,published,,Agencies can use GetSibu to maintain client-specific libraries and review workflows while keeping different clients isolated.
73,Team Feedback,61-90 Collaboration,canonical,,Features,collaboration,leaf,/features/team-feedback,,/features/collaboration,Home > Features > Collaboration > Team Feedback,B Feature,feature-media,team feedback,commercial,"Explain one capability: what it does, how it works in the library, and where it fits in the team's workflow.","Feedback stays connected to the asset rather than being scattered across email, chat and project-management systems.","Problem framing: feedback scattered across email, chat and project tools.",Comments and feedback,62 Asset Comments; 74 Creative Feedback Management; 75 Asset Discussion History; 66 Team Mentions; 63 Threaded Comments; 61 Creative Team Collaboration,,62 Asset Comments; 74 Creative Feedback Management; 75 Asset Discussion History; 66 Team Mentions,,,,0,Start free -> https://getsibu.com/signup,Build a Smarter Creative Workflow -> /get-started/build-a-smarter-creative-workflow,Team Feedback | GetSibu,"Feedback stays connected to the asset rather than being scattered across email, chat and project-management systems.",/features/team-feedback,WebPage BreadcrumbList,"index,follow",true,Collaboration,product-ui diagram,"Feedback attached to the work itself: a comment pinned to a timeline frame, a thread beside an image, an approval state changing.",,false,published,,"Feedback stays connected to the asset rather than being scattered across email, chat and project-management systems."
74,Creative Feedback Management,61-90 Collaboration,canonical,,Features,collaboration,leaf,/features/creative-feedback-management,,/features/collaboration,Home > Features > Collaboration > Creative Feedback Management,B Feature,feature-split,creative feedback management,commercial,"Explain one capability: what it does, how it works in the library, and where it fits in the team's workflow.",GetSibu turns creative feedback into an organised workflow by attaching discussions directly to the relevant asset.,Feedback as an organised workflow attached to the asset.,Comments and feedback,62 Asset Comments; 73 Team Feedback; 75 Asset Discussion History; 66 Team Mentions; 63 Threaded Comments; 85 Creative Team Communication,,62 Asset Comments; 73 Team Feedback; 75 Asset Discussion History; 66 Team Mentions,,,,0,Start free -> https://getsibu.com/signup,Build a Smarter Creative Workflow -> /get-started/build-a-smarter-creative-workflow,Creative Feedback Management | GetSibu,GetSibu turns creative feedback into an organised workflow by attaching discussions directly to the relevant asset.,/features/creative-feedback-management,WebPage BreadcrumbList,"index,follow",true,Collaboration,product-ui diagram,"Feedback attached to the work itself: a comment pinned to a timeline frame, a thread beside an image, an approval state changing.",,false,published,,GetSibu turns creative feedback into an organised workflow by attaching discussions directly to the relevant asset.
75,Asset Discussion History,61-90 Collaboration,canonical,,Features,collaboration,leaf,/features/asset-discussion-history,,/features/collaboration,Home > Features > Collaboration > Asset Discussion History,B Feature,feature-story,asset discussion history,commercial,"Explain one capability: what it does, how it works in the library, and where it fits in the team's workflow.",Asset discussion history allows teams to understand how feedback evolved over time.,How feedback evolved: discussion history.,Comments and feedback,62 Asset Comments; 74 Creative Feedback Management; 73 Team Feedback; 66 Team Mentions; 85 Creative Team Communication; 86 Asset Mentions,,62 Asset Comments; 74 Creative Feedback Management; 73 Team Feedback; 66 Team Mentions,,,,0,Start free -> https://getsibu.com/signup,Build a Smarter Creative Workflow -> /get-started/build-a-smarter-creative-workflow,Asset Discussion History | GetSibu,Asset discussion history allows teams to understand how feedback evolved over time.,/features/asset-discussion-history,WebPage BreadcrumbList,"index,follow",true,Collaboration,product-ui diagram,"Feedback attached to the work itself: a comment pinned to a timeline frame, a thread beside an image, an approval state changing.",,false,published,,Asset discussion history allows teams to understand how feedback evolved over time.
76,Review Status,61-90 Collaboration,canonical,,Features,collaboration,leaf,/features/review-status,,/features/collaboration,Home > Features > Collaboration > Review Status,E Governance / Lifecycle,workflow-record,review status,commercial,"Explain how an asset moves through versions, statuses and lifecycle stages, and what record is kept.",Review status gives users a clear indication of whether an asset needs attention or has already completed the approval process.,The status indicator: needs attention or completed.,Approvals,67 Creative Approval Workflow; 77 Approval History; 72 Client Review; 71 Brand Asset Approval; 70 Campaign Review; 69 Creative Review,67 Creative Approval Workflow,67 Creative Approval Workflow; 77 Approval History; 72 Client Review; 71 Brand Asset Approval,370 What Is Creative Approval?,,,0,Start free -> https://getsibu.com/signup,Build a Smarter Creative Workflow -> /get-started/build-a-smarter-creative-workflow,Review Status | GetSibu,Review status gives users a clear indication of whether an asset needs attention or has already completed the approval process.,/features/review-status,WebPage BreadcrumbList,"index,follow",true,Collaboration,product-ui diagram,"Feedback attached to the work itself: a comment pinned to a timeline frame, a thread beside an image, an approval state changing.",,false,published,,Review status gives users a clear indication of whether an asset needs attention or has already completed the approval process.
77,Approval History,61-90 Collaboration,canonical,,Features,collaboration,leaf,/features/approval-history,,/features/collaboration,Home > Features > Collaboration > Approval History,E Governance / Lifecycle,workflow-timeline,approval history,commercial,"Explain how an asset moves through versions, statuses and lifecycle stages, and what record is kept.","Approval history provides a record of review activity, supporting accountability and reducing confusion around which version was accepted.",The record of review activity and which version was accepted. / Approval record (see approvals).,Approvals; Audit trail and history,67 Creative Approval Workflow; 119 Asset Audit Trail; 76 Review Status; 72 Client Review; 71 Brand Asset Approval; 70 Campaign Review,67 Creative Approval Workflow,67 Creative Approval Workflow; 119 Asset Audit Trail; 76 Review Status; 72 Client Review,370 What Is Creative Approval?,,,0,Start free -> https://getsibu.com/signup,Build a Smarter Creative Workflow -> /get-started/build-a-smarter-creative-workflow,Approval History | GetSibu,"Approval history provides a record of review activity, supporting accountability and reducing confusion around which version was accepted.",/features/approval-history,WebPage BreadcrumbList,"index,follow",true,Collaboration,product-ui diagram,"Feedback attached to the work itself: a comment pinned to a timeline frame, a thread beside an image, an approval state changing.",,false,published,,"Approval history provides a record of review activity, supporting accountability and reducing confusion around which version was accepted."
78,Team Asset Sharing,61-90 Collaboration,canonical,,Features,collaboration,leaf,/features/team-asset-sharing,,/features/collaboration,Home > Features > Collaboration > Team Asset Sharing,B Feature,feature-media,team asset sharing,commercial,"Explain one capability: what it does, how it works in the library, and where it fits in the team's workflow.",Teams can share saved searches and relevant library views without creating duplicate copies of the same files.,Sharing without creating duplicate copies of files.,Saved and shared views,79 Shared Creative Views; 17 Saved Asset Searches; 40 AI Duplicate Detection; 77 Approval History; 76 Review Status; 80 Creative Workflow Management,17 Saved Asset Searches; 40 AI Duplicate Detection,79 Shared Creative Views; 17 Saved Asset Searches; 40 AI Duplicate Detection; 77 Approval History,,,,0,Start free -> https://getsibu.com/signup,Build a Smarter Creative Workflow -> /get-started/build-a-smarter-creative-workflow,Team Asset Sharing | GetSibu,Teams can share saved searches and relevant library views without creating duplicate copies of the same files.,/features/team-asset-sharing,WebPage BreadcrumbList,"index,follow",true,Collaboration,product-ui diagram,"Feedback attached to the work itself: a comment pinned to a timeline frame, a thread beside an image, an approval state changing.",,false,published,,Teams can share saved searches and relevant library views without creating duplicate copies of the same files.
79,Shared Creative Views,61-90 Collaboration,canonical,,Features,collaboration,leaf,/features/shared-creative-views,,/features/collaboration,Home > Features > Collaboration > Shared Creative Views,B Feature,feature-split,shared creative views,commercial,"Explain one capability: what it does, how it works in the library, and where it fits in the team's workflow.","Saved views allow recurring collections of assets to be shared through a URL, making collaboration easier.",Recurring collections shared through a URL.,Saved and shared views,78 Team Asset Sharing; 17 Saved Asset Searches; 80 Creative Workflow Management; 77 Approval History; 81 Production Collaboration,,78 Team Asset Sharing; 17 Saved Asset Searches; 80 Creative Workflow Management; 77 Approval History,,,,0,Start free -> https://getsibu.com/signup,Build a Smarter Creative Workflow -> /get-started/build-a-smarter-creative-workflow,Shared Creative Views | GetSibu,"Saved views allow recurring collections of assets to be shared through a URL, making collaboration easier.",/features/shared-creative-views,WebPage BreadcrumbList,"index,follow",true,Collaboration,product-ui diagram,"Feedback attached to the work itself: a comment pinned to a timeline frame, a thread beside an image, an approval state changing.",saved-search-urls,false,published,,"Saved views allow recurring collections of assets to be shared through a URL, making collaboration easier."
80,Creative Workflow Management,61-90 Collaboration,canonical,,Features,collaboration,leaf,/features/creative-workflow-management,,/features/collaboration,Home > Features > Collaboration > Creative Workflow Management,B Feature,feature-story,creative workflow management,commercial,"Explain one capability: what it does, how it works in the library, and where it fits in the team's workflow.","GetSibu supports the movement of assets from upload through organisation, review, approval and final use.",,End-to-end creative workflow,67 Creative Approval Workflow; 90 Creative Team Workspace; 54 AI Creative Workflow; 107 Creative Asset Lifecycle; 208 Creative Workflow Metrics; 79 Shared Creative Views,67 Creative Approval Workflow,67 Creative Approval Workflow; 90 Creative Team Workspace; 54 AI Creative Workflow; 107 Creative Asset Lifecycle,,,,0,Start free -> https://getsibu.com/signup,Build a Smarter Creative Workflow -> /get-started/build-a-smarter-creative-workflow,Creative Workflow Management | GetSibu,"GetSibu supports the movement of assets from upload through organisation, review, approval and final use.",/features/creative-workflow-management,WebPage BreadcrumbList,"index,follow",true,Collaboration,product-ui diagram,"Feedback attached to the work itself: a comment pinned to a timeline frame, a thread beside an image, an approval state changing.",,false,published,,"GetSibu supports the movement of assets from upload through organisation, review, approval and final use."
81,Production Collaboration,61-90 Collaboration,canonical,,Features,collaboration,leaf,/features/production-collaboration,,/features/collaboration,Home > Features > Collaboration > Production Collaboration,B Feature,feature-media,production collaboration,commercial,"Explain one capability: what it does, how it works in the library, and where it fits in the team's workflow.","Production teams can use asset comments, versioning and timeline review to coordinate creative work.","Production teams combining comments, versioning and timeline review.",Video and creative review; Collaboration by team,64 Video Timeline Comments; 90 Creative Team Workspace; 82 Marketing Collaboration; 83 Brand Collaboration; 84 Agency Collaboration; 87 Collaborative Asset Review,62 Asset Comments; 91 Creative Asset Versioning; 64 Video Timeline Comments,64 Video Timeline Comments; 90 Creative Team Workspace; 82 Marketing Collaboration; 83 Brand Collaboration,379 Future of Creative Collaboration,385 Does GetSibu Support Video Comments?,,0,Start free -> https://getsibu.com/signup,Build a Smarter Creative Workflow -> /get-started/build-a-smarter-creative-workflow,Production Collaboration | GetSibu,"Production teams can use asset comments, versioning and timeline review to coordinate creative work.",/features/production-collaboration,WebPage BreadcrumbList,"index,follow",true,Collaboration,product-ui diagram,"Feedback attached to the work itself: a comment pinned to a timeline frame, a thread beside an image, an approval state changing.",,false,published,,"Production teams can use asset comments, versioning and timeline review to coordinate creative work."
82,Marketing Collaboration,61-90 Collaboration,canonical,,Features,collaboration,leaf,/features/marketing-collaboration,,/features/collaboration,Home > Features > Collaboration > Marketing Collaboration,B Feature,feature-split,marketing collaboration,commercial,"Explain one capability: what it does, how it works in the library, and where it fits in the team's workflow.","Marketing teams can use centralised campaign libraries, approvals and usage analytics to manage creative materials.","Marketing: campaign libraries, approvals, usage analytics.",Collaboration by team,90 Creative Team Workspace; 81 Production Collaboration; 83 Brand Collaboration; 84 Agency Collaboration; 87 Collaborative Asset Review; 88 Remote Creative Collaboration,67 Creative Approval Workflow; 182 Asset Usage Analytics; 181 Creative Asset Analytics,90 Creative Team Workspace; 81 Production Collaboration; 83 Brand Collaboration; 84 Agency Collaboration,379 Future of Creative Collaboration,,,0,Start free -> https://getsibu.com/signup,Build a Smarter Creative Workflow -> /get-started/build-a-smarter-creative-workflow,Marketing Collaboration | GetSibu,"Marketing teams can use centralised campaign libraries, approvals and usage analytics to manage creative materials.",/features/marketing-collaboration,WebPage BreadcrumbList,"index,follow",true,Collaboration,product-ui diagram,"Feedback attached to the work itself: a comment pinned to a timeline frame, a thread beside an image, an approval state changing.",,false,published,,"Marketing teams can use centralised campaign libraries, approvals and usage analytics to manage creative materials."
83,Brand Collaboration,61-90 Collaboration,canonical,,Features,collaboration,leaf,/features/brand-collaboration,,/features/collaboration,Home > Features > Collaboration > Brand Collaboration,B Feature,feature-story,brand collaboration,commercial,"Explain one capability: what it does, how it works in the library, and where it fits in the team's workflow.","Brand teams can maintain approved assets and organise them by campaign, region or market.","Brand: approved assets organised by campaign, region or market.",Collaboration by team; Brand control,90 Creative Team Workspace; 103 Approved Asset Library; 82 Marketing Collaboration; 84 Agency Collaboration; 81 Production Collaboration; 87 Collaborative Asset Review,,90 Creative Team Workspace; 103 Approved Asset Library; 82 Marketing Collaboration; 84 Agency Collaboration,379 Future of Creative Collaboration,,214 GetSibu for Brand Teams,0,Start free -> https://getsibu.com/signup,Build a Smarter Creative Workflow -> /get-started/build-a-smarter-creative-workflow,Brand Collaboration | GetSibu,"Brand teams can maintain approved assets and organise them by campaign, region or market.",/features/brand-collaboration,WebPage BreadcrumbList,"index,follow",true,Collaboration,product-ui diagram,"Feedback attached to the work itself: a comment pinned to a timeline frame, a thread beside an image, an approval state changing.",,false,published,,"Brand teams can maintain approved assets and organise them by campaign, region or market."
84,Agency Collaboration,61-90 Collaboration,canonical,,Features,collaboration,leaf,/features/agency-collaboration,,/features/collaboration,Home > Features > Collaboration > Agency Collaboration,B Feature,feature-media,agency collaboration,commercial,"Explain one capability: what it does, how it works in the library, and where it fits in the team's workflow.",Agencies can operate multiple client libraries through a multi-tenant environment.,Agencies: multiple client libraries in a multi-tenant environment. / Agency collaboration across client libraries (see team-collaboration).,Collaboration by team; Multi-tenancy,160 Multi-Tenant Digital Asset Management; 90 Creative Team Workspace; 83 Brand Collaboration; 82 Marketing Collaboration; 81 Production Collaboration; 87 Collaborative Asset Review,160 Multi-Tenant Digital Asset Management,160 Multi-Tenant Digital Asset Management; 90 Creative Team Workspace; 83 Brand Collaboration; 82 Marketing Collaboration,372 What Is Multi-Tenant DAM?; 379 Future of Creative Collaboration,387 Does GetSibu Support Multiple Clients?,215 GetSibu for Creative Agencies,0,Start free -> https://getsibu.com/signup,Build a Smarter Creative Workflow -> /get-started/build-a-smarter-creative-workflow,Agency Collaboration | GetSibu,Agencies can operate multiple client libraries through a multi-tenant environment.,/features/agency-collaboration,WebPage BreadcrumbList,"index,follow",true,Collaboration,product-ui diagram,"Feedback attached to the work itself: a comment pinned to a timeline frame, a thread beside an image, an approval state changing.",multi-tenant,false,published,,Agencies can operate multiple client libraries through a multi-tenant environment.
85,Creative Team Communication,61-90 Collaboration,canonical,,Features,collaboration,leaf,/features/creative-team-communication,,/features/collaboration,Home > Features > Collaboration > Creative Team Communication,B Feature,feature-split,creative team communication,commercial,"Explain one capability: what it does, how it works in the library, and where it fits in the team's workflow.",GetSibu keeps communication close to the asset so users can understand exactly what the discussion relates to.,Communication kept close to the asset so its context is clear.,Comments and feedback,62 Asset Comments; 86 Asset Mentions; 75 Asset Discussion History; 74 Creative Feedback Management; 73 Team Feedback; 66 Team Mentions,,62 Asset Comments; 86 Asset Mentions; 75 Asset Discussion History; 74 Creative Feedback Management,,,,0,Start free -> https://getsibu.com/signup,Build a Smarter Creative Workflow -> /get-started/build-a-smarter-creative-workflow,Creative Team Communication | GetSibu,GetSibu keeps communication close to the asset so users can understand exactly what the discussion relates to.,/features/creative-team-communication,WebPage BreadcrumbList,"index,follow",true,Collaboration,product-ui diagram,"Feedback attached to the work itself: a comment pinned to a timeline frame, a thread beside an image, an approval state changing.",,false,published,,GetSibu keeps communication close to the asset so users can understand exactly what the discussion relates to.
86,Asset Mentions,61-90 Collaboration,canonical,,Features,collaboration,leaf,/features/asset-mentions,,/features/collaboration,Home > Features > Collaboration > Asset Mentions,B Feature,feature-story,asset mentions,commercial,"Explain one capability: what it does, how it works in the library, and where it fits in the team's workflow.",Mentions make it easier to bring the right collaborator into an asset-specific discussion.,Mentions as the way to bring the right collaborator in. / The purpose: involving the right collaborator in an asset-specific discussion.,Comments and feedback; Mentions,66 Team Mentions; 62 Asset Comments; 85 Creative Team Communication; 75 Asset Discussion History; 74 Creative Feedback Management; 73 Team Feedback,66 Team Mentions,66 Team Mentions; 62 Asset Comments; 85 Creative Team Communication; 75 Asset Discussion History,,,,0,Start free -> https://getsibu.com/signup,Build a Smarter Creative Workflow -> /get-started/build-a-smarter-creative-workflow,Asset Mentions | GetSibu,Mentions make it easier to bring the right collaborator into an asset-specific discussion.,/features/asset-mentions,WebPage BreadcrumbList,"index,follow",true,Collaboration,product-ui diagram,"Feedback attached to the work itself: a comment pinned to a timeline frame, a thread beside an image, an approval state changing.",,false,published,,Mentions make it easier to bring the right collaborator into an asset-specific discussion.
87,Collaborative Asset Review,61-90 Collaboration,canonical,,Features,collaboration,leaf,/features/collaborative-asset-review,,/features/collaboration,Home > Features > Collaboration > Collaborative Asset Review,B Feature,feature-media,collaborative asset review,commercial,"Explain one capability: what it does, how it works in the library, and where it fits in the team's workflow.",Collaborative review helps distributed teams review creative material without requiring everyone to be in the same physical location.,Distributed review without being in the same location.,Collaboration by team,90 Creative Team Workspace; 88 Remote Creative Collaboration; 84 Agency Collaboration; 83 Brand Collaboration; 82 Marketing Collaboration; 81 Production Collaboration,,90 Creative Team Workspace; 88 Remote Creative Collaboration; 84 Agency Collaboration; 83 Brand Collaboration,379 Future of Creative Collaboration,,,0,Start free -> https://getsibu.com/signup,Build a Smarter Creative Workflow -> /get-started/build-a-smarter-creative-workflow,Collaborative Asset Review | GetSibu,Collaborative review helps distributed teams review creative material without requiring everyone to be in the same physical location.,/features/collaborative-asset-review,WebPage BreadcrumbList,"index,follow",true,Collaboration,product-ui diagram,"Feedback attached to the work itself: a comment pinned to a timeline frame, a thread beside an image, an approval state changing.",,false,published,,Collaborative review helps distributed teams review creative material without requiring everyone to be in the same physical location.
88,Remote Creative Collaboration,61-90 Collaboration,canonical,,Features,collaboration,leaf,/features/remote-creative-collaboration,,/features/collaboration,Home > Features > Collaboration > Remote Creative Collaboration,B Feature,feature-split,remote creative collaboration,commercial,"Explain one capability: what it does, how it works in the library, and where it fits in the team's workflow.","Remote teams can collaborate around the same assets through comments, mentions, approvals and shared searches.","Remote teams using comments, mentions, approvals and shared searches.",Collaboration by team,90 Creative Team Workspace; 87 Collaborative Asset Review; 84 Agency Collaboration; 83 Brand Collaboration; 82 Marketing Collaboration; 81 Production Collaboration,62 Asset Comments; 66 Team Mentions; 67 Creative Approval Workflow; 17 Saved Asset Searches,90 Creative Team Workspace; 87 Collaborative Asset Review; 84 Agency Collaboration; 83 Brand Collaboration,379 Future of Creative Collaboration,,,0,Start free -> https://getsibu.com/signup,Build a Smarter Creative Workflow -> /get-started/build-a-smarter-creative-workflow,Remote Creative Collaboration | GetSibu,"Remote teams can collaborate around the same assets through comments, mentions, approvals and shared searches.",/features/remote-creative-collaboration,WebPage BreadcrumbList,"index,follow",true,Collaboration,product-ui diagram,"Feedback attached to the work itself: a comment pinned to a timeline frame, a thread beside an image, an approval state changing.",,false,published,,"Remote teams can collaborate around the same assets through comments, mentions, approvals and shared searches."
89,Creative Approval Management,61-90 Collaboration,canonical,,Features,collaboration,leaf,/features/creative-approval-management,,/features/collaboration,Home > Features > Collaboration > Creative Approval Management,E Governance / Lifecycle,workflow-states,creative approval management,commercial,"Explain how an asset moves through versions, statuses and lifecycle stages, and what record is kept.",Approval management creates a structured process for moving assets from draft to approved status.,Managing the draft-to-approved process across the library.,Approvals,67 Creative Approval Workflow; 77 Approval History; 76 Review Status; 103 Approved Asset Library; 72 Client Review; 71 Brand Asset Approval,67 Creative Approval Workflow,67 Creative Approval Workflow; 77 Approval History; 76 Review Status; 103 Approved Asset Library,370 What Is Creative Approval?,,,0,Start free -> https://getsibu.com/signup,Build a Smarter Creative Workflow -> /get-started/build-a-smarter-creative-workflow,Creative Approval Management | GetSibu,Approval management creates a structured process for moving assets from draft to approved status.,/features/creative-approval-management,WebPage BreadcrumbList,"index,follow",true,Collaboration,product-ui diagram,"Feedback attached to the work itself: a comment pinned to a timeline frame, a thread beside an image, an approval state changing.",,false,published,,Approval management creates a structured process for moving assets from draft to approved status.
90,Creative Team Workspace,61-90 Collaboration,canonical,,Features,collaboration,leaf,/features/creative-team-workspace,,/features/collaboration,Home > Features > Collaboration > Creative Team Workspace,B Feature,feature-story,creative team workspace,commercial,"Explain one capability: what it does, how it works in the library, and where it fits in the team's workflow.","GetSibu provides a shared workspace where teams can search, review, organise and collaborate around digital assets.",The shared workspace itself.,Collaboration by team; End-to-end creative workflow,80 Creative Workflow Management; 88 Remote Creative Collaboration; 87 Collaborative Asset Review; 84 Agency Collaboration; 83 Brand Collaboration; 82 Marketing Collaboration,,80 Creative Workflow Management; 88 Remote Creative Collaboration; 87 Collaborative Asset Review; 84 Agency Collaboration,379 Future of Creative Collaboration,,,0,Start free -> https://getsibu.com/signup,Build a Smarter Creative Workflow -> /get-started/build-a-smarter-creative-workflow,Creative Team Workspace | GetSibu,"GetSibu provides a shared workspace where teams can search, review, organise and collaborate around digital assets.",/features/creative-team-workspace,WebPage BreadcrumbList,"index,follow",true,Collaboration,product-ui diagram,"Feedback attached to the work itself: a comment pinned to a timeline frame, a thread beside an image, an approval state changing.",,false,published,,"GetSibu provides a shared workspace where teams can search, review, organise and collaborate around digital assets."
91,Creative Asset Versioning,91-120 Versioning and Asset Management,canonical,,Features,asset-management,leaf,/features/creative-asset-versioning,,/features/asset-management,Home > Features > Versioning & Asset Management > Creative Asset Versioning,E Governance / Lifecycle,workflow-timeline,creative asset versioning,commercial,"Explain how an asset moves through versions, statuses and lifecycle stages, and what record is kept.",GetSibu allows teams to replace assets in place while retaining previous versions.,"Replace in place; the end of ""final-final"" filenames.",Versioning,92 File Version History; 93 Asset Replacement; 94 Version Restore; 96 Campaign Asset Versioning; 97 Video Version Management; 386 Does GetSibu Support Versioning?,,92 File Version History; 93 Asset Replacement; 94 Version Restore; 96 Campaign Asset Versioning,369 What Is Asset Versioning?; 379 Future of Creative Collaboration,386 Does GetSibu Support Versioning?,211 GetSibu for Production Studios; 216 GetSibu for Post-Production Teams; 229 GetSibu for Video Agencies,0,Start free -> https://getsibu.com/signup,Bring Order to Creative Chaos -> /get-started/bring-order-to-creative-chaos,Creative Asset Versioning | GetSibu,GetSibu allows teams to replace assets in place while retaining previous versions.,/features/creative-asset-versioning,WebPage BreadcrumbList,"index,follow",true,Versioning & Asset Management,diagram product-ui,"An asset record over time: stacked versions, status changes, lifecycle stages from upload to archive, and the audit trail beside it.",,false,published,,"GetSibu allows teams to replace assets in place while retaining previous versions. This helps prevent confusion caused by filenames such as ""final"", ""final-v2"" and ""final-final""."
92,File Version History,91-120 Versioning and Asset Management,canonical,,Features,asset-management,leaf,/features/file-version-history,,/features/asset-management,Home > Features > Versioning & Asset Management > File Version History,E Governance / Lifecycle,workflow-record,file version history,commercial,"Explain how an asset moves through versions, statuses and lifecycle stages, and what record is kept.",Version history gives teams a record of previous versions and allows older versions to be restored when required.,The version record and restoring older versions.,Versioning,91 Creative Asset Versioning; 93 Asset Replacement; 94 Version Restore; 95 Creative File History; 96 Campaign Asset Versioning; 97 Video Version Management,91 Creative Asset Versioning,91 Creative Asset Versioning; 93 Asset Replacement; 94 Version Restore; 95 Creative File History,369 What Is Asset Versioning?,386 Does GetSibu Support Versioning?,,0,Start free -> https://getsibu.com/signup,Bring Order to Creative Chaos -> /get-started/bring-order-to-creative-chaos,File Version History | GetSibu,Version history gives teams a record of previous versions and allows older versions to be restored when required.,/features/file-version-history,WebPage BreadcrumbList,"index,follow",true,Versioning & Asset Management,diagram product-ui,"An asset record over time: stacked versions, status changes, lifecycle stages from upload to archive, and the audit trail beside it.",,false,published,,Version history gives teams a record of previous versions and allows older versions to be restored when required.
93,Asset Replacement,91-120 Versioning and Asset Management,canonical,,Features,asset-management,leaf,/features/asset-replacement,,/features/asset-management,Home > Features > Versioning & Asset Management > Asset Replacement,E Governance / Lifecycle,workflow-timeline,asset replacement,commercial,"Explain how an asset moves through versions, statuses and lifecycle stages, and what record is kept.",Replacing an asset does not necessarily mean losing the history of previous work.,Replacement without losing previous work.,Versioning,91 Creative Asset Versioning; 92 File Version History; 94 Version Restore; 95 Creative File History; 96 Campaign Asset Versioning; 97 Video Version Management,91 Creative Asset Versioning,91 Creative Asset Versioning; 92 File Version History; 94 Version Restore; 95 Creative File History,369 What Is Asset Versioning?,386 Does GetSibu Support Versioning?,,0,Start free -> https://getsibu.com/signup,Bring Order to Creative Chaos -> /get-started/bring-order-to-creative-chaos,Asset Replacement | GetSibu,Replacing an asset does not necessarily mean losing the history of previous work. GetSibu maintains versions within the asset record.,/features/asset-replacement,WebPage BreadcrumbList,"index,follow",true,Versioning & Asset Management,diagram product-ui,"An asset record over time: stacked versions, status changes, lifecycle stages from upload to archive, and the audit trail beside it.",,false,published,,Replacing an asset does not necessarily mean losing the history of previous work. GetSibu maintains versions within the asset record.
94,Version Restore,91-120 Versioning and Asset Management,canonical,,Features,asset-management,leaf,/features/version-restore,,/features/asset-management,Home > Features > Versioning & Asset Management > Version Restore,E Governance / Lifecycle,workflow-states,version restore,commercial,"Explain how an asset moves through versions, statuses and lifecycle stages, and what record is kept.",Older versions can be restored when a team needs to return to a previous creative state.,Returning to a previous creative state.,Versioning; Backups and recovery,91 Creative Asset Versioning; 93 Asset Replacement; 95 Creative File History; 92 File Version History; 96 Campaign Asset Versioning; 97 Video Version Management,91 Creative Asset Versioning,91 Creative Asset Versioning; 93 Asset Replacement; 95 Creative File History; 92 File Version History,369 What Is Asset Versioning?,386 Does GetSibu Support Versioning?,,0,Start free -> https://getsibu.com/signup,Bring Order to Creative Chaos -> /get-started/bring-order-to-creative-chaos,Version Restore | GetSibu,Older versions can be restored when a team needs to return to a previous creative state.,/features/version-restore,WebPage BreadcrumbList,"index,follow",true,Versioning & Asset Management,diagram product-ui,"An asset record over time: stacked versions, status changes, lifecycle stages from upload to archive, and the audit trail beside it.",,false,published,,Older versions can be restored when a team needs to return to a previous creative state.
95,Creative File History,91-120 Versioning and Asset Management,canonical,,Features,asset-management,leaf,/features/creative-file-history,,/features/asset-management,Home > Features > Versioning & Asset Management > Creative File History,E Governance / Lifecycle,workflow-timeline,creative file history,commercial,"Explain how an asset moves through versions, statuses and lifecycle stages, and what record is kept.",File history provides context around how an asset has changed over time.,Context on how an asset changed over time.,Versioning,91 Creative Asset Versioning; 94 Version Restore; 96 Campaign Asset Versioning; 93 Asset Replacement; 97 Video Version Management; 92 File Version History,,91 Creative Asset Versioning; 94 Version Restore; 96 Campaign Asset Versioning; 93 Asset Replacement,369 What Is Asset Versioning?,386 Does GetSibu Support Versioning?,,0,Start free -> https://getsibu.com/signup,Bring Order to Creative Chaos -> /get-started/bring-order-to-creative-chaos,Creative File History | GetSibu,File history provides context around how an asset has changed over time.,/features/creative-file-history,WebPage BreadcrumbList,"index,follow",true,Versioning & Asset Management,diagram product-ui,"An asset record over time: stacked versions, status changes, lifecycle stages from upload to archive, and the audit trail beside it.",,false,published,,File history provides context around how an asset has changed over time.
96,Campaign Asset Versioning,91-120 Versioning and Asset Management,canonical,,Features,asset-management,leaf,/features/campaign-asset-versioning,,/features/asset-management,Home > Features > Versioning & Asset Management > Campaign Asset Versioning,E Governance / Lifecycle,workflow-states,campaign asset versioning,commercial,"Explain how an asset moves through versions, statuses and lifecycle stages, and what record is kept.",Campaign teams can maintain versions of creative files without creating separate disconnected copies.,Campaign teams avoiding disconnected copies.,Versioning,91 Creative Asset Versioning; 95 Creative File History; 97 Video Version Management; 94 Version Restore; 98 Image Version Management; 93 Asset Replacement,91 Creative Asset Versioning,91 Creative Asset Versioning; 95 Creative File History; 97 Video Version Management; 94 Version Restore,369 What Is Asset Versioning?,386 Does GetSibu Support Versioning?,,0,Start free -> https://getsibu.com/signup,Bring Order to Creative Chaos -> /get-started/bring-order-to-creative-chaos,Campaign Asset Versioning | GetSibu,Campaign teams can maintain versions of creative files without creating separate disconnected copies.,/features/campaign-asset-versioning,WebPage BreadcrumbList,"index,follow",true,Versioning & Asset Management,diagram product-ui,"An asset record over time: stacked versions, status changes, lifecycle stages from upload to archive, and the audit trail beside it.",,false,published,,Campaign teams can maintain versions of creative files without creating separate disconnected copies.
97,Video Version Management,91-120 Versioning and Asset Management,canonical,,Features,asset-management,leaf,/features/video-version-management,,/features/asset-management,Home > Features > Versioning & Asset Management > Video Version Management,E Governance / Lifecycle,workflow-timeline,video version management,commercial,"Explain how an asset moves through versions, statuses and lifecycle stages, and what record is kept.",Video teams can manage different cuts and revisions while keeping the version history associated with the asset.,Video cuts and revisions.,Versioning,91 Creative Asset Versioning; 96 Campaign Asset Versioning; 98 Image Version Management; 95 Creative File History; 99 Document Version Management; 94 Version Restore,91 Creative Asset Versioning,91 Creative Asset Versioning; 96 Campaign Asset Versioning; 98 Image Version Management; 95 Creative File History,369 What Is Asset Versioning?,386 Does GetSibu Support Versioning?,,0,Start free -> https://getsibu.com/signup,Bring Order to Creative Chaos -> /get-started/bring-order-to-creative-chaos,Video Version Management | GetSibu,Video teams can manage different cuts and revisions while keeping the version history associated with the asset.,/features/video-version-management,WebPage BreadcrumbList,"index,follow",true,Versioning & Asset Management,diagram product-ui,"An asset record over time: stacked versions, status changes, lifecycle stages from upload to archive, and the audit trail beside it.",,false,published,,Video teams can manage different cuts and revisions while keeping the version history associated with the asset.
98,Image Version Management,91-120 Versioning and Asset Management,canonical,,Features,asset-management,leaf,/features/image-version-management,,/features/asset-management,Home > Features > Versioning & Asset Management > Image Version Management,E Governance / Lifecycle,workflow-states,image version management,commercial,"Explain how an asset moves through versions, statuses and lifecycle stages, and what record is kept.",Marketing and design teams can maintain different versions of visual assets in one structured record.,Visual assets for marketing and design.,Versioning,91 Creative Asset Versioning; 97 Video Version Management; 99 Document Version Management; 96 Campaign Asset Versioning; 100 Creative Revision Tracking; 95 Creative File History,91 Creative Asset Versioning,91 Creative Asset Versioning; 97 Video Version Management; 99 Document Version Management; 96 Campaign Asset Versioning,369 What Is Asset Versioning?,386 Does GetSibu Support Versioning?,,0,Start free -> https://getsibu.com/signup,Bring Order to Creative Chaos -> /get-started/bring-order-to-creative-chaos,Image Version Management | GetSibu,Marketing and design teams can maintain different versions of visual assets in one structured record.,/features/image-version-management,WebPage BreadcrumbList,"index,follow",true,Versioning & Asset Management,diagram product-ui,"An asset record over time: stacked versions, status changes, lifecycle stages from upload to archive, and the audit trail beside it.",,false,published,,Marketing and design teams can maintain different versions of visual assets in one structured record.
99,Document Version Management,91-120 Versioning and Asset Management,canonical,,Features,asset-management,leaf,/features/document-version-management,,/features/asset-management,Home > Features > Versioning & Asset Management > Document Version Management,E Governance / Lifecycle,workflow-timeline,document version management,commercial,"Explain how an asset moves through versions, statuses and lifecycle stages, and what record is kept.",Documents and presentations can be replaced while retaining historical versions.,Documents and presentations.,Versioning,91 Creative Asset Versioning; 98 Image Version Management; 100 Creative Revision Tracking; 97 Video Version Management; 96 Campaign Asset Versioning; 95 Creative File History,91 Creative Asset Versioning,91 Creative Asset Versioning; 98 Image Version Management; 100 Creative Revision Tracking; 97 Video Version Management,369 What Is Asset Versioning?,386 Does GetSibu Support Versioning?,,0,Start free -> https://getsibu.com/signup,Bring Order to Creative Chaos -> /get-started/bring-order-to-creative-chaos,Document Version Management | GetSibu,Documents and presentations can be replaced while retaining historical versions.,/features/document-version-management,WebPage BreadcrumbList,"index,follow",true,Versioning & Asset Management,diagram product-ui,"An asset record over time: stacked versions, status changes, lifecycle stages from upload to archive, and the audit trail beside it.",,false,published,,Documents and presentations can be replaced while retaining historical versions.
100,Creative Revision Tracking,91-120 Versioning and Asset Management,canonical,,Features,asset-management,leaf,/features/creative-revision-tracking,,/features/asset-management,Home > Features > Versioning & Asset Management > Creative Revision Tracking,E Governance / Lifecycle,workflow-record,creative revision tracking,commercial,"Explain how an asset moves through versions, statuses and lifecycle stages, and what record is kept.",Revision tracking helps teams understand what changed between versions and which version is currently active.,What changed between versions and which is active.,Versioning,91 Creative Asset Versioning; 99 Document Version Management; 98 Image Version Management; 97 Video Version Management; 96 Campaign Asset Versioning; 95 Creative File History,91 Creative Asset Versioning,91 Creative Asset Versioning; 99 Document Version Management; 98 Image Version Management; 97 Video Version Management,369 What Is Asset Versioning?,386 Does GetSibu Support Versioning?,,0,Start free -> https://getsibu.com/signup,Bring Order to Creative Chaos -> /get-started/bring-order-to-creative-chaos,Creative Revision Tracking | GetSibu,Revision tracking helps teams understand what changed between versions and which version is currently active.,/features/creative-revision-tracking,WebPage BreadcrumbList,"index,follow",true,Versioning & Asset Management,diagram product-ui,"An asset record over time: stacked versions, status changes, lifecycle stages from upload to archive, and the audit trail beside it.",,false,published,,Revision tracking helps teams understand what changed between versions and which version is currently active.
101,Asset Lifecycle Management,91-120 Versioning and Asset Management,canonical,,Features,asset-management,leaf,/features/asset-lifecycle-management,,/features/asset-management,Home > Features > Versioning & Asset Management > Asset Lifecycle Management,E Governance / Lifecycle,workflow-timeline,asset lifecycle management,commercial,"Explain how an asset moves through versions, statuses and lifecycle stages, and what record is kept.","GetSibu can support the lifecycle of creative assets from initial upload to review, approval, reuse and eventual deletion.","Managing the lifecycle from upload through review, approval, reuse and deletion.",Asset lifecycle,102 Asset Status Management; 104 Expiring Creative Assets; 107 Creative Asset Lifecycle; 108 Asset Archiving; 109 Asset Deletion; 110 Asset Recovery,67 Creative Approval Workflow,102 Asset Status Management; 104 Expiring Creative Assets; 107 Creative Asset Lifecycle; 108 Asset Archiving,,,,0,Start free -> https://getsibu.com/signup,Bring Order to Creative Chaos -> /get-started/bring-order-to-creative-chaos,Asset Lifecycle Management | GetSibu,"GetSibu can support the lifecycle of creative assets from initial upload to review, approval, reuse and eventual deletion.",/features/asset-lifecycle-management,WebPage BreadcrumbList,"index,follow",true,Versioning & Asset Management,diagram product-ui,"An asset record over time: stacked versions, status changes, lifecycle stages from upload to archive, and the audit trail beside it.",,false,published,,"GetSibu can support the lifecycle of creative assets from initial upload to review, approval, reuse and eventual deletion."
102,Asset Status Management,91-120 Versioning and Asset Management,canonical,,Features,asset-management,leaf,/features/asset-status-management,,/features/asset-management,Home > Features > Versioning & Asset Management > Asset Status Management,E Governance / Lifecycle,workflow-states,asset status management,commercial,"Explain how an asset moves through versions, statuses and lifecycle stages, and what record is kept.","Asset statuses help teams distinguish drafts, approved content and other workflow states.",Statuses that distinguish drafts from approved content.,Asset lifecycle,101 Asset Lifecycle Management; 104 Expiring Creative Assets; 107 Creative Asset Lifecycle; 108 Asset Archiving; 109 Asset Deletion; 110 Asset Recovery,,101 Asset Lifecycle Management; 104 Expiring Creative Assets; 107 Creative Asset Lifecycle; 108 Asset Archiving,,,,0,Start free -> https://getsibu.com/signup,Bring Order to Creative Chaos -> /get-started/bring-order-to-creative-chaos,Asset Status Management | GetSibu,"Asset statuses help teams distinguish drafts, approved content and other workflow states.",/features/asset-status-management,WebPage BreadcrumbList,"index,follow",true,Versioning & Asset Management,diagram product-ui,"An asset record over time: stacked versions, status changes, lifecycle stages from upload to archive, and the audit trail beside it.",,false,published,,"Asset statuses help teams distinguish drafts, approved content and other workflow states."
103,Approved Asset Library,91-120 Versioning and Asset Management,canonical,,Features,asset-management,leaf,/features/approved-asset-library,,/features/asset-management,Home > Features > Versioning & Asset Management > Approved Asset Library,E Governance / Lifecycle,workflow-timeline,approved asset library,commercial,"Explain how an asset moves through versions, statuses and lifecycle stages, and what record is kept.",Teams can create approved-only views so users can access content that has completed the required review process.,Approved-only views of the library.,Approvals; Brand control,71 Brand Asset Approval; 67 Creative Approval Workflow; 104 Expiring Creative Assets; 105 Brand Guardrail Tags; 89 Creative Approval Management; 83 Brand Collaboration,,71 Brand Asset Approval; 67 Creative Approval Workflow; 104 Expiring Creative Assets; 105 Brand Guardrail Tags,370 What Is Creative Approval?,,214 GetSibu for Brand Teams,0,Start free -> https://getsibu.com/signup,Bring Order to Creative Chaos -> /get-started/bring-order-to-creative-chaos,Approved Asset Library | GetSibu,Teams can create approved-only views so users can access content that has completed the required review process.,/features/approved-asset-library,WebPage BreadcrumbList,"index,follow",true,Versioning & Asset Management,diagram product-ui,"An asset record over time: stacked versions, status changes, lifecycle stages from upload to archive, and the audit trail beside it.",,false,published,,Teams can create approved-only views so users can access content that has completed the required review process.
104,Expiring Creative Assets,91-120 Versioning and Asset Management,canonical,,Features,asset-management,leaf,/features/expiring-creative-assets,,/features/asset-management,Home > Features > Versioning & Asset Management > Expiring Creative Assets,E Governance / Lifecycle,workflow-record,expiring creative assets,commercial,"Explain how an asset moves through versions, statuses and lifecycle stages, and what record is kept.",Asset expiry information can help teams identify content that should no longer be used after a specified period.,Expiry information for content that should no longer be used.,Asset lifecycle; Brand control,103 Approved Asset Library; 101 Asset Lifecycle Management; 105 Brand Guardrail Tags; 102 Asset Status Management; 214 GetSibu for Brand Teams; 107 Creative Asset Lifecycle,,103 Approved Asset Library; 101 Asset Lifecycle Management; 105 Brand Guardrail Tags; 102 Asset Status Management,,,214 GetSibu for Brand Teams,0,Start free -> https://getsibu.com/signup,Bring Order to Creative Chaos -> /get-started/bring-order-to-creative-chaos,Expiring Creative Assets | GetSibu,Asset expiry information can help teams identify content that should no longer be used after a specified period.,/features/expiring-creative-assets,WebPage BreadcrumbList,"index,follow",true,Versioning & Asset Management,diagram product-ui,"An asset record over time: stacked versions, status changes, lifecycle stages from upload to archive, and the audit trail beside it.",,false,published,,Asset expiry information can help teams identify content that should no longer be used after a specified period.
105,Brand Guardrail Tags,91-120 Versioning and Asset Management,canonical,,Features,asset-management,leaf,/features/brand-guardrail-tags,,/features/asset-management,Home > Features > Versioning & Asset Management > Brand Guardrail Tags,E Governance / Lifecycle,workflow-states,brand guardrail tags,commercial,"Explain how an asset moves through versions, statuses and lifecycle stages, and what record is kept.",Brand teams can use structured tags to identify assets that comply with specific organisational requirements.,,Brand control,103 Approved Asset Library; 104 Expiring Creative Assets; 214 GetSibu for Brand Teams; 83 Brand Collaboration; 71 Brand Asset Approval; 203 Brand Asset Analytics,,103 Approved Asset Library; 104 Expiring Creative Assets; 83 Brand Collaboration; 71 Brand Asset Approval,,,214 GetSibu for Brand Teams,0,Start free -> https://getsibu.com/signup,Bring Order to Creative Chaos -> /get-started/bring-order-to-creative-chaos,Brand Guardrail Tags | GetSibu,Brand teams can use structured tags to identify assets that comply with specific organisational requirements.,/features/brand-guardrail-tags,WebPage BreadcrumbList,"index,follow",true,Versioning & Asset Management,diagram product-ui,"An asset record over time: stacked versions, status changes, lifecycle stages from upload to archive, and the audit trail beside it.",,false,published,,Brand teams can use structured tags to identify assets that comply with specific organisational requirements.
106,Asset Usage Tracking,91-120 Versioning and Asset Management,canonical,,Features,asset-management,leaf,/features/asset-usage-tracking,,/features/asset-management,Home > Features > Versioning & Asset Management > Asset Usage Tracking,E Governance / Lifecycle,workflow-timeline,asset usage tracking,commercial,"Explain how an asset moves through versions, statuses and lifecycle stages, and what record is kept.",Usage analytics help teams understand which assets are being used and which remain inactive.,Lifecycle angle: which assets are used and which remain inactive.,Usage tracking,182 Asset Usage Analytics; 197 Asset Access Analytics; 204 Asset Performance Insights; 181 Creative Asset Analytics; 105 Brand Guardrail Tags; 107 Creative Asset Lifecycle,182 Asset Usage Analytics; 181 Creative Asset Analytics,182 Asset Usage Analytics; 197 Asset Access Analytics; 204 Asset Performance Insights; 181 Creative Asset Analytics,,,,0,Start free -> https://getsibu.com/signup,Bring Order to Creative Chaos -> /get-started/bring-order-to-creative-chaos,Asset Usage Tracking | GetSibu,Usage analytics help teams understand which assets are being used and which remain inactive.,/features/asset-usage-tracking,WebPage BreadcrumbList,"index,follow",true,Versioning & Asset Management,diagram product-ui,"An asset record over time: stacked versions, status changes, lifecycle stages from upload to archive, and the audit trail beside it.",,false,published,,Usage analytics help teams understand which assets are being used and which remain inactive.
107,Creative Asset Lifecycle,91-120 Versioning and Asset Management,canonical,,Features,asset-management,leaf,/features/creative-asset-lifecycle,,/features/asset-management,Home > Features > Versioning & Asset Management > Creative Asset Lifecycle,E Governance / Lifecycle,workflow-record,creative asset lifecycle,commercial,"Explain how an asset moves through versions, statuses and lifecycle stages, and what record is kept.","The lifecycle of an asset can include ingestion, metadata processing, AI tagging, review, approval, distribution and archival.","The stages enumerated: ingestion, metadata, AI tagging, review, approval, distribution, archival.",End-to-end creative workflow; Asset lifecycle,108 Asset Archiving; 67 Creative Approval Workflow; 101 Asset Lifecycle Management; 80 Creative Workflow Management; 109 Asset Deletion; 104 Expiring Creative Assets,22 Media Metadata Management; 31 AI-Assisted Tagging; 67 Creative Approval Workflow; 108 Asset Archiving,108 Asset Archiving; 67 Creative Approval Workflow; 101 Asset Lifecycle Management; 80 Creative Workflow Management,,,,0,Start free -> https://getsibu.com/signup,Build a Smarter Creative Workflow -> /get-started/build-a-smarter-creative-workflow,Creative Asset Lifecycle | GetSibu,"The lifecycle of an asset can include ingestion, metadata processing, AI tagging, review, approval, distribution and archival.",/features/creative-asset-lifecycle,WebPage BreadcrumbList,"index,follow",true,Versioning & Asset Management,diagram product-ui,"An asset record over time: stacked versions, status changes, lifecycle stages from upload to archive, and the audit trail beside it.",,false,published,,"The lifecycle of an asset can include ingestion, metadata processing, AI tagging, review, approval, distribution and archival."
108,Asset Archiving,91-120 Versioning and Asset Management,canonical,,Features,asset-management,leaf,/features/asset-archiving,,/features/asset-management,Home > Features > Versioning & Asset Management > Asset Archiving,E Governance / Lifecycle,workflow-states,asset archiving,commercial,"Explain how an asset moves through versions, statuses and lifecycle stages, and what record is kept.",Archiving provides a way to retain historical content without allowing old material to interfere with everyday asset discovery.,Retaining history without cluttering everyday discovery.,Asset lifecycle,107 Creative Asset Lifecycle; 101 Asset Lifecycle Management; 109 Asset Deletion; 110 Asset Recovery; 104 Expiring Creative Assets; 102 Asset Status Management,30 Asset Discovery Workflow,107 Creative Asset Lifecycle; 101 Asset Lifecycle Management; 109 Asset Deletion; 110 Asset Recovery,,,,0,Start free -> https://getsibu.com/signup,Bring Order to Creative Chaos -> /get-started/bring-order-to-creative-chaos,Asset Archiving | GetSibu,Archiving provides a way to retain historical content without allowing old material to interfere with everyday asset discovery.,/features/asset-archiving,WebPage BreadcrumbList,"index,follow",true,Versioning & Asset Management,diagram product-ui,"An asset record over time: stacked versions, status changes, lifecycle stages from upload to archive, and the audit trail beside it.",,false,published,,Archiving provides a way to retain historical content without allowing old material to interfere with everyday asset discovery.
109,Asset Deletion,91-120 Versioning and Asset Management,canonical,,Features,asset-management,leaf,/features/asset-deletion,,/features/asset-management,Home > Features > Versioning & Asset Management > Asset Deletion,E Governance / Lifecycle,workflow-timeline,asset deletion,commercial,"Explain how an asset moves through versions, statuses and lifecycle stages, and what record is kept.",Authorised users can remove assets according to organisational policies and permissions.,Removal according to policy and permissions.,Asset lifecycle,101 Asset Lifecycle Management; 108 Asset Archiving; 110 Asset Recovery; 107 Creative Asset Lifecycle; 104 Expiring Creative Assets; 102 Asset Status Management,151 Creative Asset Permissions,101 Asset Lifecycle Management; 108 Asset Archiving; 110 Asset Recovery; 107 Creative Asset Lifecycle,,,,0,Start free -> https://getsibu.com/signup,Bring Order to Creative Chaos -> /get-started/bring-order-to-creative-chaos,Asset Deletion | GetSibu,Authorised users can remove assets according to organisational policies and permissions.,/features/asset-deletion,WebPage BreadcrumbList,"index,follow",true,Versioning & Asset Management,diagram product-ui,"An asset record over time: stacked versions, status changes, lifecycle stages from upload to archive, and the audit trail beside it.",,false,published,,Authorised users can remove assets according to organisational policies and permissions.
110,Asset Recovery,91-120 Versioning and Asset Management,canonical,,Features,asset-management,leaf,/features/asset-recovery,,/features/asset-management,Home > Features > Versioning & Asset Management > Asset Recovery,E Governance / Lifecycle,workflow-states,asset recovery,commercial,"Explain how an asset moves through versions, statuses and lifecycle stages, and what record is kept.",Versioning and backups can support recovery when content is accidentally replaced or removed.,Recovery through versioning and backups.,Asset lifecycle; Backups and recovery,101 Asset Lifecycle Management; 109 Asset Deletion; 108 Asset Archiving; 107 Creative Asset Lifecycle; 104 Expiring Creative Assets; 102 Asset Status Management,91 Creative Asset Versioning,101 Asset Lifecycle Management; 109 Asset Deletion; 108 Asset Archiving; 107 Creative Asset Lifecycle,,,,0,Start free -> https://getsibu.com/signup,Bring Order to Creative Chaos -> /get-started/bring-order-to-creative-chaos,Asset Recovery | GetSibu,Versioning and backups can support recovery when content is accidentally replaced or removed.,/features/asset-recovery,WebPage BreadcrumbList,"index,follow",true,Versioning & Asset Management,diagram product-ui,"An asset record over time: stacked versions, status changes, lifecycle stages from upload to archive, and the audit trail beside it.",,false,published,,Versioning and backups can support recovery when content is accidentally replaced or removed.
111,Creative Library Maintenance,91-120 Versioning and Asset Management,canonical,,Features,asset-management,leaf,/features/creative-library-maintenance,,/features/asset-management,Home > Features > Versioning & Asset Management > Creative Library Maintenance,E Governance / Lifecycle,workflow-timeline,creative library maintenance,commercial,"Explain how an asset moves through versions, statuses and lifecycle stages, and what record is kept.","Ongoing maintenance helps prevent libraries from becoming cluttered with duplicate, obsolete or poorly classified content.",,Library maintenance and quality,112 Duplicate Asset Management; 113 Asset Quality Management; 196 Library Health Analytics; 40 AI Duplicate Detection; 110 Asset Recovery; 109 Asset Deletion,40 AI Duplicate Detection,112 Duplicate Asset Management; 113 Asset Quality Management; 196 Library Health Analytics; 40 AI Duplicate Detection,,,,0,Start free -> https://getsibu.com/signup,Bring Order to Creative Chaos -> /get-started/bring-order-to-creative-chaos,Creative Library Maintenance | GetSibu,"Ongoing maintenance helps prevent libraries from becoming cluttered with duplicate, obsolete or poorly classified content.",/features/creative-library-maintenance,WebPage BreadcrumbList,"index,follow",true,Versioning & Asset Management,diagram product-ui,"An asset record over time: stacked versions, status changes, lifecycle stages from upload to archive, and the audit trail beside it.",,false,published,,"Ongoing maintenance helps prevent libraries from becoming cluttered with duplicate, obsolete or poorly classified content."
112,Duplicate Asset Management,91-120 Versioning and Asset Management,canonical,,Features,asset-management,leaf,/features/duplicate-asset-management,,/features/asset-management,Home > Features > Versioning & Asset Management > Duplicate Asset Management,E Governance / Lifecycle,workflow-states,duplicate asset management,commercial,"Explain how an asset moves through versions, statuses and lifecycle stages, and what record is kept.",Duplicate detection helps identify unnecessary copies and can support storage optimisation.,Library housekeeping: identifying unnecessary copies to support storage optimisation.,Duplicate detection; Library maintenance and quality,40 AI Duplicate Detection; 111 Creative Library Maintenance; 113 Asset Quality Management; 196 Library Health Analytics; 350 Duplicate Reduction; 368 What Is Duplicate Detection?,40 AI Duplicate Detection,40 AI Duplicate Detection; 111 Creative Library Maintenance; 113 Asset Quality Management; 196 Library Health Analytics,368 What Is Duplicate Detection?,,,0,Start free -> https://getsibu.com/signup,Bring Order to Creative Chaos -> /get-started/bring-order-to-creative-chaos,Duplicate Asset Management | GetSibu,Duplicate detection helps identify unnecessary copies and can support storage optimisation.,/features/duplicate-asset-management,WebPage BreadcrumbList,"index,follow",true,Versioning & Asset Management,diagram product-ui,"An asset record over time: stacked versions, status changes, lifecycle stages from upload to archive, and the audit trail beside it.",duplicate-detection,false,published,,Duplicate detection helps identify unnecessary copies and can support storage optimisation.
113,Asset Quality Management,91-120 Versioning and Asset Management,canonical,,Features,asset-management,leaf,/features/asset-quality-management,,/features/asset-management,Home > Features > Versioning & Asset Management > Asset Quality Management,E Governance / Lifecycle,workflow-timeline,asset quality management,commercial,"Explain how an asset moves through versions, statuses and lifecycle stages, and what record is kept.",Teams can use approval and metadata workflows to maintain higher-quality libraries.,,Library maintenance and quality,111 Creative Library Maintenance; 112 Duplicate Asset Management; 196 Library Health Analytics; 67 Creative Approval Workflow; 22 Media Metadata Management; 114 Creative Asset Governance,67 Creative Approval Workflow; 22 Media Metadata Management,111 Creative Library Maintenance; 112 Duplicate Asset Management; 196 Library Health Analytics; 67 Creative Approval Workflow,,,,0,Start free -> https://getsibu.com/signup,Bring Order to Creative Chaos -> /get-started/bring-order-to-creative-chaos,Asset Quality Management | GetSibu,Teams can use approval and metadata workflows to maintain higher-quality libraries.,/features/asset-quality-management,WebPage BreadcrumbList,"index,follow",true,Versioning & Asset Management,diagram product-ui,"An asset record over time: stacked versions, status changes, lifecycle stages from upload to archive, and the audit trail beside it.",,false,published,,Teams can use approval and metadata workflows to maintain higher-quality libraries.
114,Creative Asset Governance,91-120 Versioning and Asset Management,canonical,,Features,asset-management,leaf,/features/creative-asset-governance,,/features/asset-management,Home > Features > Versioning & Asset Management > Creative Asset Governance,E Governance / Lifecycle,workflow-governance,creative asset governance,commercial,"Explain how an asset moves through versions, statuses and lifecycle stages, and what record is kept.","Governance defines who can upload, edit, approve, download and manage assets.","Asset governance: who can upload, edit, approve, download and manage.",Governance,159 Creative Access Governance; 179 Enterprise Asset Governance; 339 Creative Data Governance; 371 What Is Creative Governance?; 113 Asset Quality Management; 115 Asset Ownership,,159 Creative Access Governance; 179 Enterprise Asset Governance; 339 Creative Data Governance; 113 Asset Quality Management,371 What Is Creative Governance?,,223 GetSibu for Enterprise Marketing; 225 GetSibu for Multi-Market Teams,0,Start free -> https://getsibu.com/signup,Bring Order to Creative Chaos -> /get-started/bring-order-to-creative-chaos,Creative Asset Governance | GetSibu,"Governance defines who can upload, edit, approve, download and manage assets.",/features/creative-asset-governance,WebPage BreadcrumbList,"index,follow",true,Versioning & Asset Management,diagram product-ui,"An asset record over time: stacked versions, status changes, lifecycle stages from upload to archive, and the audit trail beside it.",,false,published,,"Governance defines who can upload, edit, approve, download and manage assets."
115,Asset Ownership,91-120 Versioning and Asset Management,canonical,,Features,asset-management,leaf,/features/asset-ownership,,/features/asset-management,Home > Features > Versioning & Asset Management > Asset Ownership,E Governance / Lifecycle,workflow-states,asset ownership,commercial,"Explain how an asset moves through versions, statuses and lifecycle stages, and what record is kept.",Asset ownership provides context about who created or uploaded content.,Ownership: who created or uploaded.,Audit trail and history,119 Asset Audit Trail; 116 Asset Attribution; 117 Asset History; 118 Asset Activity; 77 Approval History; 170 Permission Auditing,,119 Asset Audit Trail; 116 Asset Attribution; 117 Asset History; 118 Asset Activity,,,,0,Start free -> https://getsibu.com/signup,Bring Order to Creative Chaos -> /get-started/bring-order-to-creative-chaos,Asset Ownership | GetSibu,Asset ownership provides context about who created or uploaded content.,/features/asset-ownership,WebPage BreadcrumbList,"index,follow",true,Versioning & Asset Management,diagram product-ui,"An asset record over time: stacked versions, status changes, lifecycle stages from upload to archive, and the audit trail beside it.",,false,published,,Asset ownership provides context about who created or uploaded content.
116,Asset Attribution,91-120 Versioning and Asset Management,canonical,,Features,asset-management,leaf,/features/asset-attribution,,/features/asset-management,Home > Features > Versioning & Asset Management > Asset Attribution,E Governance / Lifecycle,workflow-governance,asset attribution,commercial,"Explain how an asset moves through versions, statuses and lifecycle stages, and what record is kept.","Creators and contributors can remain associated with assets, preserving context during collaboration and migration.",Attribution: creators and contributors preserved through collaboration and migration.,Audit trail and history,119 Asset Audit Trail; 115 Asset Ownership; 117 Asset History; 118 Asset Activity; 77 Approval History; 170 Permission Auditing,185 Contributor Analytics; 281 Migrate to GetSibu,119 Asset Audit Trail; 115 Asset Ownership; 117 Asset History; 118 Asset Activity,,,,0,Start free -> https://getsibu.com/signup,Bring Order to Creative Chaos -> /get-started/bring-order-to-creative-chaos,Asset Attribution | GetSibu,"Creators and contributors can remain associated with assets, preserving context during collaboration and migration.",/features/asset-attribution,WebPage BreadcrumbList,"index,follow",true,Versioning & Asset Management,diagram product-ui,"An asset record over time: stacked versions, status changes, lifecycle stages from upload to archive, and the audit trail beside it.",,false,published,,"Creators and contributors can remain associated with assets, preserving context during collaboration and migration."
117,Asset History,91-120 Versioning and Asset Management,canonical,,Features,asset-management,leaf,/features/asset-history,,/features/asset-management,Home > Features > Versioning & Asset Management > Asset History,E Governance / Lifecycle,workflow-states,asset history,commercial,"Explain how an asset moves through versions, statuses and lifecycle stages, and what record is kept.",Asset history gives users a record of relevant changes and interactions.,History: relevant changes and interactions.,Audit trail and history,119 Asset Audit Trail; 116 Asset Attribution; 118 Asset Activity; 115 Asset Ownership; 77 Approval History; 170 Permission Auditing,,119 Asset Audit Trail; 116 Asset Attribution; 118 Asset Activity; 115 Asset Ownership,,,,0,Start free -> https://getsibu.com/signup,Bring Order to Creative Chaos -> /get-started/bring-order-to-creative-chaos,Asset History | GetSibu,Asset history gives users a record of relevant changes and interactions.,/features/asset-history,WebPage BreadcrumbList,"index,follow",true,Versioning & Asset Management,diagram product-ui,"An asset record over time: stacked versions, status changes, lifecycle stages from upload to archive, and the audit trail beside it.",,false,published,,Asset history gives users a record of relevant changes and interactions.
118,Asset Activity,91-120 Versioning and Asset Management,canonical,,Features,asset-management,leaf,/features/asset-activity,,/features/asset-management,Home > Features > Versioning & Asset Management > Asset Activity,E Governance / Lifecycle,workflow-timeline,asset activity,commercial,"Explain how an asset moves through versions, statuses and lifecycle stages, and what record is kept.","Views, downloads, edits and approvals can become part of the asset's activity history.","Activity: views, downloads, edits and approvals.",Audit trail and history,119 Asset Audit Trail; 117 Asset History; 116 Asset Attribution; 115 Asset Ownership; 77 Approval History; 170 Permission Auditing,67 Creative Approval Workflow,119 Asset Audit Trail; 117 Asset History; 116 Asset Attribution; 115 Asset Ownership,,,,0,Start free -> https://getsibu.com/signup,Bring Order to Creative Chaos -> /get-started/bring-order-to-creative-chaos,Asset Activity | GetSibu,"Views, downloads, edits and approvals can become part of the asset's activity history.",/features/asset-activity,WebPage BreadcrumbList,"index,follow",true,Versioning & Asset Management,diagram product-ui,"An asset record over time: stacked versions, status changes, lifecycle stages from upload to archive, and the audit trail beside it.",,false,published,,"Views, downloads, edits and approvals can become part of the asset's activity history."
119,Asset Audit Trail,91-120 Versioning and Asset Management,canonical,,Features,asset-management,leaf,/features/asset-audit-trail,,/features/asset-management,Home > Features > Versioning & Asset Management > Asset Audit Trail,E Governance / Lifecycle,workflow-states,asset audit trail,commercial,"Explain how an asset moves through versions, statuses and lifecycle stages, and what record is kept.",The asset audit trail provides visibility into important actions performed on creative files.,Asset audit trail: visibility into important actions on creative files.,Audit trail and history,118 Asset Activity; 117 Asset History; 116 Asset Attribution; 115 Asset Ownership; 77 Approval History; 170 Permission Auditing,,118 Asset Activity; 117 Asset History; 116 Asset Attribution; 115 Asset Ownership,,,,0,Start free -> https://getsibu.com/signup,Bring Order to Creative Chaos -> /get-started/bring-order-to-creative-chaos,Asset Audit Trail | GetSibu,The asset audit trail provides visibility into important actions performed on creative files.,/features/asset-audit-trail,WebPage BreadcrumbList,"index,follow",true,Versioning & Asset Management,diagram product-ui,"An asset record over time: stacked versions, status changes, lifecycle stages from upload to archive, and the audit trail beside it.",,false,published,,The asset audit trail provides visibility into important actions performed on creative files.
120,Complete Asset Management,91-120 Versioning and Asset Management,canonical,,Features,asset-management,leaf,/features/complete-asset-management,,/features/asset-management,Home > Features > Versioning & Asset Management > Complete Asset Management,E Governance / Lifecycle,workflow-timeline,complete asset management,commercial,"Explain how an asset moves through versions, statuses and lifecycle stages, and what record is kept.","GetSibu combines organisation, metadata, AI analysis, collaboration, versioning, approvals and auditability into one asset management workflow.","Everything combined: organisation, metadata, AI, collaboration, versioning, approvals, auditability as one workflow.",What GetSibu is,7 Modern Digital Asset Management; 5 Intelligent Media Library; 3 AI-Powered Digital Asset Management; 2 The Operating System for Creative Libraries; 360 Why Invest in GetSibu; 91 Creative Asset Versioning,22 Media Metadata Management; 91 Creative Asset Versioning; 67 Creative Approval Workflow; 326 Audit Logs,7 Modern Digital Asset Management; 5 Intelligent Media Library; 3 AI-Powered Digital Asset Management; 2 The Operating System for Creative Libraries,,381 What Is GetSibu?; 382 Who Is GetSibu For?,,0,Start free -> https://getsibu.com/signup,Bring Order to Creative Chaos -> /get-started/bring-order-to-creative-chaos,Complete Asset Management | GetSibu,"GetSibu combines organisation, metadata, AI analysis, collaboration, versioning, approvals and auditability into one asset management workflow.",/features/complete-asset-management,WebPage BreadcrumbList,"index,follow",true,Versioning & Asset Management,diagram product-ui,"An asset record over time: stacked versions, status changes, lifecycle stages from upload to archive, and the audit trail beside it.",,false,published,,"GetSibu combines organisation, metadata, AI analysis, collaboration, versioning, approvals and auditability into one asset management workflow."
121,Automated Asset Ingestion,121-150 Storage and Ingestion,canonical,,Storage & Ingestion,storage-ingestion,leaf,/storage/automated-asset-ingestion,,/storage,Home > Storage & Ingestion > Automated Asset Ingestion,D Storage / Ingestion,storage-pipeline,automated asset ingestion,commercial,"Explain how content gets into GetSibu and becomes searchable: sources, uploads, processing and previews.",GetSibu supports asset ingestion from connected storage sources and direct uploads.,Overview: connected sources and direct uploads without rebuilding the storage workflow.,Ingestion and import,127 Drag and Drop Upload; 128 Watch Folder Ingestion; 129 Automated Media Import; 130 Bulk Asset Import; 135 Digital Asset Import,127 Drag and Drop Upload,127 Drag and Drop Upload; 128 Watch Folder Ingestion; 129 Automated Media Import; 130 Bulk Asset Import,,,,0,Start free -> https://getsibu.com/signup,Start Your Creative Library -> /get-started,Automated Asset Ingestion | GetSibu,GetSibu supports asset ingestion from connected storage sources and direct uploads.,/storage/automated-asset-ingestion,WebPage BreadcrumbList,"index,follow",true,Storage & Ingestion,diagram product-ui,"Content entering the library: sources (drives, S3, NAS, uploads) flowing through upload, processing and indexing into a searchable state.",,false,published,,GetSibu supports asset ingestion from connected storage sources and direct uploads. This allows teams to bring existing libraries into the platform without rebuilding their entire storage workflow manually.
122,Google Drive Integration,121-150 Storage and Ingestion,canonical,,Storage & Ingestion,storage-ingestion,leaf,/storage/google-drive,/integrations/google-drive,/storage,Home > Storage & Ingestion > Google Drive Integration,M Integration,integration-connection,google drive integration,commercial,Explain what connecting a specific tool or storage source to GetSibu does and what flows between them.,Teams can connect Google Drive to bring existing creative assets into GetSibu.,,Storage sources,150 Centralised Media Storage; 21 Creative Asset Indexing; 6 Centralised Creative Asset Library,21 Creative Asset Indexing,150 Centralised Media Storage; 21 Creative Asset Indexing,,,,0,Start free -> https://getsibu.com/signup,Bring Your Creative Assets Together -> /get-started/bring-your-creative-assets-together,Google Drive Integration | GetSibu,Google Drive Integration: GetSibu creates a unified environment for managing creative content from multiple storage sources while retaining organisational…,/storage/google-drive,WebPage BreadcrumbList,"noindex,follow",false,Storage & Ingestion,diagram,"The connection itself: the external tool and GetSibu, and what flows between them (assets, events, notifications). Third-party marks only per each vendor's brand guidelines.",storage-sources,true,held,150,Teams can connect Google Drive to bring existing creative assets into GetSibu. Connected sources can be indexed so that teams can discover content through the GetSibu experience.
123,Dropbox Integration,121-150 Storage and Ingestion,canonical,,Storage & Ingestion,storage-ingestion,leaf,/storage/dropbox,/integrations/dropbox,/storage,Home > Storage & Ingestion > Dropbox Integration,M Integration,integration-context,dropbox integration,commercial,Explain what connecting a specific tool or storage source to GetSibu does and what flows between them.,Dropbox libraries can be connected to GetSibu to centralise creative assets and improve searchability.,,Storage sources,150 Centralised Media Storage; 6 Centralised Creative Asset Library; 10 One Source of Truth for Creative Teams,,150 Centralised Media Storage,,,,0,Start free -> https://getsibu.com/signup,Bring Your Creative Assets Together -> /get-started/bring-your-creative-assets-together,Dropbox Integration | GetSibu,Dropbox Integration: GetSibu creates a unified environment for managing creative content from multiple storage sources while retaining organisational…,/storage/dropbox,WebPage BreadcrumbList,"noindex,follow",false,Storage & Ingestion,diagram,"The connection itself: the external tool and GetSibu, and what flows between them (assets, events, notifications). Third-party marks only per each vendor's brand guidelines.",storage-sources,true,held,150,Dropbox libraries can be connected to GetSibu to centralise creative assets and improve searchability.
124,OneDrive Integration,121-150 Storage and Ingestion,canonical,,Storage & Ingestion,storage-ingestion,leaf,/storage/onedrive,/integrations/onedrive,/storage,Home > Storage & Ingestion > OneDrive Integration,M Integration,integration-connection,onedrive integration,commercial,Explain what connecting a specific tool or storage source to GetSibu does and what flows between them.,OneDrive provides another source for creative content that can be connected to the central GetSibu library.,,Storage sources,150 Centralised Media Storage; 6 Centralised Creative Asset Library; 10 One Source of Truth for Creative Teams,,150 Centralised Media Storage,,,,0,Start free -> https://getsibu.com/signup,Bring Your Creative Assets Together -> /get-started/bring-your-creative-assets-together,OneDrive Integration | GetSibu,OneDrive Integration: GetSibu creates a unified environment for managing creative content from multiple storage sources while retaining organisational…,/storage/onedrive,WebPage BreadcrumbList,"noindex,follow",false,Storage & Ingestion,diagram,"The connection itself: the external tool and GetSibu, and what flows between them (assets, events, notifications). Third-party marks only per each vendor's brand guidelines.",storage-sources,true,held,150,OneDrive provides another source for creative content that can be connected to the central GetSibu library.
125,AWS S3 Integration,121-150 Storage and Ingestion,canonical,,Storage & Ingestion,storage-ingestion,leaf,/storage/aws-s3,/integrations/aws-s3,/storage,Home > Storage & Ingestion > AWS S3 Integration,M Integration,integration-context,aws s3 integration,commercial,Explain what connecting a specific tool or storage source to GetSibu does and what flows between them.,AWS S3 can be used as a storage source for organisations managing large amounts of media and creative content.,,Storage sources,150 Centralised Media Storage; 6 Centralised Creative Asset Library; 10 One Source of Truth for Creative Teams,,150 Centralised Media Storage,,,,0,Start free -> https://getsibu.com/signup,Bring Your Creative Assets Together -> /get-started/bring-your-creative-assets-together,AWS S3 Integration | GetSibu,AWS S3 Integration: GetSibu creates a unified environment for managing creative content from multiple storage sources while retaining organisational structure…,/storage/aws-s3,WebPage BreadcrumbList,"noindex,follow",false,Storage & Ingestion,diagram,"The connection itself: the external tool and GetSibu, and what flows between them (assets, events, notifications). Third-party marks only per each vendor's brand guidelines.",storage-sources,true,held,150,AWS S3 can be used as a storage source for organisations managing large amounts of media and creative content.
126,Local NAS Integration,121-150 Storage and Ingestion,canonical,,Storage & Ingestion,storage-ingestion,leaf,/storage/local-nas,,/storage,Home > Storage & Ingestion > Local NAS Integration,M Integration,integration-connection,local nas integration,commercial,Explain what connecting a specific tool or storage source to GetSibu does and what flows between them.,Teams with local network storage can connect NAS environments and bring their existing content into a searchable workflow.,,Storage sources,150 Centralised Media Storage; 6 Centralised Creative Asset Library; 10 One Source of Truth for Creative Teams,,150 Centralised Media Storage,,,,0,Start free -> https://getsibu.com/signup,Bring Your Creative Assets Together -> /get-started/bring-your-creative-assets-together,Local NAS Integration | GetSibu,Local NAS Integration: GetSibu creates a unified environment for managing creative content from multiple storage sources while retaining organisational…,/storage/local-nas,WebPage BreadcrumbList,"noindex,follow",false,Storage & Ingestion,diagram,"The connection itself: the external tool and GetSibu, and what flows between them (assets, events, notifications). Third-party marks only per each vendor's brand guidelines.",storage-sources,true,held,150,Teams with local network storage can connect NAS environments and bring their existing content into a searchable workflow.
127,Drag and Drop Upload,121-150 Storage and Ingestion,canonical,,Storage & Ingestion,storage-ingestion,leaf,/storage/drag-and-drop-upload,,/storage,Home > Storage & Ingestion > Drag and Drop Upload,D Storage / Ingestion,storage-overview,drag and drop upload,commercial,"Explain how content gets into GetSibu and becomes searchable: sources, uploads, processing and previews.","Users can upload files directly through drag and drop, making it easy to add individual assets or small batches without configuring an integration.",Drag and drop for individual assets and small batches.,Ingestion and import; Uploads,121 Automated Asset Ingestion; 136 Media Upload Management; 128 Watch Folder Ingestion; 129 Automated Media Import; 130 Bulk Asset Import; 135 Digital Asset Import,,121 Automated Asset Ingestion; 136 Media Upload Management; 128 Watch Folder Ingestion; 129 Automated Media Import,,,,0,Start free -> https://getsibu.com/signup,Start Your Creative Library -> /get-started,Drag and Drop Upload | GetSibu,"Users can upload files directly through drag and drop, making it easy to add individual assets or small batches without configuring an integration.",/storage/drag-and-drop-upload,WebPage BreadcrumbList,"index,follow",true,Storage & Ingestion,diagram product-ui,"Content entering the library: sources (drives, S3, NAS, uploads) flowing through upload, processing and indexing into a searchable state.",,false,published,,"Users can upload files directly through drag and drop, making it easy to add individual assets or small batches without configuring an integration."
128,Watch Folder Ingestion,121-150 Storage and Ingestion,canonical,,Storage & Ingestion,storage-ingestion,leaf,/storage/watch-folder-ingestion,,/storage,Home > Storage & Ingestion > Watch Folder Ingestion,D Storage / Ingestion,storage-pipeline,watch folder ingestion,commercial,"Explain how content gets into GetSibu and becomes searchable: sources, uploads, processing and previews.",Watch folders can be scanned continuously so that newly added content can enter the GetSibu workflow automatically.,Watch folders scanned continuously.,Ingestion and import,121 Automated Asset Ingestion; 127 Drag and Drop Upload; 129 Automated Media Import; 130 Bulk Asset Import; 135 Digital Asset Import,,121 Automated Asset Ingestion; 127 Drag and Drop Upload; 129 Automated Media Import; 130 Bulk Asset Import,,,,0,Start free -> https://getsibu.com/signup,Start Your Creative Library -> /get-started,Watch Folder Ingestion | GetSibu,Watch folders can be scanned continuously so that newly added content can enter the GetSibu workflow automatically.,/storage/watch-folder-ingestion,WebPage BreadcrumbList,"index,follow",true,Storage & Ingestion,diagram product-ui,"Content entering the library: sources (drives, S3, NAS, uploads) flowing through upload, processing and indexing into a searchable state.",watch-folders,false,published,,Watch folders can be scanned continuously so that newly added content can enter the GetSibu workflow automatically.
129,Automated Media Import,121-150 Storage and Ingestion,canonical,,Storage & Ingestion,storage-ingestion,leaf,/storage/automated-media-import,,/storage,Home > Storage & Ingestion > Automated Media Import,D Storage / Ingestion,storage-overview,automated media import,commercial,"Explain how content gets into GetSibu and becomes searchable: sources, uploads, processing and previews.",Automated media import reduces manual movement of files between storage locations.,Reducing manual movement of files between locations.,Ingestion and import,121 Automated Asset Ingestion; 128 Watch Folder Ingestion; 130 Bulk Asset Import; 127 Drag and Drop Upload; 135 Digital Asset Import; 131 Large Library Migration,,121 Automated Asset Ingestion; 128 Watch Folder Ingestion; 130 Bulk Asset Import; 127 Drag and Drop Upload,,,,0,Start free -> https://getsibu.com/signup,Start Your Creative Library -> /get-started,Automated Media Import | GetSibu,Automated media import reduces manual movement of files between storage locations.,/storage/automated-media-import,WebPage BreadcrumbList,"index,follow",true,Storage & Ingestion,diagram product-ui,"Content entering the library: sources (drives, S3, NAS, uploads) flowing through upload, processing and indexing into a searchable state.",,false,published,,Automated media import reduces manual movement of files between storage locations.
130,Bulk Asset Import,121-150 Storage and Ingestion,canonical,,Storage & Ingestion,storage-ingestion,leaf,/storage/bulk-asset-import,,/storage,Home > Storage & Ingestion > Bulk Asset Import,D Storage / Ingestion,storage-pipeline,bulk asset import,commercial,"Explain how content gets into GetSibu and becomes searchable: sources, uploads, processing and previews.",Bulk import helps organisations move large existing libraries into GetSibu without manually uploading each file.,Bulk import for large existing libraries (see bulk-import). / Ingestion mechanics: moving a large existing library in without uploading file by file.,Ingestion and import; Bulk import,121 Automated Asset Ingestion; 129 Automated Media Import; 128 Watch Folder Ingestion; 291 Bulk Import; 127 Drag and Drop Upload; 135 Digital Asset Import,,121 Automated Asset Ingestion; 129 Automated Media Import; 128 Watch Folder Ingestion; 291 Bulk Import,,,,0,Start free -> https://getsibu.com/signup,Start Your Creative Library -> /get-started,Bulk Asset Import | GetSibu,Bulk import helps organisations move large existing libraries into GetSibu without manually uploading each file.,/storage/bulk-asset-import,WebPage BreadcrumbList,"index,follow",true,Storage & Ingestion,diagram product-ui,"Content entering the library: sources (drives, S3, NAS, uploads) flowing through upload, processing and indexing into a searchable state.",,false,published,,Bulk import helps organisations move large existing libraries into GetSibu without manually uploading each file.
131,Large Library Migration,121-150 Storage and Ingestion,canonical,,Storage & Ingestion,storage-ingestion,leaf,/storage/large-library-migration,,/storage,Home > Storage & Ingestion > Large Library Migration,I Migration,migration-phases,large library migration,commercial,"Explain a part of moving an existing library into GetSibu and what is preserved, mapped or verified.",Large creative libraries can be migrated while preserving important metadata and existing folder relationships.,Scale: large libraries with metadata and folder relationships preserved.,Moving to GetSibu,281 Migrate to GetSibu; 134 Creative Migration; 282 Creative Library Migration; 288 Creative Data Migration; 298 Creative Team Migration; 300 GetSibu Migration Support,281 Migrate to GetSibu; 22 Media Metadata Management; 133 Folder Mapping,281 Migrate to GetSibu; 134 Creative Migration; 282 Creative Library Migration; 288 Creative Data Migration,376 What Is a DAM Migration?,,,0,Start free -> https://getsibu.com/signup,Bring Your Creative Assets Together -> /get-started/bring-your-creative-assets-together,Large Library Migration | GetSibu,Large creative libraries can be migrated while preserving important metadata and existing folder relationships.,/storage/large-library-migration,WebPage BreadcrumbList,"index,follow",true,Storage & Ingestion,diagram,"A structured transfer: an existing folder tree and its metadata mapped into the new library, with verification checkpoints.",,false,published,,Large creative libraries can be migrated while preserving important metadata and existing folder relationships.
132,Metadata Preservation,121-150 Storage and Ingestion,canonical,,Storage & Ingestion,storage-ingestion,leaf,/storage/metadata-preservation,,/storage,Home > Storage & Ingestion > Metadata Preservation,I Migration,migration-mapping,metadata preservation,commercial,"Explain a part of moving an existing library into GetSibu and what is preserved, mapped or verified.","Metadata such as EXIF, XMP, creators, file paths and custom keywords can be preserved during migration.",Ingestion: which fields are kept when assets are imported.,Metadata preservation,22 Media Metadata Management; 286 Metadata Migration; 293 Migration Metadata Preservation; 281 Migrate to GetSibu; 131 Large Library Migration; 133 Folder Mapping,22 Media Metadata Management; 281 Migrate to GetSibu,22 Media Metadata Management; 286 Metadata Migration; 293 Migration Metadata Preservation; 281 Migrate to GetSibu,,,,0,Start free -> https://getsibu.com/signup,Bring Your Creative Assets Together -> /get-started/bring-your-creative-assets-together,Metadata Preservation | GetSibu,"Metadata such as EXIF, XMP, creators, file paths and custom keywords can be preserved during migration.",/storage/metadata-preservation,WebPage BreadcrumbList,"index,follow",true,Storage & Ingestion,diagram,"A structured transfer: an existing folder tree and its metadata mapped into the new library, with verification checkpoints.",metadata-preserved,false,published,,"Metadata such as EXIF, XMP, creators, file paths and custom keywords can be preserved during migration."
133,Folder Mapping,121-150 Storage and Ingestion,canonical,,Storage & Ingestion,storage-ingestion,leaf,/storage/folder-mapping,,/storage,Home > Storage & Ingestion > Folder Mapping,I Migration,migration-phases,folder mapping,commercial,"Explain a part of moving an existing library into GetSibu and what is preserved, mapped or verified.","Existing folder structures can be mirrored or remapped during import, allowing organisations to adapt their previous organisation system.",Import option: mirror or remap folders as content is ingested.,Folder mapping,287 Folder Structure Migration; 294 Migration Folder Mapping; 131 Large Library Migration; 132 Metadata Preservation; 134 Creative Migration; 135 Digital Asset Import,,287 Folder Structure Migration; 294 Migration Folder Mapping; 131 Large Library Migration; 132 Metadata Preservation,,,,0,Start free -> https://getsibu.com/signup,Bring Your Creative Assets Together -> /get-started/bring-your-creative-assets-together,Folder Mapping | GetSibu,"Existing folder structures can be mirrored or remapped during import, allowing organisations to adapt their previous organisation system.",/storage/folder-mapping,WebPage BreadcrumbList,"index,follow",true,Storage & Ingestion,diagram,"A structured transfer: an existing folder tree and its metadata mapped into the new library, with verification checkpoints.",,false,published,,"Existing folder structures can be mirrored or remapped during import, allowing organisations to adapt their previous organisation system."
134,Creative Migration,121-150 Storage and Ingestion,canonical,,Storage & Ingestion,storage-ingestion,leaf,/storage/creative-migration,,/storage,Home > Storage & Ingestion > Creative Migration,I Migration,migration-mapping,creative migration,commercial,"Explain a part of moving an existing library into GetSibu and what is preserved, mapped or verified.",GetSibu provides a migration path for teams moving away from fragmented storage systems.,Leaving fragmented storage systems.,Moving to GetSibu,281 Migrate to GetSibu; 131 Large Library Migration; 282 Creative Library Migration; 288 Creative Data Migration; 298 Creative Team Migration; 300 GetSibu Migration Support,281 Migrate to GetSibu,281 Migrate to GetSibu; 131 Large Library Migration; 282 Creative Library Migration; 288 Creative Data Migration,376 What Is a DAM Migration?,,,0,Start free -> https://getsibu.com/signup,Bring Your Creative Assets Together -> /get-started/bring-your-creative-assets-together,Creative Migration | GetSibu,GetSibu provides a migration path for teams moving away from fragmented storage systems.,/storage/creative-migration,WebPage BreadcrumbList,"index,follow",true,Storage & Ingestion,diagram,"A structured transfer: an existing folder tree and its metadata mapped into the new library, with verification checkpoints.",,false,published,,GetSibu provides a migration path for teams moving away from fragmented storage systems.
135,Digital Asset Import,121-150 Storage and Ingestion,canonical,,Storage & Ingestion,storage-ingestion,leaf,/storage/digital-asset-import,,/storage,Home > Storage & Ingestion > Digital Asset Import,D Storage / Ingestion,storage-overview,digital asset import,commercial,"Explain how content gets into GetSibu and becomes searchable: sources, uploads, processing and previews.","Digital assets can enter GetSibu through multiple sources, giving teams flexibility in how they build their library.",Multiple entry points as flexibility in building a library.,Ingestion and import,121 Automated Asset Ingestion; 130 Bulk Asset Import; 129 Automated Media Import; 128 Watch Folder Ingestion; 127 Drag and Drop Upload; 134 Creative Migration,,121 Automated Asset Ingestion; 130 Bulk Asset Import; 129 Automated Media Import; 128 Watch Folder Ingestion,,,,0,Start free -> https://getsibu.com/signup,Start Your Creative Library -> /get-started,Digital Asset Import | GetSibu,"Digital assets can enter GetSibu through multiple sources, giving teams flexibility in how they build their library.",/storage/digital-asset-import,WebPage BreadcrumbList,"index,follow",true,Storage & Ingestion,diagram product-ui,"Content entering the library: sources (drives, S3, NAS, uploads) flowing through upload, processing and indexing into a searchable state.",,false,published,,"Digital assets can enter GetSibu through multiple sources, giving teams flexibility in how they build their library."
136,Media Upload Management,121-150 Storage and Ingestion,canonical,,Storage & Ingestion,storage-ingestion,leaf,/storage/media-upload-management,,/storage,Home > Storage & Ingestion > Media Upload Management,D Storage / Ingestion,storage-reliability,media upload management,commercial,"Explain how content gets into GetSibu and becomes searchable: sources, uploads, processing and previews.",Upload workflows provide progress information and support resumable transfers for unreliable networks.,Upload management: progress and resumable transfers on unreliable networks.,Uploads,137 Resumable Uploads; 138 Chunked Uploads; 139 High-Volume Media Uploads; 141 Upload Progress; 142 Parallel Uploads; 127 Drag and Drop Upload,137 Resumable Uploads,137 Resumable Uploads; 138 Chunked Uploads; 139 High-Volume Media Uploads; 141 Upload Progress,,,,0,Start free -> https://getsibu.com/signup,Bring Your Creative Assets Together -> /get-started/bring-your-creative-assets-together,Media Upload Management | GetSibu,Upload workflows provide progress information and support resumable transfers for unreliable networks.,/storage/media-upload-management,WebPage BreadcrumbList,"index,follow",true,Storage & Ingestion,diagram product-ui,"Content entering the library: sources (drives, S3, NAS, uploads) flowing through upload, processing and indexing into a searchable state.",,false,published,,Upload workflows provide progress information and support resumable transfers for unreliable networks.
137,Resumable Uploads,121-150 Storage and Ingestion,canonical,,Storage & Ingestion,storage-ingestion,leaf,/storage/resumable-uploads,,/storage,Home > Storage & Ingestion > Resumable Uploads,D Storage / Ingestion,storage-transfer,resumable uploads,commercial,"Explain how content gets into GetSibu and becomes searchable: sources, uploads, processing and previews.",Resumable uploads help prevent large transfers from needing to restart from the beginning after a network interruption.,Resumable: not restarting after interruption.,Uploads,136 Media Upload Management; 138 Chunked Uploads; 139 High-Volume Media Uploads; 312 Large File Performance; 141 Upload Progress; 142 Parallel Uploads,,136 Media Upload Management; 138 Chunked Uploads; 139 High-Volume Media Uploads; 312 Large File Performance,,,,0,Start free -> https://getsibu.com/signup,Bring Your Creative Assets Together -> /get-started/bring-your-creative-assets-together,Resumable Uploads | GetSibu,Resumable uploads help prevent large transfers from needing to restart from the beginning after a network interruption.,/storage/resumable-uploads,WebPage BreadcrumbList,"index,follow",true,Storage & Ingestion,diagram product-ui,"Content entering the library: sources (drives, S3, NAS, uploads) flowing through upload, processing and indexing into a searchable state.",,false,published,,Resumable uploads help prevent large transfers from needing to restart from the beginning after a network interruption.
138,Chunked Uploads,121-150 Storage and Ingestion,canonical,,Storage & Ingestion,storage-ingestion,leaf,/storage/chunked-uploads,,/storage,Home > Storage & Ingestion > Chunked Uploads,D Storage / Ingestion,storage-reliability,chunked uploads,commercial,"Explain how content gets into GetSibu and becomes searchable: sources, uploads, processing and previews.",Large files can be transferred through chunked upload workflows designed for reliability.,Chunked: transferring large files reliably.,Uploads,136 Media Upload Management; 137 Resumable Uploads; 139 High-Volume Media Uploads; 141 Upload Progress; 312 Large File Performance; 142 Parallel Uploads,,136 Media Upload Management; 137 Resumable Uploads; 139 High-Volume Media Uploads; 141 Upload Progress,,,,0,Start free -> https://getsibu.com/signup,Bring Your Creative Assets Together -> /get-started/bring-your-creative-assets-together,Chunked Uploads | GetSibu,Large files can be transferred through chunked upload workflows designed for reliability.,/storage/chunked-uploads,WebPage BreadcrumbList,"index,follow",true,Storage & Ingestion,diagram product-ui,"Content entering the library: sources (drives, S3, NAS, uploads) flowing through upload, processing and indexing into a searchable state.",,false,published,,Large files can be transferred through chunked upload workflows designed for reliability.
139,High-Volume Media Uploads,121-150 Storage and Ingestion,canonical,,Storage & Ingestion,storage-ingestion,leaf,/storage/high-volume-media-uploads,,/storage,Home > Storage & Ingestion > High-Volume Media Uploads,D Storage / Ingestion,storage-transfer,high-volume media uploads,commercial,"Explain how content gets into GetSibu and becomes searchable: sources, uploads, processing and previews.",Creative teams working with large amounts of video and imagery can use ingestion workflows designed around high-volume asset environments.,High-volume environments.,Uploads,136 Media Upload Management; 138 Chunked Uploads; 137 Resumable Uploads; 141 Upload Progress; 142 Parallel Uploads; 127 Drag and Drop Upload,,136 Media Upload Management; 138 Chunked Uploads; 137 Resumable Uploads; 141 Upload Progress,,,,0,Start free -> https://getsibu.com/signup,Bring Your Creative Assets Together -> /get-started/bring-your-creative-assets-together,High-Volume Media Uploads | GetSibu,Creative teams working with large amounts of video and imagery can use ingestion workflows designed around high-volume asset environments.,/storage/high-volume-media-uploads,WebPage BreadcrumbList,"index,follow",true,Storage & Ingestion,diagram product-ui,"Content entering the library: sources (drives, S3, NAS, uploads) flowing through upload, processing and indexing into a searchable state.",,false,published,,Creative teams working with large amounts of video and imagery can use ingestion workflows designed around high-volume asset environments.
140,10 GB File Uploads,121-150 Storage and Ingestion,canonical,,Storage & Ingestion,storage-ingestion,leaf,/storage/10-gb-file-uploads,,/storage,Home > Storage & Ingestion > 10 GB File Uploads,D Storage / Ingestion,storage-reliability,10 gb file uploads,commercial,"Explain how content gets into GetSibu and becomes searchable: sources, uploads, processing and previews.","GetSibu's stated performance positioning includes resumable uploads for files up to 10 GB, helping support large creative media files.",Large file size positioning (claim — verify before publishing).,Uploads,137 Resumable Uploads; 136 Media Upload Management; 139 High-Volume Media Uploads; 141 Upload Progress; 138 Chunked Uploads; 142 Parallel Uploads,137 Resumable Uploads,137 Resumable Uploads; 136 Media Upload Management; 139 High-Volume Media Uploads; 141 Upload Progress,,,,0,Start free -> https://getsibu.com/signup,Bring Your Creative Assets Together -> /get-started/bring-your-creative-assets-together,10 GB File Uploads | GetSibu,10 GB File Uploads: upload workflows provide progress information and support resumable transfers for unreliable networks.,/storage/10-gb-file-uploads,WebPage BreadcrumbList,"noindex,follow",false,Storage & Ingestion,diagram product-ui,"Content entering the library: sources (drives, S3, NAS, uploads) flowing through upload, processing and indexing into a searchable state.",upload-10gb,true,held,136,"GetSibu's stated performance positioning includes resumable uploads for files up to 10 GB, helping support large creative media files."
141,Upload Progress,121-150 Storage and Ingestion,canonical,,Storage & Ingestion,storage-ingestion,leaf,/storage/upload-progress,,/storage,Home > Storage & Ingestion > Upload Progress,D Storage / Ingestion,storage-transfer,upload progress,commercial,"Explain how content gets into GetSibu and becomes searchable: sources, uploads, processing and previews.",Upload progress indicators allow users to understand how many files are currently being processed.,Progress indicators.,Uploads,136 Media Upload Management; 142 Parallel Uploads; 139 High-Volume Media Uploads; 138 Chunked Uploads; 137 Resumable Uploads; 127 Drag and Drop Upload,,136 Media Upload Management; 142 Parallel Uploads; 139 High-Volume Media Uploads; 138 Chunked Uploads,,,,0,Start free -> https://getsibu.com/signup,Bring Your Creative Assets Together -> /get-started/bring-your-creative-assets-together,Upload Progress | GetSibu,Upload progress indicators allow users to understand how many files are currently being processed.,/storage/upload-progress,WebPage BreadcrumbList,"index,follow",true,Storage & Ingestion,diagram product-ui,"Content entering the library: sources (drives, S3, NAS, uploads) flowing through upload, processing and indexing into a searchable state.",,false,published,,Upload progress indicators allow users to understand how many files are currently being processed.
142,Parallel Uploads,121-150 Storage and Ingestion,canonical,,Storage & Ingestion,storage-ingestion,leaf,/storage/parallel-uploads,,/storage,Home > Storage & Ingestion > Parallel Uploads,D Storage / Ingestion,storage-reliability,parallel uploads,commercial,"Explain how content gets into GetSibu and becomes searchable: sources, uploads, processing and previews.",Parallel upload workflows can improve the efficiency of batch asset ingestion.,Parallel uploads for batch efficiency.,Uploads,136 Media Upload Management; 141 Upload Progress; 139 High-Volume Media Uploads; 138 Chunked Uploads; 137 Resumable Uploads; 127 Drag and Drop Upload,,136 Media Upload Management; 141 Upload Progress; 139 High-Volume Media Uploads; 138 Chunked Uploads,,,,0,Start free -> https://getsibu.com/signup,Bring Your Creative Assets Together -> /get-started/bring-your-creative-assets-together,Parallel Uploads | GetSibu,Parallel upload workflows can improve the efficiency of batch asset ingestion.,/storage/parallel-uploads,WebPage BreadcrumbList,"index,follow",true,Storage & Ingestion,diagram product-ui,"Content entering the library: sources (drives, S3, NAS, uploads) flowing through upload, processing and indexing into a searchable state.",,false,published,,Parallel upload workflows can improve the efficiency of batch asset ingestion.
143,Asset Processing,121-150 Storage and Ingestion,canonical,,Storage & Ingestion,storage-ingestion,leaf,/storage/asset-processing,,/storage,Home > Storage & Ingestion > Asset Processing,D Storage / Ingestion,storage-pipeline,asset processing,commercial,"Explain how content gets into GetSibu and becomes searchable: sources, uploads, processing and previews.","After upload, assets move through processing stages such as metadata extraction, thumbnail generation and AI-related processing.","The processing stages: metadata extraction, thumbnails, AI processing.",Processing,146 Asset Thumbnail Generation; 144 AI Processing Queue; 145 Media Processing Status; 21 Creative Asset Indexing; 311 Asset Processing Performance; 22 Media Metadata Management,22 Media Metadata Management; 146 Asset Thumbnail Generation,146 Asset Thumbnail Generation; 144 AI Processing Queue; 145 Media Processing Status; 21 Creative Asset Indexing,,,,0,Start free -> https://getsibu.com/signup,Bring Your Creative Assets Together -> /get-started/bring-your-creative-assets-together,Asset Processing | GetSibu,"After upload, assets move through processing stages such as metadata extraction, thumbnail generation and AI-related processing.",/storage/asset-processing,WebPage BreadcrumbList,"index,follow",true,Storage & Ingestion,diagram product-ui,"Content entering the library: sources (drives, S3, NAS, uploads) flowing through upload, processing and indexing into a searchable state.",,false,published,,"After upload, assets move through processing stages such as metadata extraction, thumbnail generation and AI-related processing."
144,AI Processing Queue,121-150 Storage and Ingestion,canonical,,Storage & Ingestion,storage-ingestion,leaf,/storage/ai-processing-queue,,/storage,Home > Storage & Ingestion > AI Processing Queue,D Storage / Ingestion,storage-transfer,ai processing queue,commercial,"Explain how content gets into GetSibu and becomes searchable: sources, uploads, processing and previews.","AI processing provides status information so users can understand whether an asset is queued, processing or ready.","AI queue states: queued, processing, ready.",Processing,143 Asset Processing; 145 Media Processing Status; 146 Asset Thumbnail Generation; 21 Creative Asset Indexing; 311 Asset Processing Performance; 142 Parallel Uploads,,143 Asset Processing; 145 Media Processing Status; 146 Asset Thumbnail Generation; 21 Creative Asset Indexing,,,,0,Start free -> https://getsibu.com/signup,Bring Your Creative Assets Together -> /get-started/bring-your-creative-assets-together,AI Processing Queue | GetSibu,"AI processing provides status information so users can understand whether an asset is queued, processing or ready.",/storage/ai-processing-queue,WebPage BreadcrumbList,"index,follow",true,Storage & Ingestion,diagram product-ui,"Content entering the library: sources (drives, S3, NAS, uploads) flowing through upload, processing and indexing into a searchable state.",,false,published,,"AI processing provides status information so users can understand whether an asset is queued, processing or ready."
145,Media Processing Status,121-150 Storage and Ingestion,canonical,,Storage & Ingestion,storage-ingestion,leaf,/storage/media-processing-status,,/storage,Home > Storage & Ingestion > Media Processing Status,D Storage / Ingestion,storage-pipeline,media processing status,commercial,"Explain how content gets into GetSibu and becomes searchable: sources, uploads, processing and previews.",Processing status helps teams distinguish between an asset that has uploaded successfully and one that is fully indexed and searchable.,Uploaded versus fully indexed and searchable.,Processing,143 Asset Processing; 21 Creative Asset Indexing; 144 AI Processing Queue; 146 Asset Thumbnail Generation; 311 Asset Processing Performance; 147 Streaming Media Preview,21 Creative Asset Indexing,143 Asset Processing; 21 Creative Asset Indexing; 144 AI Processing Queue; 146 Asset Thumbnail Generation,,,,0,Start free -> https://getsibu.com/signup,Bring Your Creative Assets Together -> /get-started/bring-your-creative-assets-together,Media Processing Status | GetSibu,Processing status helps teams distinguish between an asset that has uploaded successfully and one that is fully indexed and searchable.,/storage/media-processing-status,WebPage BreadcrumbList,"index,follow",true,Storage & Ingestion,diagram product-ui,"Content entering the library: sources (drives, S3, NAS, uploads) flowing through upload, processing and indexing into a searchable state.",,false,published,,Processing status helps teams distinguish between an asset that has uploaded successfully and one that is fully indexed and searchable.
146,Asset Thumbnail Generation,121-150 Storage and Ingestion,canonical,,Storage & Ingestion,storage-ingestion,leaf,/storage/asset-thumbnail-generation,,/storage,Home > Storage & Ingestion > Asset Thumbnail Generation,D Storage / Ingestion,storage-overview,asset thumbnail generation,commercial,"Explain how content gets into GetSibu and becomes searchable: sources, uploads, processing and previews.",Thumbnails provide fast visual previews without requiring users to download the original file.,Thumbnails for previews without downloading originals. / Thumbnails as the lightest preview (see processing).,Processing; Previews and delivery,147 Streaming Media Preview; 143 Asset Processing; 145 Media Processing Status; 144 AI Processing Queue; 21 Creative Asset Indexing; 304 CDN Asset Delivery,,147 Streaming Media Preview; 143 Asset Processing; 145 Media Processing Status; 144 AI Processing Queue,,,227 GetSibu for Content Creators,0,Start free -> https://getsibu.com/signup,Bring Your Creative Assets Together -> /get-started/bring-your-creative-assets-together,Asset Thumbnail Generation | GetSibu,Thumbnails provide fast visual previews without requiring users to download the original file.,/storage/asset-thumbnail-generation,WebPage BreadcrumbList,"index,follow",true,Storage & Ingestion,diagram product-ui,"Content entering the library: sources (drives, S3, NAS, uploads) flowing through upload, processing and indexing into a searchable state.",,false,published,,Thumbnails provide fast visual previews without requiring users to download the original file.
147,Streaming Media Preview,121-150 Storage and Ingestion,canonical,,Storage & Ingestion,storage-ingestion,leaf,/storage/streaming-media-preview,,/storage,Home > Storage & Ingestion > Streaming Media Preview,D Storage / Ingestion,storage-pipeline,streaming media preview,commercial,"Explain how content gets into GetSibu and becomes searchable: sources, uploads, processing and previews.",Streaming previews help users inspect large media files quickly without waiting for complete downloads.,In the library: inspecting large media quickly without full downloads.,Previews and delivery,146 Asset Thumbnail Generation; 306 Streaming Previews; 313 Media Preview Performance; 304 CDN Asset Delivery; 305 Edge Caching; 314 Global Asset Access,,146 Asset Thumbnail Generation; 306 Streaming Previews; 313 Media Preview Performance; 304 CDN Asset Delivery,,,,0,Start free -> https://getsibu.com/signup,Bring Your Creative Assets Together -> /get-started/bring-your-creative-assets-together,Streaming Media Preview | GetSibu,Streaming previews help users inspect large media files quickly without waiting for complete downloads.,/storage/streaming-media-preview,WebPage BreadcrumbList,"index,follow",true,Storage & Ingestion,diagram product-ui,"Content entering the library: sources (drives, S3, NAS, uploads) flowing through upload, processing and indexing into a searchable state.",,false,published,,Streaming previews help users inspect large media files quickly without waiting for complete downloads.
148,Creative Storage Management,121-150 Storage and Ingestion,canonical,,Storage & Ingestion,storage-ingestion,leaf,/storage/creative-storage-management,,/storage,Home > Storage & Ingestion > Creative Storage Management,G Analytics,analytics-view,creative storage management,commercial,Explain what a view of library activity shows and which decision it supports — without inventing figures.,"Storage analytics help organisations understand how their library is distributed across videos, images, documents and audio.","Storage management: how the library is distributed across videos, images, documents and audio.",Storage analytics,183 Storage Analytics; 149 Storage Growth Analytics; 192 Storage by Category; 209 Library Growth Reporting; 357 Storage Efficiency; 181 Creative Asset Analytics,183 Storage Analytics; 181 Creative Asset Analytics,183 Storage Analytics; 149 Storage Growth Analytics; 192 Storage by Category; 209 Library Growth Reporting,,,,0,Start free -> https://getsibu.com/signup,Bring Your Creative Assets Together -> /get-started/bring-your-creative-assets-together,Creative Storage Management | GetSibu,"Storage analytics help organisations understand how their library is distributed across videos, images, documents and audio.",/storage/creative-storage-management,WebPage BreadcrumbList,"index,follow",true,Storage & Ingestion,data-visual product-ui,"Library activity as evidence: uploads, storage by category, top tags and contributors over daily/weekly/monthly windows — with illustrative, clearly unlabelled scales.",,false,published,,"Storage analytics help organisations understand how their library is distributed across videos, images, documents and audio."
149,Storage Growth Analytics,121-150 Storage and Ingestion,canonical,,Storage & Ingestion,storage-ingestion,leaf,/storage/storage-growth-analytics,,/storage,Home > Storage & Ingestion > Storage Growth Analytics,G Analytics,analytics-trend,storage growth analytics,commercial,Explain what a view of library activity shows and which decision it supports — without inventing figures.,Storage growth analytics provides historical context around how quickly a creative library is expanding.,Historical growth of the library.,Storage analytics,183 Storage Analytics; 148 Creative Storage Management; 192 Storage by Category; 209 Library Growth Reporting; 357 Storage Efficiency; 181 Creative Asset Analytics,181 Creative Asset Analytics,183 Storage Analytics; 148 Creative Storage Management; 192 Storage by Category; 209 Library Growth Reporting,,,,0,Start free -> https://getsibu.com/signup,Bring Your Creative Assets Together -> /get-started/bring-your-creative-assets-together,Storage Growth Analytics | GetSibu,Storage growth analytics provides historical context around how quickly a creative library is expanding.,/storage/storage-growth-analytics,WebPage BreadcrumbList,"index,follow",true,Storage & Ingestion,data-visual product-ui,"Library activity as evidence: uploads, storage by category, top tags and contributors over daily/weekly/monthly windows — with illustrative, clearly unlabelled scales.",,false,published,,Storage growth analytics provides historical context around how quickly a creative library is expanding.
150,Centralised Media Storage,121-150 Storage and Ingestion,canonical,,Storage & Ingestion,storage-ingestion,leaf,/storage/centralised-media-storage,,/storage,Home > Storage & Ingestion > Centralised Media Storage,D Storage / Ingestion,storage-overview,centralised media storage,commercial,"Explain how content gets into GetSibu and becomes searchable: sources, uploads, processing and previews.",GetSibu creates a unified environment for managing creative content from multiple storage sources while retaining organisational structure and access controls.,The storage view: one environment across multiple sources that keeps organisational structure and access controls.,One central library; Storage sources,6 Centralised Creative Asset Library; 10 One Source of Truth for Creative Teams; 373 What Is a Creative Library?; 149 Storage Growth Analytics; 148 Creative Storage Management,,6 Centralised Creative Asset Library; 10 One Source of Truth for Creative Teams; 149 Storage Growth Analytics; 148 Creative Storage Management,373 What Is a Creative Library?,,,0,Start free -> https://getsibu.com/signup,Bring Your Creative Assets Together -> /get-started/bring-your-creative-assets-together,Centralised Media Storage | GetSibu,GetSibu creates a unified environment for managing creative content from multiple storage sources while retaining organisational structure and access controls.,/storage/centralised-media-storage,WebPage BreadcrumbList,"index,follow",true,Storage & Ingestion,diagram product-ui,"Content entering the library: sources (drives, S3, NAS, uploads) flowing through upload, processing and indexing into a searchable state.",,false,published,,GetSibu creates a unified environment for managing creative content from multiple storage sources while retaining organisational structure and access controls.
151,Creative Asset Permissions,151-180 Permissions and Multi-Tenancy,canonical,,Permissions & Multi-Tenancy,permissions-multi-tenancy,leaf,/permissions/creative-asset-permissions,,/permissions,Home > Permissions & Multi-Tenancy > Creative Asset Permissions,F Permissions / Security,access-model,creative asset permissions,commercial,"Explain a control precisely: who it applies to, what it restricts or protects, and how it is recorded.",GetSibu provides granular permissions so organisations can control who can access different areas of their creative library.,Overview: granular permissions across library areas.,Access control,153 Role-Based Access Control; 152 Folder-Level Permissions; 175 Team Access Management; 178 Permission Hierarchies; 154 Default-Deny Access; 155 Manager Permissions,,153 Role-Based Access Control; 152 Folder-Level Permissions; 175 Team Access Management; 178 Permission Hierarchies,371 What Is Creative Governance?,,223 GetSibu for Enterprise Marketing; 224 GetSibu for Global Brands,0,Start free -> https://getsibu.com/signup,Give Your Creative Team One Source of Truth -> /get-started/give-your-creative-team-one-source-of-truth,Creative Asset Permissions | GetSibu,GetSibu provides granular permissions so organisations can control who can access different areas of their creative library.,/permissions/creative-asset-permissions,WebPage BreadcrumbList,"index,follow",true,Permissions & Multi-Tenancy,diagram,"Who can see what: a folder tree with role scopes applied, private-by-default folders, and client tenants as separated boundaries.",,false,published,,GetSibu provides granular permissions so organisations can control who can access different areas of their creative library.
152,Folder-Level Permissions,151-180 Permissions and Multi-Tenancy,canonical,,Permissions & Multi-Tenancy,permissions-multi-tenancy,leaf,/permissions/folder-level-permissions,,/permissions,Home > Permissions & Multi-Tenancy > Folder-Level Permissions,F Permissions / Security,access-boundaries,folder-level permissions,commercial,"Explain a control precisely: who it applies to, what it restricts or protects, and how it is recorded.",Folder-level permissions allow access to be controlled at a more detailed level than organisation-wide access.,Folder-level control finer than organisation-wide access.,Access control,151 Creative Asset Permissions; 153 Role-Based Access Control; 154 Default-Deny Access; 178 Permission Hierarchies; 155 Manager Permissions; 156 Editor Permissions,151 Creative Asset Permissions,151 Creative Asset Permissions; 153 Role-Based Access Control; 154 Default-Deny Access; 178 Permission Hierarchies,,,224 GetSibu for Global Brands,0,Start free -> https://getsibu.com/signup,Give Your Creative Team One Source of Truth -> /get-started/give-your-creative-team-one-source-of-truth,Folder-Level Permissions | GetSibu,Folder-level permissions allow access to be controlled at a more detailed level than organisation-wide access.,/permissions/folder-level-permissions,WebPage BreadcrumbList,"index,follow",true,Permissions & Multi-Tenancy,diagram,"Who can see what: a folder tree with role scopes applied, private-by-default folders, and client tenants as separated boundaries.",,false,published,,Folder-level permissions allow access to be controlled at a more detailed level than organisation-wide access.
153,Role-Based Access Control,151-180 Permissions and Multi-Tenancy,canonical,,Permissions & Multi-Tenancy,permissions-multi-tenancy,leaf,/permissions/role-based-access-control,,/permissions,Home > Permissions & Multi-Tenancy > Role-Based Access Control,F Permissions / Security,access-model,role-based access control,commercial,"Explain a control precisely: who it applies to, what it restricts or protects, and how it is recorded.","Role-based access control allows organisations to define capabilities for owners, administrators, managers, editors and individual users.","Roles: owners, administrators, managers, editors, individual users.",Access control,152 Folder-Level Permissions; 154 Default-Deny Access; 151 Creative Asset Permissions; 155 Manager Permissions; 157 Individual Permissions; 178 Permission Hierarchies,,152 Folder-Level Permissions; 154 Default-Deny Access; 151 Creative Asset Permissions; 155 Manager Permissions,,,,0,Start free -> https://getsibu.com/signup,Give Your Creative Team One Source of Truth -> /get-started/give-your-creative-team-one-source-of-truth,Role-Based Access Control | GetSibu,Role-Based Access Control: GetSibu provides granular permissions so organisations can control who can access different areas of their creative library.,/permissions/role-based-access-control,WebPage BreadcrumbList,"index,follow",true,Permissions & Multi-Tenancy,diagram,"Who can see what: a folder tree with role scopes applied, private-by-default folders, and client tenants as separated boundaries.",rbac-roles,true,framed,151,"Role-based access control allows organisations to define capabilities for owners, administrators, managers, editors and individual users."
154,Default-Deny Access,151-180 Permissions and Multi-Tenancy,canonical,,Permissions & Multi-Tenancy,permissions-multi-tenancy,leaf,/permissions/default-deny-access,,/permissions,Home > Permissions & Multi-Tenancy > Default-Deny Access,F Permissions / Security,access-boundaries,default-deny access,commercial,"Explain a control precisely: who it applies to, what it restricts or protects, and how it is recorded.",New folders can remain private until access is explicitly granted.,The access model: new folders private until access is granted.,Access control,153 Role-Based Access Control; 155 Manager Permissions; 152 Folder-Level Permissions; 156 Editor Permissions; 337 Default-Deny Security; 151 Creative Asset Permissions,,153 Role-Based Access Control; 155 Manager Permissions; 152 Folder-Level Permissions; 156 Editor Permissions,,,,0,Start free -> https://getsibu.com/signup,Give Your Creative Team One Source of Truth -> /get-started/give-your-creative-team-one-source-of-truth,Default-Deny Access | GetSibu,New folders can remain private until access is explicitly granted. This creates a default-deny model rather than automatically exposing new content.,/permissions/default-deny-access,WebPage BreadcrumbList,"index,follow",true,Permissions & Multi-Tenancy,diagram,"Who can see what: a folder tree with role scopes applied, private-by-default folders, and client tenants as separated boundaries.",default-deny,false,published,,New folders can remain private until access is explicitly granted. This creates a default-deny model rather than automatically exposing new content.
155,Manager Permissions,151-180 Permissions and Multi-Tenancy,canonical,,Permissions & Multi-Tenancy,permissions-multi-tenancy,leaf,/permissions/manager-permissions,,/permissions,Home > Permissions & Multi-Tenancy > Manager Permissions,F Permissions / Security,access-model,manager permissions,commercial,"Explain a control precisely: who it applies to, what it restricts or protects, and how it is recorded.",Managers can receive access to specific folders or teams while remaining restricted from areas outside their responsibilities.,Managers scoped to their folders or teams.,Access control,153 Role-Based Access Control; 154 Default-Deny Access; 156 Editor Permissions; 157 Individual Permissions; 152 Folder-Level Permissions; 158 Organisation Admin Controls,,153 Role-Based Access Control; 154 Default-Deny Access; 156 Editor Permissions; 157 Individual Permissions,,,,0,Start free -> https://getsibu.com/signup,Give Your Creative Team One Source of Truth -> /get-started/give-your-creative-team-one-source-of-truth,Manager Permissions | GetSibu,Managers can receive access to specific folders or teams while remaining restricted from areas outside their responsibilities.,/permissions/manager-permissions,WebPage BreadcrumbList,"index,follow",true,Permissions & Multi-Tenancy,diagram,"Who can see what: a folder tree with role scopes applied, private-by-default folders, and client tenants as separated boundaries.",,false,published,,Managers can receive access to specific folders or teams while remaining restricted from areas outside their responsibilities.
156,Editor Permissions,151-180 Permissions and Multi-Tenancy,canonical,,Permissions & Multi-Tenancy,permissions-multi-tenancy,leaf,/permissions/editor-permissions,,/permissions,Home > Permissions & Multi-Tenancy > Editor Permissions,F Permissions / Security,access-boundaries,editor permissions,commercial,"Explain a control precisely: who it applies to, what it restricts or protects, and how it is recorded.",Editors can be given the access required to work with creative assets without receiving unnecessary administrative privileges.,Editors without administrative privileges.,Access control,153 Role-Based Access Control; 155 Manager Permissions; 157 Individual Permissions; 154 Default-Deny Access; 158 Organisation Admin Controls; 152 Folder-Level Permissions,,153 Role-Based Access Control; 155 Manager Permissions; 157 Individual Permissions; 154 Default-Deny Access,,,,0,Start free -> https://getsibu.com/signup,Give Your Creative Team One Source of Truth -> /get-started/give-your-creative-team-one-source-of-truth,Editor Permissions | GetSibu,Editors can be given the access required to work with creative assets without receiving unnecessary administrative privileges.,/permissions/editor-permissions,WebPage BreadcrumbList,"index,follow",true,Permissions & Multi-Tenancy,diagram,"Who can see what: a folder tree with role scopes applied, private-by-default folders, and client tenants as separated boundaries.",,false,published,,Editors can be given the access required to work with creative assets without receiving unnecessary administrative privileges.
157,Individual Permissions,151-180 Permissions and Multi-Tenancy,canonical,,Permissions & Multi-Tenancy,permissions-multi-tenancy,leaf,/permissions/individual-permissions,,/permissions,Home > Permissions & Multi-Tenancy > Individual Permissions,F Permissions / Security,access-model,individual permissions,commercial,"Explain a control precisely: who it applies to, what it restricts or protects, and how it is recorded.",Individual users can receive targeted access when organisational roles alone do not provide enough granularity.,Targeted individual access where roles are not granular enough.,Access control,153 Role-Based Access Control; 156 Editor Permissions; 158 Organisation Admin Controls; 155 Manager Permissions; 154 Default-Deny Access; 152 Folder-Level Permissions,153 Role-Based Access Control,153 Role-Based Access Control; 156 Editor Permissions; 158 Organisation Admin Controls; 155 Manager Permissions,,,,0,Start free -> https://getsibu.com/signup,Give Your Creative Team One Source of Truth -> /get-started/give-your-creative-team-one-source-of-truth,Individual Permissions | GetSibu,Individual users can receive targeted access when organisational roles alone do not provide enough granularity.,/permissions/individual-permissions,WebPage BreadcrumbList,"index,follow",true,Permissions & Multi-Tenancy,diagram,"Who can see what: a folder tree with role scopes applied, private-by-default folders, and client tenants as separated boundaries.",,false,published,,Individual users can receive targeted access when organisational roles alone do not provide enough granularity.
158,Organisation Admin Controls,151-180 Permissions and Multi-Tenancy,canonical,,Permissions & Multi-Tenancy,permissions-multi-tenancy,leaf,/permissions/organisation-admin-controls,,/permissions,Home > Permissions & Multi-Tenancy > Organisation Admin Controls,F Permissions / Security,access-boundaries,organisation admin controls,commercial,"Explain a control precisely: who it applies to, what it restricts or protects, and how it is recorded.","Organisation administrators can manage access policies, users, folders and organisational settings.","Organisation admins managing policies, users, folders and settings.",Access control,153 Role-Based Access Control; 157 Individual Permissions; 156 Editor Permissions; 155 Manager Permissions; 154 Default-Deny Access; 152 Folder-Level Permissions,,153 Role-Based Access Control; 157 Individual Permissions; 156 Editor Permissions; 155 Manager Permissions,,,,0,Start free -> https://getsibu.com/signup,Give Your Creative Team One Source of Truth -> /get-started/give-your-creative-team-one-source-of-truth,Organisation Admin Controls | GetSibu,"Organisation administrators can manage access policies, users, folders and organisational settings.",/permissions/organisation-admin-controls,WebPage BreadcrumbList,"index,follow",true,Permissions & Multi-Tenancy,diagram,"Who can see what: a folder tree with role scopes applied, private-by-default folders, and client tenants as separated boundaries.",,false,published,,"Organisation administrators can manage access policies, users, folders and organisational settings."
159,Creative Access Governance,151-180 Permissions and Multi-Tenancy,canonical,,Permissions & Multi-Tenancy,permissions-multi-tenancy,leaf,/permissions/creative-access-governance,,/permissions,Home > Permissions & Multi-Tenancy > Creative Access Governance,E Governance / Lifecycle,workflow-governance,creative access governance,commercial,"Explain how an asset moves through versions, statuses and lifecycle stages, and what record is kept.",Access governance helps organisations maintain control over sensitive creative content.,Access governance: control over sensitive content.,Governance,114 Creative Asset Governance; 179 Enterprise Asset Governance; 339 Creative Data Governance; 371 What Is Creative Governance?; 158 Organisation Admin Controls; 160 Multi-Tenant Digital Asset Management,114 Creative Asset Governance,114 Creative Asset Governance; 179 Enterprise Asset Governance; 339 Creative Data Governance; 158 Organisation Admin Controls,371 What Is Creative Governance?,,,0,Start free -> https://getsibu.com/signup,Give Your Creative Team One Source of Truth -> /get-started/give-your-creative-team-one-source-of-truth,Creative Access Governance | GetSibu,Access governance helps organisations maintain control over sensitive creative content.,/permissions/creative-access-governance,WebPage BreadcrumbList,"index,follow",true,Permissions & Multi-Tenancy,diagram,"Who can see what: a folder tree with role scopes applied, private-by-default folders, and client tenants as separated boundaries.",,false,published,,Access governance helps organisations maintain control over sensitive creative content.
160,Multi-Tenant Digital Asset Management,151-180 Permissions and Multi-Tenancy,canonical,,Permissions & Multi-Tenancy,permissions-multi-tenancy,leaf,/permissions/multi-tenant-digital-asset-management,,/permissions,Home > Permissions & Multi-Tenancy > Multi-Tenant Digital Asset Management,F Permissions / Security,access-model,multi-tenant digital asset management,commercial,"Explain a control precisely: who it applies to, what it restricts or protects, and how it is recorded.","GetSibu is designed for organisations that need multiple isolated environments, such as agencies managing multiple clients.","Overview: multiple isolated environments, such as agencies with multiple clients.",Multi-tenancy,162 Agency Multi-Tenancy; 161 Client Tenant Isolation; 164 Per-Client AI Keys; 215 GetSibu for Creative Agencies; 84 Agency Collaboration; 387 Does GetSibu Support Multiple Clients?,,162 Agency Multi-Tenancy; 161 Client Tenant Isolation; 164 Per-Client AI Keys; 84 Agency Collaboration,372 What Is Multi-Tenant DAM?,387 Does GetSibu Support Multiple Clients?,215 GetSibu for Creative Agencies,0,Start free -> https://getsibu.com/signup,Give Your Creative Team One Source of Truth -> /get-started/give-your-creative-team-one-source-of-truth,Multi-Tenant Digital Asset Management | GetSibu,"GetSibu is designed for organisations that need multiple isolated environments, such as agencies managing multiple clients.",/permissions/multi-tenant-digital-asset-management,WebPage BreadcrumbList,"index,follow",true,Permissions & Multi-Tenancy,diagram,"Who can see what: a folder tree with role scopes applied, private-by-default folders, and client tenants as separated boundaries.",multi-tenant,false,published,,"GetSibu is designed for organisations that need multiple isolated environments, such as agencies managing multiple clients."
161,Client Tenant Isolation,151-180 Permissions and Multi-Tenancy,canonical,,Permissions & Multi-Tenancy,permissions-multi-tenancy,leaf,/permissions/client-tenant-isolation,,/permissions,Home > Permissions & Multi-Tenancy > Client Tenant Isolation,F Permissions / Security,access-boundaries,client tenant isolation,commercial,"Explain a control precisely: who it applies to, what it restricts or protects, and how it is recorded.",Each client environment can remain logically isolated so that assets from one client are not mixed with another client's library.,Each client environment logically isolated.,Multi-tenancy,160 Multi-Tenant Digital Asset Management; 162 Agency Multi-Tenancy; 163 Per-Client Storage; 164 Per-Client AI Keys; 165 Per-Client Authentication; 166 White-Label Asset Management,,160 Multi-Tenant Digital Asset Management; 162 Agency Multi-Tenancy; 163 Per-Client Storage; 164 Per-Client AI Keys,372 What Is Multi-Tenant DAM?,387 Does GetSibu Support Multiple Clients?,215 GetSibu for Creative Agencies,0,Start free -> https://getsibu.com/signup,Give Your Creative Team One Source of Truth -> /get-started/give-your-creative-team-one-source-of-truth,Client Tenant Isolation | GetSibu,Each client environment can remain logically isolated so that assets from one client are not mixed with another client's library.,/permissions/client-tenant-isolation,WebPage BreadcrumbList,"index,follow",true,Permissions & Multi-Tenancy,diagram,"Who can see what: a folder tree with role scopes applied, private-by-default folders, and client tenants as separated boundaries.",multi-tenant,false,published,,Each client environment can remain logically isolated so that assets from one client are not mixed with another client's library.
162,Agency Multi-Tenancy,151-180 Permissions and Multi-Tenancy,canonical,,Permissions & Multi-Tenancy,permissions-multi-tenancy,leaf,/permissions/agency-multi-tenancy,,/permissions,Home > Permissions & Multi-Tenancy > Agency Multi-Tenancy,F Permissions / Security,access-model,agency multi-tenancy,commercial,"Explain a control precisely: who it applies to, what it restricts or protects, and how it is recorded.",Agencies can manage multiple client libraries from one platform while maintaining separation between tenants.,Agencies running many client libraries from one platform.,Multi-tenancy; Agencies and consultancies,215 GetSibu for Creative Agencies; 160 Multi-Tenant Digital Asset Management; 168 Agency Asset Management; 161 Client Tenant Isolation; 163 Per-Client Storage; 164 Per-Client AI Keys,160 Multi-Tenant Digital Asset Management,160 Multi-Tenant Digital Asset Management; 168 Agency Asset Management; 161 Client Tenant Isolation; 163 Per-Client Storage,372 What Is Multi-Tenant DAM?,387 Does GetSibu Support Multiple Clients?,215 GetSibu for Creative Agencies; 219 GetSibu for Advertising Agencies; 221 GetSibu for Brand Consultancies,0,Start free -> https://getsibu.com/signup,Give Your Creative Team One Source of Truth -> /get-started/give-your-creative-team-one-source-of-truth,Agency Multi-Tenancy | GetSibu,Agencies can manage multiple client libraries from one platform while maintaining separation between tenants.,/permissions/agency-multi-tenancy,WebPage BreadcrumbList,"index,follow",true,Permissions & Multi-Tenancy,diagram,"Who can see what: a folder tree with role scopes applied, private-by-default folders, and client tenants as separated boundaries.",multi-tenant,false,published,,Agencies can manage multiple client libraries from one platform while maintaining separation between tenants.
163,Per-Client Storage,151-180 Permissions and Multi-Tenancy,canonical,,Permissions & Multi-Tenancy,permissions-multi-tenancy,leaf,/permissions/per-client-storage,,/permissions,Home > Permissions & Multi-Tenancy > Per-Client Storage,F Permissions / Security,access-boundaries,per-client storage,commercial,"Explain a control precisely: who it applies to, what it restricts or protects, and how it is recorded.",Client environments can have their own storage allocation and asset boundaries.,Per-client storage allocation and boundaries.,Multi-tenancy,160 Multi-Tenant Digital Asset Management; 162 Agency Multi-Tenancy; 164 Per-Client AI Keys; 161 Client Tenant Isolation; 165 Per-Client Authentication; 166 White-Label Asset Management,,160 Multi-Tenant Digital Asset Management; 162 Agency Multi-Tenancy; 164 Per-Client AI Keys; 161 Client Tenant Isolation,372 What Is Multi-Tenant DAM?,387 Does GetSibu Support Multiple Clients?,215 GetSibu for Creative Agencies,0,Start free -> https://getsibu.com/signup,Give Your Creative Team One Source of Truth -> /get-started/give-your-creative-team-one-source-of-truth,Per-Client Storage | GetSibu,Client environments can have their own storage allocation and asset boundaries.,/permissions/per-client-storage,WebPage BreadcrumbList,"index,follow",true,Permissions & Multi-Tenancy,diagram,"Who can see what: a folder tree with role scopes applied, private-by-default folders, and client tenants as separated boundaries.",per-client-config,false,published,,Client environments can have their own storage allocation and asset boundaries.
164,Per-Client AI Keys,151-180 Permissions and Multi-Tenancy,canonical,,Permissions & Multi-Tenancy,permissions-multi-tenancy,leaf,/permissions/per-client-ai-keys,,/permissions,Home > Permissions & Multi-Tenancy > Per-Client AI Keys,F Permissions / Security,access-model,per-client ai keys,commercial,"Explain a control precisely: who it applies to, what it restricts or protects, and how it is recorded.",Multi-tenant configurations can support client-specific AI key management where required.,Client-specific AI key management.,Multi-tenancy,160 Multi-Tenant Digital Asset Management; 163 Per-Client Storage; 165 Per-Client Authentication; 162 Agency Multi-Tenancy; 166 White-Label Asset Management; 161 Client Tenant Isolation,160 Multi-Tenant Digital Asset Management,160 Multi-Tenant Digital Asset Management; 163 Per-Client Storage; 165 Per-Client Authentication; 162 Agency Multi-Tenancy,372 What Is Multi-Tenant DAM?,387 Does GetSibu Support Multiple Clients?,215 GetSibu for Creative Agencies,0,Start free -> https://getsibu.com/signup,Give Your Creative Team One Source of Truth -> /get-started/give-your-creative-team-one-source-of-truth,Per-Client AI Keys | GetSibu,Multi-tenant configurations can support client-specific AI key management where required.,/permissions/per-client-ai-keys,WebPage BreadcrumbList,"index,follow",true,Permissions & Multi-Tenancy,diagram,"Who can see what: a folder tree with role scopes applied, private-by-default folders, and client tenants as separated boundaries.",multi-tenant per-client-config,false,published,,Multi-tenant configurations can support client-specific AI key management where required.
165,Per-Client Authentication,151-180 Permissions and Multi-Tenancy,canonical,,Permissions & Multi-Tenancy,permissions-multi-tenancy,leaf,/permissions/per-client-authentication,,/permissions,Home > Permissions & Multi-Tenancy > Per-Client Authentication,F Permissions / Security,access-boundaries,per-client authentication,commercial,"Explain a control precisely: who it applies to, what it restricts or protects, and how it is recorded.",Client-specific authentication options can support organisations that require separate access controls for different customers.,Client-specific authentication options.,Multi-tenancy; Identity and sign-in,160 Multi-Tenant Digital Asset Management; 164 Per-Client AI Keys; 166 White-Label Asset Management; 163 Per-Client Storage; 167 Client Asset Isolation; 336 MFA,256 API Authentication,160 Multi-Tenant Digital Asset Management; 164 Per-Client AI Keys; 166 White-Label Asset Management; 163 Per-Client Storage,372 What Is Multi-Tenant DAM?,387 Does GetSibu Support Multiple Clients?,215 GetSibu for Creative Agencies,0,Start free -> https://getsibu.com/signup,Give Your Creative Team One Source of Truth -> /get-started/give-your-creative-team-one-source-of-truth,Per-Client Authentication | GetSibu,Client-specific authentication options can support organisations that require separate access controls for different customers.,/permissions/per-client-authentication,WebPage BreadcrumbList,"index,follow",true,Permissions & Multi-Tenancy,diagram,"Who can see what: a folder tree with role scopes applied, private-by-default folders, and client tenants as separated boundaries.",per-client-config,false,published,,Client-specific authentication options can support organisations that require separate access controls for different customers.
166,White-Label Asset Management,151-180 Permissions and Multi-Tenancy,canonical,,Permissions & Multi-Tenancy,permissions-multi-tenancy,leaf,/permissions/white-label-asset-management,,/permissions,Home > Permissions & Multi-Tenancy > White-Label Asset Management,F Permissions / Security,access-model,white-label asset management,commercial,"Explain a control precisely: who it applies to, what it restricts or protects, and how it is recorded.",Agencies can use a white-label approach for client-facing asset management experiences.,White-label client-facing experiences.,Multi-tenancy,160 Multi-Tenant Digital Asset Management; 165 Per-Client Authentication; 167 Client Asset Isolation; 164 Per-Client AI Keys; 168 Agency Asset Management; 163 Per-Client Storage,,160 Multi-Tenant Digital Asset Management; 165 Per-Client Authentication; 167 Client Asset Isolation; 164 Per-Client AI Keys,372 What Is Multi-Tenant DAM?,387 Does GetSibu Support Multiple Clients?,215 GetSibu for Creative Agencies,0,Start free -> https://getsibu.com/signup,Give Your Creative Team One Source of Truth -> /get-started/give-your-creative-team-one-source-of-truth,White-Label Asset Management | GetSibu,Agencies can use a white-label approach for client-facing asset management experiences.,/permissions/white-label-asset-management,WebPage BreadcrumbList,"index,follow",true,Permissions & Multi-Tenancy,diagram,"Who can see what: a folder tree with role scopes applied, private-by-default folders, and client tenants as separated boundaries.",white-label,false,published,,Agencies can use a white-label approach for client-facing asset management experiences.
167,Client Asset Isolation,151-180 Permissions and Multi-Tenancy,canonical,,Permissions & Multi-Tenancy,permissions-multi-tenancy,leaf,/permissions/client-asset-isolation,,/permissions,Home > Permissions & Multi-Tenancy > Client Asset Isolation,F Permissions / Security,access-boundaries,client asset isolation,commercial,"Explain a control precisely: who it applies to, what it restricts or protects, and how it is recorded.",Client asset isolation prevents unrelated customer libraries from being mixed within the same workflow.,Outcome: unrelated customer libraries never mixed in workflows.,Multi-tenancy,160 Multi-Tenant Digital Asset Management; 166 White-Label Asset Management; 168 Agency Asset Management; 165 Per-Client Authentication; 164 Per-Client AI Keys; 163 Per-Client Storage,,160 Multi-Tenant Digital Asset Management; 166 White-Label Asset Management; 168 Agency Asset Management; 165 Per-Client Authentication,372 What Is Multi-Tenant DAM?,387 Does GetSibu Support Multiple Clients?,215 GetSibu for Creative Agencies,0,Start free -> https://getsibu.com/signup,Give Your Creative Team One Source of Truth -> /get-started/give-your-creative-team-one-source-of-truth,Client Asset Isolation | GetSibu,Client asset isolation prevents unrelated customer libraries from being mixed within the same workflow.,/permissions/client-asset-isolation,WebPage BreadcrumbList,"index,follow",true,Permissions & Multi-Tenancy,diagram,"Who can see what: a folder tree with role scopes applied, private-by-default folders, and client tenants as separated boundaries.",multi-tenant,false,published,,Client asset isolation prevents unrelated customer libraries from being mixed within the same workflow.
168,Agency Asset Management,151-180 Permissions and Multi-Tenancy,canonical,,Permissions & Multi-Tenancy,permissions-multi-tenancy,leaf,/permissions/agency-asset-management,,/permissions,Home > Permissions & Multi-Tenancy > Agency Asset Management,F Permissions / Security,access-model,agency asset management,commercial,"Explain a control precisely: who it applies to, what it restricts or protects, and how it is recorded.",Agencies can manage creative assets for multiple customers while maintaining structured separation.,Agency asset management with structured separation.,Multi-tenancy; Agencies and consultancies,215 GetSibu for Creative Agencies; 162 Agency Multi-Tenancy; 160 Multi-Tenant Digital Asset Management; 167 Client Asset Isolation; 166 White-Label Asset Management; 165 Per-Client Authentication,,162 Agency Multi-Tenancy; 160 Multi-Tenant Digital Asset Management; 167 Client Asset Isolation; 166 White-Label Asset Management,372 What Is Multi-Tenant DAM?,387 Does GetSibu Support Multiple Clients?,215 GetSibu for Creative Agencies; 219 GetSibu for Advertising Agencies; 221 GetSibu for Brand Consultancies,0,Start free -> https://getsibu.com/signup,Give Your Creative Team One Source of Truth -> /get-started/give-your-creative-team-one-source-of-truth,Agency Asset Management | GetSibu,Agencies can manage creative assets for multiple customers while maintaining structured separation.,/permissions/agency-asset-management,WebPage BreadcrumbList,"index,follow",true,Permissions & Multi-Tenancy,diagram,"Who can see what: a folder tree with role scopes applied, private-by-default folders, and client tenants as separated boundaries.",,false,published,,Agencies can manage creative assets for multiple customers while maintaining structured separation.
169,Enterprise Permissions,151-180 Permissions and Multi-Tenancy,canonical,,Permissions & Multi-Tenancy,permissions-multi-tenancy,leaf,/permissions/enterprise-permissions,,/permissions,Home > Permissions & Multi-Tenancy > Enterprise Permissions,F Permissions / Security,access-boundaries,enterprise permissions,commercial,"Explain a control precisely: who it applies to, what it restricts or protects, and how it is recorded.","Enterprise teams can apply structured access controls across departments, projects and folders.","Enterprise: across departments, projects and folders.",Access control,153 Role-Based Access Control; 175 Team Access Management; 176 Department Access; 178 Permission Hierarchies; 158 Organisation Admin Controls; 157 Individual Permissions,,153 Role-Based Access Control; 175 Team Access Management; 176 Department Access; 178 Permission Hierarchies,,,,0,Start free -> https://getsibu.com/signup,Give Your Creative Team One Source of Truth -> /get-started/give-your-creative-team-one-source-of-truth,Enterprise Permissions | GetSibu,"Enterprise teams can apply structured access controls across departments, projects and folders.",/permissions/enterprise-permissions,WebPage BreadcrumbList,"index,follow",true,Permissions & Multi-Tenancy,diagram,"Who can see what: a folder tree with role scopes applied, private-by-default folders, and client tenants as separated boundaries.",,false,published,,"Enterprise teams can apply structured access controls across departments, projects and folders."
170,Permission Auditing,151-180 Permissions and Multi-Tenancy,canonical,,Permissions & Multi-Tenancy,permissions-multi-tenancy,leaf,/permissions/permission-auditing,,/permissions,Home > Permissions & Multi-Tenancy > Permission Auditing,F Permissions / Security,access-model,permission auditing,commercial,"Explain a control precisely: who it applies to, what it restricts or protects, and how it is recorded.","Changes to permissions can be recorded in the audit history, creating accountability around access management.",Permission changes recorded. / Permission changes recorded in audit history.,Audit trail and history; Access history and maps,171 Access History; 326 Audit Logs; 119 Asset Audit Trail; 173 Folder Access Maps; 197 Asset Access Analytics; 198 Folder Access Analytics,151 Creative Asset Permissions; 326 Audit Logs,171 Access History; 326 Audit Logs; 119 Asset Audit Trail; 173 Folder Access Maps,,,,0,Start free -> https://getsibu.com/signup,Give Your Creative Team One Source of Truth -> /get-started/give-your-creative-team-one-source-of-truth,Permission Auditing | GetSibu,"Changes to permissions can be recorded in the audit history, creating accountability around access management.",/permissions/permission-auditing,WebPage BreadcrumbList,"index,follow",true,Permissions & Multi-Tenancy,diagram,"Who can see what: a folder tree with role scopes applied, private-by-default folders, and client tenants as separated boundaries.",,false,published,,"Changes to permissions can be recorded in the audit history, creating accountability around access management."
171,Access History,151-180 Permissions and Multi-Tenancy,canonical,,Permissions & Multi-Tenancy,permissions-multi-tenancy,leaf,/permissions/access-history,,/permissions,Home > Permissions & Multi-Tenancy > Access History,F Permissions / Security,access-boundaries,access history,commercial,"Explain a control precisely: who it applies to, what it restricts or protects, and how it is recorded.",Access history provides information about important user interactions with the library.,Important user interactions with the library.,Access history and maps,170 Permission Auditing; 173 Folder Access Maps; 197 Asset Access Analytics; 198 Folder Access Analytics; 172 Secure Asset Sharing; 169 Enterprise Permissions,,170 Permission Auditing; 173 Folder Access Maps; 197 Asset Access Analytics; 198 Folder Access Analytics,,,,0,Start free -> https://getsibu.com/signup,Give Your Creative Team One Source of Truth -> /get-started/give-your-creative-team-one-source-of-truth,Access History | GetSibu,Access history provides information about important user interactions with the library.,/permissions/access-history,WebPage BreadcrumbList,"index,follow",true,Permissions & Multi-Tenancy,diagram,"Who can see what: a folder tree with role scopes applied, private-by-default folders, and client tenants as separated boundaries.",,false,published,,Access history provides information about important user interactions with the library.
172,Secure Asset Sharing,151-180 Permissions and Multi-Tenancy,canonical,,Permissions & Multi-Tenancy,permissions-multi-tenancy,leaf,/permissions/secure-asset-sharing,,/permissions,Home > Permissions & Multi-Tenancy > Secure Asset Sharing,F Permissions / Security,access-model,secure asset sharing,commercial,"Explain a control precisely: who it applies to, what it restricts or protects, and how it is recorded.",Asset sharing can be controlled through permissions rather than relying only on unrestricted links.,,Secure sharing and collaboration,180 Secure Creative Collaboration; 174 Creative Security Controls; 151 Creative Asset Permissions; 171 Access History; 173 Folder Access Maps; 170 Permission Auditing,151 Creative Asset Permissions,180 Secure Creative Collaboration; 174 Creative Security Controls; 151 Creative Asset Permissions; 171 Access History,,,,0,Start free -> https://getsibu.com/signup,Give Your Creative Team One Source of Truth -> /get-started/give-your-creative-team-one-source-of-truth,Secure Asset Sharing | GetSibu,Asset sharing can be controlled through permissions rather than relying only on unrestricted links.,/permissions/secure-asset-sharing,WebPage BreadcrumbList,"index,follow",true,Permissions & Multi-Tenancy,diagram,"Who can see what: a folder tree with role scopes applied, private-by-default folders, and client tenants as separated boundaries.",,false,published,,Asset sharing can be controlled through permissions rather than relying only on unrestricted links.
173,Folder Access Maps,151-180 Permissions and Multi-Tenancy,canonical,,Permissions & Multi-Tenancy,permissions-multi-tenancy,leaf,/permissions/folder-access-maps,,/permissions,Home > Permissions & Multi-Tenancy > Folder Access Maps,G Analytics,analytics-view,folder access maps,commercial,Explain what a view of library activity shows and which decision it supports — without inventing figures.,Analytics can help organisations understand how folders are accessed across their teams.,Permissions angle: how folders are accessed across teams.,Access history and maps,171 Access History; 170 Permission Auditing; 197 Asset Access Analytics; 198 Folder Access Analytics; 181 Creative Asset Analytics; 172 Secure Asset Sharing,181 Creative Asset Analytics,171 Access History; 170 Permission Auditing; 197 Asset Access Analytics; 198 Folder Access Analytics,,,,0,Start free -> https://getsibu.com/signup,Give Your Creative Team One Source of Truth -> /get-started/give-your-creative-team-one-source-of-truth,Folder Access Maps | GetSibu,Analytics can help organisations understand how folders are accessed across their teams.,/permissions/folder-access-maps,WebPage BreadcrumbList,"index,follow",true,Permissions & Multi-Tenancy,data-visual product-ui,"Library activity as evidence: uploads, storage by category, top tags and contributors over daily/weekly/monthly windows — with illustrative, clearly unlabelled scales.",,false,published,,Analytics can help organisations understand how folders are accessed across their teams.
174,Creative Security Controls,151-180 Permissions and Multi-Tenancy,canonical,,Permissions & Multi-Tenancy,permissions-multi-tenancy,leaf,/permissions/creative-security-controls,,/permissions,Home > Permissions & Multi-Tenancy > Creative Security Controls,F Permissions / Security,access-assurance,creative security controls,commercial,"Explain a control precisely: who it applies to, what it restricts or protects, and how it is recorded.",Security controls help protect creative assets from unnecessary or unauthorised access.,Controls against unnecessary or unauthorised access.,Secure sharing and collaboration; Security foundations,180 Secure Creative Collaboration; 321 GetSibu Security; 172 Secure Asset Sharing; 323 Secret Encryption; 324 Tenant Isolation; 325 RBAC Security,,180 Secure Creative Collaboration; 321 GetSibu Security; 172 Secure Asset Sharing; 323 Secret Encryption,,,,0,Start free -> https://getsibu.com/signup,Give Your Creative Team One Source of Truth -> /get-started/give-your-creative-team-one-source-of-truth,Creative Security Controls | GetSibu,Security controls help protect creative assets from unnecessary or unauthorised access.,/permissions/creative-security-controls,WebPage BreadcrumbList,"index,follow",true,Permissions & Multi-Tenancy,diagram,"Who can see what: a folder tree with role scopes applied, private-by-default folders, and client tenants as separated boundaries.",,false,published,,Security controls help protect creative assets from unnecessary or unauthorised access.
175,Team Access Management,151-180 Permissions and Multi-Tenancy,canonical,,Permissions & Multi-Tenancy,permissions-multi-tenancy,leaf,/permissions/team-access-management,,/permissions,Home > Permissions & Multi-Tenancy > Team Access Management,F Permissions / Security,access-model,team access management,commercial,"Explain a control precisely: who it applies to, what it restricts or protects, and how it is recorded.",Team-based access allows organisations to establish consistent permissions across groups of users.,Team-based consistency.,Access control,151 Creative Asset Permissions; 153 Role-Based Access Control; 176 Department Access; 178 Permission Hierarchies; 169 Enterprise Permissions; 158 Organisation Admin Controls,151 Creative Asset Permissions,151 Creative Asset Permissions; 153 Role-Based Access Control; 176 Department Access; 178 Permission Hierarchies,,,,0,Start free -> https://getsibu.com/signup,Give Your Creative Team One Source of Truth -> /get-started/give-your-creative-team-one-source-of-truth,Team Access Management | GetSibu,Team-based access allows organisations to establish consistent permissions across groups of users.,/permissions/team-access-management,WebPage BreadcrumbList,"index,follow",true,Permissions & Multi-Tenancy,diagram,"Who can see what: a folder tree with role scopes applied, private-by-default folders, and client tenants as separated boundaries.",,false,published,,Team-based access allows organisations to establish consistent permissions across groups of users.
176,Department Access,151-180 Permissions and Multi-Tenancy,canonical,,Permissions & Multi-Tenancy,permissions-multi-tenancy,leaf,/permissions/department-access,,/permissions,Home > Permissions & Multi-Tenancy > Department Access,F Permissions / Security,access-boundaries,department access,commercial,"Explain a control precisely: who it applies to, what it restricts or protects, and how it is recorded.",Departments can receive access to only the creative libraries relevant to their work.,Departments limited to relevant libraries.,Access control,153 Role-Based Access Control; 175 Team Access Management; 178 Permission Hierarchies; 169 Enterprise Permissions; 158 Organisation Admin Controls; 157 Individual Permissions,,153 Role-Based Access Control; 175 Team Access Management; 178 Permission Hierarchies; 169 Enterprise Permissions,,,,0,Start free -> https://getsibu.com/signup,Give Your Creative Team One Source of Truth -> /get-started/give-your-creative-team-one-source-of-truth,Department Access | GetSibu,Departments can receive access to only the creative libraries relevant to their work.,/permissions/department-access,WebPage BreadcrumbList,"index,follow",true,Permissions & Multi-Tenancy,diagram,"Who can see what: a folder tree with role scopes applied, private-by-default folders, and client tenants as separated boundaries.",,false,published,,Departments can receive access to only the creative libraries relevant to their work.
177,Client Workspace Access,151-180 Permissions and Multi-Tenancy,canonical,,Permissions & Multi-Tenancy,permissions-multi-tenancy,leaf,/permissions/client-workspace-access,,/permissions,Home > Permissions & Multi-Tenancy > Client Workspace Access,F Permissions / Security,access-model,client workspace access,commercial,"Explain a control precisely: who it applies to, what it restricts or protects, and how it is recorded.",Client-specific workspaces help agencies organise and isolate customer content.,Client workspaces as the organising unit.,Multi-tenancy,160 Multi-Tenant Digital Asset Management; 168 Agency Asset Management; 167 Client Asset Isolation; 166 White-Label Asset Management; 165 Per-Client Authentication; 164 Per-Client AI Keys,,160 Multi-Tenant Digital Asset Management; 168 Agency Asset Management; 167 Client Asset Isolation; 166 White-Label Asset Management,372 What Is Multi-Tenant DAM?,387 Does GetSibu Support Multiple Clients?,215 GetSibu for Creative Agencies,0,Start free -> https://getsibu.com/signup,Give Your Creative Team One Source of Truth -> /get-started/give-your-creative-team-one-source-of-truth,Client Workspace Access | GetSibu,Client-specific workspaces help agencies organise and isolate customer content.,/permissions/client-workspace-access,WebPage BreadcrumbList,"index,follow",true,Permissions & Multi-Tenancy,diagram,"Who can see what: a folder tree with role scopes applied, private-by-default folders, and client tenants as separated boundaries.",,false,published,,Client-specific workspaces help agencies organise and isolate customer content.
178,Permission Hierarchies,151-180 Permissions and Multi-Tenancy,canonical,,Permissions & Multi-Tenancy,permissions-multi-tenancy,leaf,/permissions/permission-hierarchies,,/permissions,Home > Permissions & Multi-Tenancy > Permission Hierarchies,F Permissions / Security,access-boundaries,permission hierarchies,commercial,"Explain a control precisely: who it applies to, what it restricts or protects, and how it is recorded.",Hierarchical permissions allow organisations to combine broad organisational roles with more detailed folder-level controls.,Hierarchies: broad roles combined with folder controls.,Access control,153 Role-Based Access Control; 152 Folder-Level Permissions; 151 Creative Asset Permissions; 176 Department Access; 175 Team Access Management; 169 Enterprise Permissions,151 Creative Asset Permissions; 153 Role-Based Access Control; 152 Folder-Level Permissions,153 Role-Based Access Control; 152 Folder-Level Permissions; 151 Creative Asset Permissions; 176 Department Access,,,,0,Start free -> https://getsibu.com/signup,Give Your Creative Team One Source of Truth -> /get-started/give-your-creative-team-one-source-of-truth,Permission Hierarchies | GetSibu,Hierarchical permissions allow organisations to combine broad organisational roles with more detailed folder-level controls.,/permissions/permission-hierarchies,WebPage BreadcrumbList,"index,follow",true,Permissions & Multi-Tenancy,diagram,"Who can see what: a folder tree with role scopes applied, private-by-default folders, and client tenants as separated boundaries.",,false,published,,Hierarchical permissions allow organisations to combine broad organisational roles with more detailed folder-level controls.
179,Enterprise Asset Governance,151-180 Permissions and Multi-Tenancy,canonical,,Permissions & Multi-Tenancy,permissions-multi-tenancy,leaf,/permissions/enterprise-asset-governance,,/permissions,Home > Permissions & Multi-Tenancy > Enterprise Asset Governance,E Governance / Lifecycle,workflow-states,enterprise asset governance,commercial,"Explain how an asset moves through versions, statuses and lifecycle stages, and what record is kept.","Enterprise governance combines roles, permissions, audit logs, authentication and organisational policies.","Enterprise governance: roles, permissions, audit logs, authentication and policies combined.",Governance,114 Creative Asset Governance; 159 Creative Access Governance; 339 Creative Data Governance; 371 What Is Creative Governance?; 153 Role-Based Access Control; 151 Creative Asset Permissions,114 Creative Asset Governance; 153 Role-Based Access Control; 151 Creative Asset Permissions; 326 Audit Logs; 256 API Authentication,114 Creative Asset Governance; 159 Creative Access Governance; 339 Creative Data Governance; 153 Role-Based Access Control,371 What Is Creative Governance?,,,0,Start free -> https://getsibu.com/signup,Give Your Creative Team One Source of Truth -> /get-started/give-your-creative-team-one-source-of-truth,Enterprise Asset Governance | GetSibu,"Enterprise governance combines roles, permissions, audit logs, authentication and organisational policies.",/permissions/enterprise-asset-governance,WebPage BreadcrumbList,"index,follow",true,Permissions & Multi-Tenancy,diagram,"Who can see what: a folder tree with role scopes applied, private-by-default folders, and client tenants as separated boundaries.",,false,published,,"Enterprise governance combines roles, permissions, audit logs, authentication and organisational policies."
180,Secure Creative Collaboration,151-180 Permissions and Multi-Tenancy,canonical,,Permissions & Multi-Tenancy,permissions-multi-tenancy,leaf,/permissions/secure-creative-collaboration,,/permissions,Home > Permissions & Multi-Tenancy > Secure Creative Collaboration,F Permissions / Security,access-model,secure creative collaboration,commercial,"Explain a control precisely: who it applies to, what it restricts or protects, and how it is recorded.",GetSibu combines collaboration with permissions so teams can work together without sacrificing control over sensitive assets.,,Secure sharing and collaboration,174 Creative Security Controls; 172 Secure Asset Sharing; 151 Creative Asset Permissions; 179 Enterprise Asset Governance; 178 Permission Hierarchies,151 Creative Asset Permissions,174 Creative Security Controls; 172 Secure Asset Sharing; 151 Creative Asset Permissions; 179 Enterprise Asset Governance,,,,0,Start free -> https://getsibu.com/signup,Give Your Creative Team One Source of Truth -> /get-started/give-your-creative-team-one-source-of-truth,Secure Creative Collaboration | GetSibu,GetSibu combines collaboration with permissions so teams can work together without sacrificing control over sensitive assets.,/permissions/secure-creative-collaboration,WebPage BreadcrumbList,"index,follow",true,Permissions & Multi-Tenancy,diagram,"Who can see what: a folder tree with role scopes applied, private-by-default folders, and client tenants as separated boundaries.",,false,published,,GetSibu combines collaboration with permissions so teams can work together without sacrificing control over sensitive assets.
181,Creative Asset Analytics,181-210 Analytics,canonical,,Analytics,analytics,leaf,/analytics/creative-asset-analytics,,/analytics,Home > Analytics > Creative Asset Analytics,G Analytics,analytics-view,creative asset analytics,commercial,Explain what a view of library activity shows and which decision it supports — without inventing figures.,"GetSibu analytics provide visibility into uploads, comments, storage, contributors, tags and other library activity.","Overview: uploads, comments, storage, contributors, tags and activity.",Library analytics,185 Contributor Analytics; 184 Upload Analytics; 186 Tag Analytics; 194 Top Contributors; 196 Library Health Analytics; 191 Asset Activity Dashboard,62 Asset Comments; 185 Contributor Analytics,185 Contributor Analytics; 184 Upload Analytics; 186 Tag Analytics; 194 Top Contributors,,,223 GetSibu for Enterprise Marketing,0,Start free -> https://getsibu.com/signup,Scale Your Creative Library -> /get-started/scale-your-creative-library,Creative Asset Analytics | GetSibu,"GetSibu analytics provide visibility into uploads, comments, storage, contributors, tags and other library activity.",/analytics/creative-asset-analytics,WebPage BreadcrumbList,"index,follow",true,Analytics,data-visual product-ui,"Library activity as evidence: uploads, storage by category, top tags and contributors over daily/weekly/monthly windows — with illustrative, clearly unlabelled scales.",,false,published,,"GetSibu analytics provide visibility into uploads, comments, storage, contributors, tags and other library activity."
182,Asset Usage Analytics,181-210 Analytics,canonical,,Analytics,analytics,leaf,/analytics/asset-usage-analytics,,/analytics,Home > Analytics > Asset Usage Analytics,G Analytics,analytics-questions,asset usage analytics,commercial,Explain what a view of library activity shows and which decision it supports — without inventing figures.,Usage analytics help teams understand which assets receive attention and which remain underused.,Analytics angle: attention and under-use.,Usage tracking,106 Asset Usage Tracking; 197 Asset Access Analytics; 204 Asset Performance Insights; 181 Creative Asset Analytics; 183 Storage Analytics; 184 Upload Analytics,181 Creative Asset Analytics,106 Asset Usage Tracking; 197 Asset Access Analytics; 204 Asset Performance Insights; 181 Creative Asset Analytics,,,,0,Start free -> https://getsibu.com/signup,Scale Your Creative Library -> /get-started/scale-your-creative-library,Asset Usage Analytics | GetSibu,Usage analytics help teams understand which assets receive attention and which remain underused.,/analytics/asset-usage-analytics,WebPage BreadcrumbList,"index,follow",true,Analytics,data-visual product-ui,"Library activity as evidence: uploads, storage by category, top tags and contributors over daily/weekly/monthly windows — with illustrative, clearly unlabelled scales.",,false,published,,Usage analytics help teams understand which assets receive attention and which remain underused.
183,Storage Analytics,181-210 Analytics,canonical,,Analytics,analytics,leaf,/analytics/storage-analytics,,/analytics,Home > Analytics > Storage Analytics,G Analytics,analytics-view,storage analytics,commercial,Explain what a view of library activity shows and which decision it supports — without inventing figures.,Storage analytics provide a view of how much space different asset categories consume.,Analytics view: space consumed per asset category.,Storage analytics,148 Creative Storage Management; 357 Storage Efficiency; 192 Storage by Category; 209 Library Growth Reporting; 149 Storage Growth Analytics; 181 Creative Asset Analytics,181 Creative Asset Analytics,148 Creative Storage Management; 192 Storage by Category; 209 Library Growth Reporting; 149 Storage Growth Analytics,,,,0,Start free -> https://getsibu.com/signup,Scale Your Creative Library -> /get-started/scale-your-creative-library,Storage Analytics | GetSibu,Storage analytics provide a view of how much space different asset categories consume.,/analytics/storage-analytics,WebPage BreadcrumbList,"index,follow",true,Analytics,data-visual product-ui,"Library activity as evidence: uploads, storage by category, top tags and contributors over daily/weekly/monthly windows — with illustrative, clearly unlabelled scales.",,false,published,,Storage analytics provide a view of how much space different asset categories consume.
184,Upload Analytics,181-210 Analytics,canonical,,Analytics,analytics,leaf,/analytics/upload-analytics,,/analytics,Home > Analytics > Upload Analytics,G Analytics,analytics-questions,upload analytics,commercial,Explain what a view of library activity shows and which decision it supports — without inventing figures.,Upload analytics show how much new content is entering the library over time.,New content entering over time.,Library analytics,181 Creative Asset Analytics; 185 Contributor Analytics; 186 Tag Analytics; 191 Asset Activity Dashboard; 193 Most Searched Tags; 194 Top Contributors,181 Creative Asset Analytics,181 Creative Asset Analytics; 185 Contributor Analytics; 186 Tag Analytics; 191 Asset Activity Dashboard,,,,0,Start free -> https://getsibu.com/signup,Scale Your Creative Library -> /get-started/scale-your-creative-library,Upload Analytics | GetSibu,Upload analytics show how much new content is entering the library over time.,/analytics/upload-analytics,WebPage BreadcrumbList,"index,follow",true,Analytics,data-visual product-ui,"Library activity as evidence: uploads, storage by category, top tags and contributors over daily/weekly/monthly windows — with illustrative, clearly unlabelled scales.",,false,published,,Upload analytics show how much new content is entering the library over time.
185,Contributor Analytics,181-210 Analytics,canonical,,Analytics,analytics,leaf,/analytics/contributor-analytics,,/analytics,Home > Analytics > Contributor Analytics,G Analytics,analytics-view,contributor analytics,commercial,Explain what a view of library activity shows and which decision it supports — without inventing figures.,Contributor analytics help organisations understand who is adding content and participating in library activity.,Who adds content and participates.,Library analytics,181 Creative Asset Analytics; 184 Upload Analytics; 186 Tag Analytics; 191 Asset Activity Dashboard; 193 Most Searched Tags; 194 Top Contributors,181 Creative Asset Analytics,181 Creative Asset Analytics; 184 Upload Analytics; 186 Tag Analytics; 191 Asset Activity Dashboard,,,,0,Start free -> https://getsibu.com/signup,Scale Your Creative Library -> /get-started/scale-your-creative-library,Contributor Analytics | GetSibu,Contributor analytics help organisations understand who is adding content and participating in library activity.,/analytics/contributor-analytics,WebPage BreadcrumbList,"index,follow",true,Analytics,data-visual product-ui,"Library activity as evidence: uploads, storage by category, top tags and contributors over daily/weekly/monthly windows — with illustrative, clearly unlabelled scales.",,false,published,,Contributor analytics help organisations understand who is adding content and participating in library activity.
186,Tag Analytics,181-210 Analytics,canonical,,Analytics,analytics,leaf,/analytics/tag-analytics,,/analytics,Home > Analytics > Tag Analytics,G Analytics,analytics-questions,tag analytics,commercial,Explain what a view of library activity shows and which decision it supports — without inventing figures.,"Tag analytics identify frequently used or searched tags, helping teams understand how their library is being discovered.",Frequently used or searched tags and how the library is discovered.,Library analytics,181 Creative Asset Analytics; 185 Contributor Analytics; 184 Upload Analytics; 191 Asset Activity Dashboard; 193 Most Searched Tags; 194 Top Contributors,181 Creative Asset Analytics,181 Creative Asset Analytics; 185 Contributor Analytics; 184 Upload Analytics; 191 Asset Activity Dashboard,,,,0,Start free -> https://getsibu.com/signup,Scale Your Creative Library -> /get-started/scale-your-creative-library,Tag Analytics | GetSibu,"Tag analytics identify frequently used or searched tags, helping teams understand how their library is being discovered.",/analytics/tag-analytics,WebPage BreadcrumbList,"index,follow",true,Analytics,data-visual product-ui,"Library activity as evidence: uploads, storage by category, top tags and contributors over daily/weekly/monthly windows — with illustrative, clearly unlabelled scales.",,false,published,,"Tag analytics identify frequently used or searched tags, helping teams understand how their library is being discovered."
187,Creative Library Trends,181-210 Analytics,canonical,,Analytics,analytics,leaf,/analytics/creative-library-trends,,/analytics,Home > Analytics > Creative Library Trends,G Analytics,analytics-trend,creative library trends,commercial,Explain what a view of library activity shows and which decision it supports — without inventing figures.,Trend analysis helps organisations understand how their digital asset library changes over time.,,"Daily, weekly and monthly analytics",188 Daily Library Analytics; 189 Weekly Library Analytics; 190 Monthly Library Analytics; 186 Tag Analytics; 185 Contributor Analytics,,188 Daily Library Analytics; 189 Weekly Library Analytics; 190 Monthly Library Analytics; 186 Tag Analytics,,,,0,Start free -> https://getsibu.com/signup,Scale Your Creative Library -> /get-started/scale-your-creative-library,Creative Library Trends | GetSibu,Trend analysis helps organisations understand how their digital asset library changes over time.,/analytics/creative-library-trends,WebPage BreadcrumbList,"index,follow",true,Analytics,data-visual product-ui,"Library activity as evidence: uploads, storage by category, top tags and contributors over daily/weekly/monthly windows — with illustrative, clearly unlabelled scales.",,false,published,,Trend analysis helps organisations understand how their digital asset library changes over time.
188,Daily Library Analytics,181-210 Analytics,canonical,,Analytics,analytics,leaf,/analytics/daily-library-analytics,,/analytics,Home > Analytics > Daily Library Analytics,G Analytics,analytics-view,daily library analytics,commercial,Explain what a view of library activity shows and which decision it supports — without inventing figures.,"Daily analytics provide a short-term view of uploads, comments and storage activity.",,"Daily, weekly and monthly analytics",187 Creative Library Trends; 189 Weekly Library Analytics; 190 Monthly Library Analytics; 181 Creative Asset Analytics; 62 Asset Comments; 186 Tag Analytics,181 Creative Asset Analytics; 62 Asset Comments,187 Creative Library Trends; 189 Weekly Library Analytics; 190 Monthly Library Analytics; 181 Creative Asset Analytics,,,,0,Start free -> https://getsibu.com/signup,Scale Your Creative Library -> /get-started/scale-your-creative-library,Daily Library Analytics | GetSibu,"Daily analytics provide a short-term view of uploads, comments and storage activity.",/analytics/daily-library-analytics,WebPage BreadcrumbList,"index,follow",true,Analytics,data-visual product-ui,"Library activity as evidence: uploads, storage by category, top tags and contributors over daily/weekly/monthly windows — with illustrative, clearly unlabelled scales.",,false,published,,"Daily analytics provide a short-term view of uploads, comments and storage activity."
189,Weekly Library Analytics,181-210 Analytics,canonical,,Analytics,analytics,leaf,/analytics/weekly-library-analytics,,/analytics,Home > Analytics > Weekly Library Analytics,G Analytics,analytics-trend,weekly library analytics,commercial,Explain what a view of library activity shows and which decision it supports — without inventing figures.,Weekly analytics provide a broader perspective on library growth and usage.,,"Daily, weekly and monthly analytics",187 Creative Library Trends; 188 Daily Library Analytics; 190 Monthly Library Analytics; 181 Creative Asset Analytics; 191 Asset Activity Dashboard,181 Creative Asset Analytics,187 Creative Library Trends; 188 Daily Library Analytics; 190 Monthly Library Analytics; 181 Creative Asset Analytics,,,,0,Start free -> https://getsibu.com/signup,Scale Your Creative Library -> /get-started/scale-your-creative-library,Weekly Library Analytics | GetSibu,Weekly analytics provide a broader perspective on library growth and usage.,/analytics/weekly-library-analytics,WebPage BreadcrumbList,"index,follow",true,Analytics,data-visual product-ui,"Library activity as evidence: uploads, storage by category, top tags and contributors over daily/weekly/monthly windows — with illustrative, clearly unlabelled scales.",,false,published,,Weekly analytics provide a broader perspective on library growth and usage.
190,Monthly Library Analytics,181-210 Analytics,canonical,,Analytics,analytics,leaf,/analytics/monthly-library-analytics,,/analytics,Home > Analytics > Monthly Library Analytics,G Analytics,analytics-view,monthly library analytics,commercial,Explain what a view of library activity shows and which decision it supports — without inventing figures.,Monthly analytics help organisations identify longer-term asset management trends.,,"Daily, weekly and monthly analytics",187 Creative Library Trends; 189 Weekly Library Analytics; 188 Daily Library Analytics; 181 Creative Asset Analytics; 191 Asset Activity Dashboard; 192 Storage by Category,181 Creative Asset Analytics,187 Creative Library Trends; 189 Weekly Library Analytics; 188 Daily Library Analytics; 181 Creative Asset Analytics,,,,0,Start free -> https://getsibu.com/signup,Scale Your Creative Library -> /get-started/scale-your-creative-library,Monthly Library Analytics | GetSibu,Monthly analytics help organisations identify longer-term asset management trends.,/analytics/monthly-library-analytics,WebPage BreadcrumbList,"index,follow",true,Analytics,data-visual product-ui,"Library activity as evidence: uploads, storage by category, top tags and contributors over daily/weekly/monthly windows — with illustrative, clearly unlabelled scales.",,false,published,,Monthly analytics help organisations identify longer-term asset management trends.
191,Asset Activity Dashboard,181-210 Analytics,canonical,,Analytics,analytics,leaf,/analytics/asset-activity-dashboard,,/analytics,Home > Analytics > Asset Activity Dashboard,G Analytics,analytics-questions,asset activity dashboard,commercial,Explain what a view of library activity shows and which decision it supports — without inventing figures.,The asset activity dashboard provides a visual overview of important library interactions.,The dashboard as a visual overview.,Library analytics,181 Creative Asset Analytics; 193 Most Searched Tags; 194 Top Contributors; 186 Tag Analytics; 196 Library Health Analytics; 185 Contributor Analytics,,181 Creative Asset Analytics; 193 Most Searched Tags; 194 Top Contributors; 186 Tag Analytics,,,,0,Start free -> https://getsibu.com/signup,Scale Your Creative Library -> /get-started/scale-your-creative-library,Asset Activity Dashboard | GetSibu,The asset activity dashboard provides a visual overview of important library interactions.,/analytics/asset-activity-dashboard,WebPage BreadcrumbList,"index,follow",true,Analytics,data-visual product-ui,"Library activity as evidence: uploads, storage by category, top tags and contributors over daily/weekly/monthly windows — with illustrative, clearly unlabelled scales.",,false,published,,The asset activity dashboard provides a visual overview of important library interactions.
192,Storage by Category,181-210 Analytics,canonical,,Analytics,analytics,leaf,/analytics/storage-by-category,,/analytics,Home > Analytics > Storage by Category,G Analytics,analytics-view,storage by category,commercial,Explain what a view of library activity shows and which decision it supports — without inventing figures.,"Storage can be analysed according to categories such as video, image, document and audio.","The category breakdown itself (video, image, document, audio).",Storage analytics,183 Storage Analytics; 209 Library Growth Reporting; 149 Storage Growth Analytics; 148 Creative Storage Management; 357 Storage Efficiency; 191 Asset Activity Dashboard,,183 Storage Analytics; 209 Library Growth Reporting; 149 Storage Growth Analytics; 148 Creative Storage Management,,,,0,Start free -> https://getsibu.com/signup,Scale Your Creative Library -> /get-started/scale-your-creative-library,Storage by Category | GetSibu,"Storage can be analysed according to categories such as video, image, document and audio.",/analytics/storage-by-category,WebPage BreadcrumbList,"index,follow",true,Analytics,data-visual product-ui,"Library activity as evidence: uploads, storage by category, top tags and contributors over daily/weekly/monthly windows — with illustrative, clearly unlabelled scales.",,false,published,,"Storage can be analysed according to categories such as video, image, document and audio."
193,Most Searched Tags,181-210 Analytics,canonical,,Analytics,analytics,leaf,/analytics/most-searched-tags,,/analytics,Home > Analytics > Most Searched Tags,G Analytics,analytics-questions,most searched tags,commercial,Explain what a view of library activity shows and which decision it supports — without inventing figures.,Most-searched tags provide insight into what users are frequently looking for.,"What users look for most, as a search-demand signal.",Library analytics,181 Creative Asset Analytics; 194 Top Contributors; 191 Asset Activity Dashboard; 196 Library Health Analytics; 186 Tag Analytics; 185 Contributor Analytics,,181 Creative Asset Analytics; 194 Top Contributors; 191 Asset Activity Dashboard; 196 Library Health Analytics,,,,0,Start free -> https://getsibu.com/signup,Scale Your Creative Library -> /get-started/scale-your-creative-library,Most Searched Tags | GetSibu,Most-searched tags provide insight into what users are frequently looking for.,/analytics/most-searched-tags,WebPage BreadcrumbList,"index,follow",true,Analytics,data-visual product-ui,"Library activity as evidence: uploads, storage by category, top tags and contributors over daily/weekly/monthly windows — with illustrative, clearly unlabelled scales.",,false,published,,Most-searched tags provide insight into what users are frequently looking for.
194,Top Contributors,181-210 Analytics,canonical,,Analytics,analytics,leaf,/analytics/top-contributors,,/analytics,Home > Analytics > Top Contributors,G Analytics,analytics-view,top contributors,commercial,Explain what a view of library activity shows and which decision it supports — without inventing figures.,Top contributor analytics show which users contribute the most content or activity.,Ranking of the most active contributors.,Library analytics,181 Creative Asset Analytics; 193 Most Searched Tags; 196 Library Health Analytics; 191 Asset Activity Dashboard; 186 Tag Analytics; 185 Contributor Analytics,181 Creative Asset Analytics,181 Creative Asset Analytics; 193 Most Searched Tags; 196 Library Health Analytics; 191 Asset Activity Dashboard,,,,0,Start free -> https://getsibu.com/signup,Scale Your Creative Library -> /get-started/scale-your-creative-library,Top Contributors | GetSibu,Top contributor analytics show which users contribute the most content or activity.,/analytics/top-contributors,WebPage BreadcrumbList,"index,follow",true,Analytics,data-visual product-ui,"Library activity as evidence: uploads, storage by category, top tags and contributors over daily/weekly/monthly windows — with illustrative, clearly unlabelled scales.",,false,published,,Top contributor analytics show which users contribute the most content or activity.
195,Creative Operations Analytics,181-210 Analytics,canonical,,Analytics,analytics,leaf,/analytics/creative-operations-analytics,,/analytics,Home > Analytics > Creative Operations Analytics,G Analytics,analytics-questions,creative operations analytics,commercial,Explain what a view of library activity shows and which decision it supports — without inventing figures.,Creative operations analytics helps leaders understand how efficiently the organisation's asset library is being used.,,Analytics by team,199 Creative Team Analytics; 200 Marketing Asset Analytics; 201 Production Analytics; 202 Agency Analytics; 203 Brand Asset Analytics; 210 Executive Asset Analytics,181 Creative Asset Analytics,199 Creative Team Analytics; 200 Marketing Asset Analytics; 201 Production Analytics; 202 Agency Analytics,,,,0,Start free -> https://getsibu.com/signup,Scale Your Creative Library -> /get-started/scale-your-creative-library,Creative Operations Analytics | GetSibu,Creative operations analytics helps leaders understand how efficiently the organisation's asset library is being used.,/analytics/creative-operations-analytics,WebPage BreadcrumbList,"index,follow",true,Analytics,data-visual product-ui,"Library activity as evidence: uploads, storage by category, top tags and contributors over daily/weekly/monthly windows — with illustrative, clearly unlabelled scales.",,false,published,,Creative operations analytics helps leaders understand how efficiently the organisation's asset library is being used.
196,Library Health Analytics,181-210 Analytics,canonical,,Analytics,analytics,leaf,/analytics/library-health-analytics,,/analytics,Home > Analytics > Library Health Analytics,G Analytics,analytics-view,library health analytics,commercial,Explain what a view of library activity shows and which decision it supports — without inventing figures.,"Library health analytics can reveal growth, duplicates, inactive content and other organisational patterns.","Health: growth, duplicates, inactive content.",Library maintenance and quality; Library analytics,181 Creative Asset Analytics; 111 Creative Library Maintenance; 194 Top Contributors; 193 Most Searched Tags; 191 Asset Activity Dashboard; 186 Tag Analytics,181 Creative Asset Analytics; 40 AI Duplicate Detection,181 Creative Asset Analytics; 111 Creative Library Maintenance; 194 Top Contributors; 193 Most Searched Tags,,,,0,Start free -> https://getsibu.com/signup,Scale Your Creative Library -> /get-started/scale-your-creative-library,Library Health Analytics | GetSibu,"Library health analytics can reveal growth, duplicates, inactive content and other organisational patterns.",/analytics/library-health-analytics,WebPage BreadcrumbList,"index,follow",true,Analytics,data-visual product-ui,"Library activity as evidence: uploads, storage by category, top tags and contributors over daily/weekly/monthly windows — with illustrative, clearly unlabelled scales.",,false,published,,"Library health analytics can reveal growth, duplicates, inactive content and other organisational patterns."
197,Asset Access Analytics,181-210 Analytics,canonical,,Analytics,analytics,leaf,/analytics/asset-access-analytics,,/analytics,Home > Analytics > Asset Access Analytics,G Analytics,analytics-questions,asset access analytics,commercial,Explain what a view of library activity shows and which decision it supports — without inventing figures.,Asset access analytics provide information about how content is being viewed or used.,How content is viewed or used. / Usage angle (see usage-tracking).,Usage tracking; Access history and maps,182 Asset Usage Analytics; 171 Access History; 198 Folder Access Analytics; 204 Asset Performance Insights; 173 Folder Access Maps; 170 Permission Auditing,181 Creative Asset Analytics,182 Asset Usage Analytics; 171 Access History; 198 Folder Access Analytics; 204 Asset Performance Insights,,,,0,Start free -> https://getsibu.com/signup,Scale Your Creative Library -> /get-started/scale-your-creative-library,Asset Access Analytics | GetSibu,Asset access analytics provide information about how content is being viewed or used.,/analytics/asset-access-analytics,WebPage BreadcrumbList,"index,follow",true,Analytics,data-visual product-ui,"Library activity as evidence: uploads, storage by category, top tags and contributors over daily/weekly/monthly windows — with illustrative, clearly unlabelled scales.",,false,published,,Asset access analytics provide information about how content is being viewed or used.
198,Folder Access Analytics,181-210 Analytics,canonical,,Analytics,analytics,leaf,/analytics/folder-access-analytics,,/analytics,Home > Analytics > Folder Access Analytics,G Analytics,analytics-view,folder access analytics,commercial,Explain what a view of library activity shows and which decision it supports — without inventing figures.,Folder access maps help organisations understand which areas of the library receive attention.,Analytics angle: which library areas receive attention.,Access history and maps,171 Access History; 197 Asset Access Analytics; 173 Folder Access Maps; 170 Permission Auditing; 199 Creative Team Analytics; 196 Library Health Analytics,,171 Access History; 197 Asset Access Analytics; 173 Folder Access Maps; 170 Permission Auditing,,,,0,Start free -> https://getsibu.com/signup,Scale Your Creative Library -> /get-started/scale-your-creative-library,Folder Access Analytics | GetSibu,Folder access maps help organisations understand which areas of the library receive attention.,/analytics/folder-access-analytics,WebPage BreadcrumbList,"index,follow",true,Analytics,data-visual product-ui,"Library activity as evidence: uploads, storage by category, top tags and contributors over daily/weekly/monthly windows — with illustrative, clearly unlabelled scales.",,false,published,,Folder access maps help organisations understand which areas of the library receive attention.
199,Creative Team Analytics,181-210 Analytics,canonical,,Analytics,analytics,leaf,/analytics/creative-team-analytics,,/analytics,Home > Analytics > Creative Team Analytics,G Analytics,analytics-questions,creative team analytics,commercial,Explain what a view of library activity shows and which decision it supports — without inventing figures.,Team analytics provide visibility into how different groups interact with the library.,,Analytics by team,200 Marketing Asset Analytics; 201 Production Analytics; 202 Agency Analytics; 195 Creative Operations Analytics; 203 Brand Asset Analytics; 210 Executive Asset Analytics,181 Creative Asset Analytics,200 Marketing Asset Analytics; 201 Production Analytics; 202 Agency Analytics; 195 Creative Operations Analytics,,,,0,Start free -> https://getsibu.com/signup,Scale Your Creative Library -> /get-started/scale-your-creative-library,Creative Team Analytics | GetSibu,Team analytics provide visibility into how different groups interact with the library.,/analytics/creative-team-analytics,WebPage BreadcrumbList,"index,follow",true,Analytics,data-visual product-ui,"Library activity as evidence: uploads, storage by category, top tags and contributors over daily/weekly/monthly windows — with illustrative, clearly unlabelled scales.",,false,published,,Team analytics provide visibility into how different groups interact with the library.
200,Marketing Asset Analytics,181-210 Analytics,canonical,,Analytics,analytics,leaf,/analytics/marketing-asset-analytics,,/analytics,Home > Analytics > Marketing Asset Analytics,G Analytics,analytics-view,marketing asset analytics,commercial,Explain what a view of library activity shows and which decision it supports — without inventing figures.,Marketing teams can use asset analytics to understand campaign content usage and library activity.,,Analytics by team,199 Creative Team Analytics; 201 Production Analytics; 202 Agency Analytics; 203 Brand Asset Analytics; 195 Creative Operations Analytics; 210 Executive Asset Analytics,181 Creative Asset Analytics,199 Creative Team Analytics; 201 Production Analytics; 202 Agency Analytics; 203 Brand Asset Analytics,,,,0,Start free -> https://getsibu.com/signup,Scale Your Creative Library -> /get-started/scale-your-creative-library,Marketing Asset Analytics | GetSibu,Marketing teams can use asset analytics to understand campaign content usage and library activity.,/analytics/marketing-asset-analytics,WebPage BreadcrumbList,"index,follow",true,Analytics,data-visual product-ui,"Library activity as evidence: uploads, storage by category, top tags and contributors over daily/weekly/monthly windows — with illustrative, clearly unlabelled scales.",,false,published,,Marketing teams can use asset analytics to understand campaign content usage and library activity.
201,Production Analytics,181-210 Analytics,canonical,,Analytics,analytics,leaf,/analytics/production-analytics,,/analytics,Home > Analytics > Production Analytics,G Analytics,analytics-questions,production analytics,commercial,Explain what a view of library activity shows and which decision it supports — without inventing figures.,"Production teams can analyse media activity, uploads and video-related workflows.",,Analytics by team,199 Creative Team Analytics; 200 Marketing Asset Analytics; 202 Agency Analytics; 203 Brand Asset Analytics; 195 Creative Operations Analytics; 210 Executive Asset Analytics,,199 Creative Team Analytics; 200 Marketing Asset Analytics; 202 Agency Analytics; 203 Brand Asset Analytics,,,,0,Start free -> https://getsibu.com/signup,Scale Your Creative Library -> /get-started/scale-your-creative-library,Production Analytics | GetSibu,"Production teams can analyse media activity, uploads and video-related workflows.",/analytics/production-analytics,WebPage BreadcrumbList,"index,follow",true,Analytics,data-visual product-ui,"Library activity as evidence: uploads, storage by category, top tags and contributors over daily/weekly/monthly windows — with illustrative, clearly unlabelled scales.",,false,published,,"Production teams can analyse media activity, uploads and video-related workflows."
202,Agency Analytics,181-210 Analytics,canonical,,Analytics,analytics,leaf,/analytics/agency-analytics,,/analytics,Home > Analytics > Agency Analytics,G Analytics,analytics-view,agency analytics,commercial,Explain what a view of library activity shows and which decision it supports — without inventing figures.,Agencies can use analytics to understand asset activity across client environments.,,Analytics by team; Agencies and consultancies,199 Creative Team Analytics; 215 GetSibu for Creative Agencies; 201 Production Analytics; 203 Brand Asset Analytics; 200 Marketing Asset Analytics; 195 Creative Operations Analytics,181 Creative Asset Analytics,199 Creative Team Analytics; 201 Production Analytics; 203 Brand Asset Analytics; 200 Marketing Asset Analytics,,,215 GetSibu for Creative Agencies; 219 GetSibu for Advertising Agencies; 221 GetSibu for Brand Consultancies,0,Start free -> https://getsibu.com/signup,Scale Your Creative Library -> /get-started/scale-your-creative-library,Agency Analytics | GetSibu,Agencies can use analytics to understand asset activity across client environments.,/analytics/agency-analytics,WebPage BreadcrumbList,"index,follow",true,Analytics,data-visual product-ui,"Library activity as evidence: uploads, storage by category, top tags and contributors over daily/weekly/monthly windows — with illustrative, clearly unlabelled scales.",,false,published,,Agencies can use analytics to understand asset activity across client environments.
203,Brand Asset Analytics,181-210 Analytics,canonical,,Analytics,analytics,leaf,/analytics/brand-asset-analytics,,/analytics,Home > Analytics > Brand Asset Analytics,G Analytics,analytics-questions,brand asset analytics,commercial,Explain what a view of library activity shows and which decision it supports — without inventing figures.,Brand teams can use analytics to understand which approved assets are being accessed and reused.,,Brand control; Analytics by team,199 Creative Team Analytics; 103 Approved Asset Library; 202 Agency Analytics; 201 Production Analytics; 200 Marketing Asset Analytics; 210 Executive Asset Analytics,181 Creative Asset Analytics,199 Creative Team Analytics; 103 Approved Asset Library; 202 Agency Analytics; 201 Production Analytics,,,214 GetSibu for Brand Teams,0,Start free -> https://getsibu.com/signup,Scale Your Creative Library -> /get-started/scale-your-creative-library,Brand Asset Analytics | GetSibu,Brand teams can use analytics to understand which approved assets are being accessed and reused.,/analytics/brand-asset-analytics,WebPage BreadcrumbList,"index,follow",true,Analytics,data-visual product-ui,"Library activity as evidence: uploads, storage by category, top tags and contributors over daily/weekly/monthly windows — with illustrative, clearly unlabelled scales.",,false,published,,Brand teams can use analytics to understand which approved assets are being accessed and reused.
204,Asset Performance Insights,181-210 Analytics,canonical,,Analytics,analytics,leaf,/analytics/asset-performance-insights,,/analytics,Home > Analytics > Asset Performance Insights,G Analytics,analytics-view,asset performance insights,commercial,Explain what a view of library activity shows and which decision it supports — without inventing figures.,Asset performance insights help teams identify patterns in asset usage.,Patterns in asset usage.,Usage tracking,182 Asset Usage Analytics; 197 Asset Access Analytics; 106 Asset Usage Tracking; 203 Brand Asset Analytics; 205 Creative Library Reporting; 202 Agency Analytics,,182 Asset Usage Analytics; 197 Asset Access Analytics; 106 Asset Usage Tracking; 203 Brand Asset Analytics,,,,0,Start free -> https://getsibu.com/signup,Scale Your Creative Library -> /get-started/scale-your-creative-library,Asset Performance Insights | GetSibu,Asset performance insights help teams identify patterns in asset usage.,/analytics/asset-performance-insights,WebPage BreadcrumbList,"index,follow",true,Analytics,data-visual product-ui,"Library activity as evidence: uploads, storage by category, top tags and contributors over daily/weekly/monthly windows — with illustrative, clearly unlabelled scales.",,false,published,,Asset performance insights help teams identify patterns in asset usage.
205,Creative Library Reporting,181-210 Analytics,canonical,,Analytics,analytics,leaf,/analytics/creative-library-reporting,,/analytics,Home > Analytics > Creative Library Reporting,G Analytics,analytics-questions,creative library reporting,commercial,Explain what a view of library activity shows and which decision it supports — without inventing figures.,Creative library reporting turns analytics into information that can support operational decisions.,Turning analytics into operational decisions.,Reporting and metrics,206 Asset Management Metrics; 207 Digital Asset KPIs; 208 Creative Workflow Metrics; 209 Library Growth Reporting; 210 Executive Asset Analytics; 181 Creative Asset Analytics,181 Creative Asset Analytics,206 Asset Management Metrics; 207 Digital Asset KPIs; 208 Creative Workflow Metrics; 209 Library Growth Reporting,,,,0,Start free -> https://getsibu.com/signup,Scale Your Creative Library -> /get-started/scale-your-creative-library,Creative Library Reporting | GetSibu,Creative library reporting turns analytics into information that can support operational decisions.,/analytics/creative-library-reporting,WebPage BreadcrumbList,"index,follow",true,Analytics,data-visual product-ui,"Library activity as evidence: uploads, storage by category, top tags and contributors over daily/weekly/monthly windows — with illustrative, clearly unlabelled scales.",,false,published,,Creative library reporting turns analytics into information that can support operational decisions.
206,Asset Management Metrics,181-210 Analytics,canonical,,Analytics,analytics,leaf,/analytics/asset-management-metrics,,/analytics,Home > Analytics > Asset Management Metrics,G Analytics,analytics-view,asset management metrics,commercial,Explain what a view of library activity shows and which decision it supports — without inventing figures.,"Metrics provide a quantitative view of library activity, storage and collaboration.","Quantitative view of activity, storage and collaboration.",Reporting and metrics,205 Creative Library Reporting; 207 Digital Asset KPIs; 208 Creative Workflow Metrics; 209 Library Growth Reporting; 210 Executive Asset Analytics; 204 Asset Performance Insights,,205 Creative Library Reporting; 207 Digital Asset KPIs; 208 Creative Workflow Metrics; 209 Library Growth Reporting,,,,0,Start free -> https://getsibu.com/signup,Scale Your Creative Library -> /get-started/scale-your-creative-library,Asset Management Metrics | GetSibu,"Metrics provide a quantitative view of library activity, storage and collaboration.",/analytics/asset-management-metrics,WebPage BreadcrumbList,"index,follow",true,Analytics,data-visual product-ui,"Library activity as evidence: uploads, storage by category, top tags and contributors over daily/weekly/monthly windows — with illustrative, clearly unlabelled scales.",,false,published,,"Metrics provide a quantitative view of library activity, storage and collaboration."
207,Digital Asset KPIs,181-210 Analytics,canonical,,Analytics,analytics,leaf,/analytics/digital-asset-kpis,,/analytics,Home > Analytics > Digital Asset KPIs,G Analytics,analytics-questions,digital asset kpis,commercial,Explain what a view of library activity shows and which decision it supports — without inventing figures.,"Digital asset KPIs can include uploads, storage, searches, contributors, comments and asset activity.","Which KPIs: uploads, storage, searches, contributors, comments, activity.",Reporting and metrics,205 Creative Library Reporting; 206 Asset Management Metrics; 208 Creative Workflow Metrics; 209 Library Growth Reporting; 210 Executive Asset Analytics; 185 Contributor Analytics,185 Contributor Analytics; 62 Asset Comments,205 Creative Library Reporting; 206 Asset Management Metrics; 208 Creative Workflow Metrics; 209 Library Growth Reporting,,,,0,Start free -> https://getsibu.com/signup,Scale Your Creative Library -> /get-started/scale-your-creative-library,Digital Asset KPIs | GetSibu,"Digital asset KPIs can include uploads, storage, searches, contributors, comments and asset activity.",/analytics/digital-asset-kpis,WebPage BreadcrumbList,"index,follow",true,Analytics,data-visual product-ui,"Library activity as evidence: uploads, storage by category, top tags and contributors over daily/weekly/monthly windows — with illustrative, clearly unlabelled scales.",,false,published,,"Digital asset KPIs can include uploads, storage, searches, contributors, comments and asset activity."
208,Creative Workflow Metrics,181-210 Analytics,canonical,,Analytics,analytics,leaf,/analytics/creative-workflow-metrics,,/analytics,Home > Analytics > Creative Workflow Metrics,G Analytics,analytics-view,creative workflow metrics,commercial,Explain what a view of library activity shows and which decision it supports — without inventing figures.,"Workflow metrics help teams understand how assets move through upload, review and approval processes.","How assets move through upload, review and approval.",End-to-end creative workflow; Reporting and metrics,67 Creative Approval Workflow; 205 Creative Library Reporting; 80 Creative Workflow Management; 207 Digital Asset KPIs; 209 Library Growth Reporting; 206 Asset Management Metrics,67 Creative Approval Workflow,67 Creative Approval Workflow; 205 Creative Library Reporting; 80 Creative Workflow Management; 207 Digital Asset KPIs,,,,0,Start free -> https://getsibu.com/signup,Build a Smarter Creative Workflow -> /get-started/build-a-smarter-creative-workflow,Creative Workflow Metrics | GetSibu,"Workflow metrics help teams understand how assets move through upload, review and approval processes.",/analytics/creative-workflow-metrics,WebPage BreadcrumbList,"index,follow",true,Analytics,data-visual product-ui,"Library activity as evidence: uploads, storage by category, top tags and contributors over daily/weekly/monthly windows — with illustrative, clearly unlabelled scales.",,false,published,,"Workflow metrics help teams understand how assets move through upload, review and approval processes."
209,Library Growth Reporting,181-210 Analytics,canonical,,Analytics,analytics,leaf,/analytics/library-growth-reporting,,/analytics,Home > Analytics > Library Growth Reporting,G Analytics,analytics-trend,library growth reporting,commercial,Explain what a view of library activity shows and which decision it supports — without inventing figures.,Library growth reporting helps organisations anticipate storage and operational requirements.,Anticipating storage and operational requirements. / Growth reporting for planning.,Storage analytics; Reporting and metrics,205 Creative Library Reporting; 183 Storage Analytics; 208 Creative Workflow Metrics; 210 Executive Asset Analytics; 207 Digital Asset KPIs; 206 Asset Management Metrics,,205 Creative Library Reporting; 183 Storage Analytics; 208 Creative Workflow Metrics; 210 Executive Asset Analytics,,,,0,Start free -> https://getsibu.com/signup,Scale Your Creative Library -> /get-started/scale-your-creative-library,Library Growth Reporting | GetSibu,Library growth reporting helps organisations anticipate storage and operational requirements.,/analytics/library-growth-reporting,WebPage BreadcrumbList,"index,follow",true,Analytics,data-visual product-ui,"Library activity as evidence: uploads, storage by category, top tags and contributors over daily/weekly/monthly windows — with illustrative, clearly unlabelled scales.",,false,published,,Library growth reporting helps organisations anticipate storage and operational requirements.
210,Executive Asset Analytics,181-210 Analytics,canonical,,Analytics,analytics,leaf,/analytics/executive-asset-analytics,,/analytics,Home > Analytics > Executive Asset Analytics,G Analytics,analytics-questions,executive asset analytics,commercial,Explain what a view of library activity shows and which decision it supports — without inventing figures.,Executive analytics provide a higher-level view of the organisation's creative library and its usage.,Executive-level view.,Analytics by team; Reporting and metrics,205 Creative Library Reporting; 199 Creative Team Analytics; 209 Library Growth Reporting; 208 Creative Workflow Metrics; 207 Digital Asset KPIs; 206 Asset Management Metrics,181 Creative Asset Analytics,205 Creative Library Reporting; 199 Creative Team Analytics; 209 Library Growth Reporting; 208 Creative Workflow Metrics,,,,0,Start free -> https://getsibu.com/signup,Scale Your Creative Library -> /get-started/scale-your-creative-library,Executive Asset Analytics | GetSibu,Executive analytics provide a higher-level view of the organisation's creative library and its usage.,/analytics/executive-asset-analytics,WebPage BreadcrumbList,"index,follow",true,Analytics,data-visual product-ui,"Library activity as evidence: uploads, storage by category, top tags and contributors over daily/weekly/monthly windows — with illustrative, clearly unlabelled scales.",,false,published,,Executive analytics provide a higher-level view of the organisation's creative library and its usage.
211,GetSibu for Production Studios,211-240 Use Cases,canonical,,Use Cases,use-cases,leaf,/use-cases/production-studios,,/use-cases,Home > Use Cases > GetSibu for Production Studios,O Use Case,use-case-material,digital asset management for production studios,commercial,"Show a specific team how GetSibu fits the material they manage, using only capabilities the PDF names for them.","Production studios can use GetSibu to organise large collections of footage, review video assets, add frame-specific feedback and manage versions without relying on scattered storage folders.",,Video and production,212 GetSibu for Video Teams; 216 GetSibu for Post-Production Teams; 217 GetSibu for Documentary Teams; 218 GetSibu for Film Production; 229 GetSibu for Video Agencies; 91 Creative Asset Versioning,65 Frame-Accurate Review; 91 Creative Asset Versioning,91 Creative Asset Versioning; 65 Frame-Accurate Review,,,212 GetSibu for Video Teams; 216 GetSibu for Post-Production Teams; 217 GetSibu for Documentary Teams,0,Start free -> https://getsibu.com/signup,Give Your Creative Team One Source of Truth -> /get-started/give-your-creative-team-one-source-of-truth,GetSibu for Production Studios,"Production studios can use GetSibu to organise large collections of footage, review video assets, add frame-specific feedback and manage versions.",/use-cases/production-studios,WebPage BreadcrumbList,"index,follow",true,Use Cases,photography product-ui,"The team's real material and environment (footage on an edit timeline, a product shoot, a newsroom archive) paired with the GetSibu capabilities the PDF names for that team.",,false,published,,"Production studios can use GetSibu to organise large collections of footage, review video assets, add frame-specific feedback and manage versions without relying on scattered storage folders."
212,GetSibu for Video Teams,211-240 Use Cases,canonical,,Use Cases,use-cases,leaf,/use-cases/video-teams,,/use-cases,Home > Use Cases > GetSibu for Video Teams,O Use Case,use-case-workflow,digital asset management for video teams,commercial,"Show a specific team how GetSibu fits the material they manage, using only capabilities the PDF names for them.","Video teams can search footage, identify scenes, apply AI-generated tags and collaborate directly on the timeline.",,Scene detection and video; Video and production,216 GetSibu for Post-Production Teams; 217 GetSibu for Documentary Teams; 211 GetSibu for Production Studios; 218 GetSibu for Film Production; 229 GetSibu for Video Agencies; 51 AI-Powered Video Discovery,31 AI-Assisted Tagging; 64 Video Timeline Comments,51 AI-Powered Video Discovery; 64 Video Timeline Comments; 31 AI-Assisted Tagging,,,216 GetSibu for Post-Production Teams; 217 GetSibu for Documentary Teams; 211 GetSibu for Production Studios,0,Start free -> https://getsibu.com/signup,Give Your Creative Team One Source of Truth -> /get-started/give-your-creative-team-one-source-of-truth,GetSibu for Video Teams,GetSibu for Video Teams: video teams can manage different cuts and revisions while keeping the version history associated with the asset.,/use-cases/video-teams,WebPage BreadcrumbList,"index,follow",true,Use Cases,photography product-ui,"The team's real material and environment (footage on an edit timeline, a product shoot, a newsroom archive) paired with the GetSibu capabilities the PDF names for that team.",scene-detection,true,framed,97,"Video teams can search footage, identify scenes, apply AI-generated tags and collaborate directly on the timeline. This reduces the need to manually scrub through large amounts of raw footage."
213,GetSibu for Marketing Teams,211-240 Use Cases,canonical,,Use Cases,use-cases,leaf,/use-cases/marketing-teams,,/use-cases,Home > Use Cases > GetSibu for Marketing Teams,O Use Case,use-case-organisation,digital asset management for marketing teams,commercial,"Show a specific team how GetSibu fits the material they manage, using only capabilities the PDF names for them.","Marketing teams can maintain a central library for campaign assets, product imagery, videos, presentations and other marketing materials.",,"Marketing, brand and commerce",214 GetSibu for Brand Teams; 223 GetSibu for Enterprise Marketing; 224 GetSibu for Global Brands; 225 GetSibu for Multi-Market Teams; 230 GetSibu for E-Commerce Brands; 231 GetSibu for Retail Brands,,,,,214 GetSibu for Brand Teams; 223 GetSibu for Enterprise Marketing; 224 GetSibu for Global Brands,0,Start free -> https://getsibu.com/signup,Give Your Creative Team One Source of Truth -> /get-started/give-your-creative-team-one-source-of-truth,GetSibu for Marketing Teams,"Marketing teams can maintain a central library for campaign assets, product imagery, videos, presentations and other marketing materials.",/use-cases/marketing-teams,WebPage BreadcrumbList,"index,follow",true,Use Cases,photography product-ui,"The team's real material and environment (footage on an edit timeline, a product shoot, a newsroom archive) paired with the GetSibu capabilities the PDF names for that team.",,false,published,,"Marketing teams can maintain a central library for campaign assets, product imagery, videos, presentations and other marketing materials."
214,GetSibu for Brand Teams,211-240 Use Cases,canonical,,Use Cases,use-cases,leaf,/use-cases/brand-teams,,/use-cases,Home > Use Cases > GetSibu for Brand Teams,O Use Case,use-case-material,digital asset management for brand teams,commercial,"Show a specific team how GetSibu fits the material they manage, using only capabilities the PDF names for them.","Brand teams can organise approved assets, apply brand-specific tags, manage expiry information and maintain a controlled source of truth.",,"Brand control; Marketing, brand and commerce",213 GetSibu for Marketing Teams; 105 Brand Guardrail Tags; 104 Expiring Creative Assets; 103 Approved Asset Library; 223 GetSibu for Enterprise Marketing; 224 GetSibu for Global Brands,105 Brand Guardrail Tags; 104 Expiring Creative Assets,105 Brand Guardrail Tags; 104 Expiring Creative Assets; 103 Approved Asset Library; 203 Brand Asset Analytics,,,213 GetSibu for Marketing Teams; 223 GetSibu for Enterprise Marketing; 224 GetSibu for Global Brands,0,Start free -> https://getsibu.com/signup,Give Your Creative Team One Source of Truth -> /get-started/give-your-creative-team-one-source-of-truth,GetSibu for Brand Teams,"Brand teams can organise approved assets, apply brand-specific tags, manage expiry information and maintain a controlled source of truth.",/use-cases/brand-teams,WebPage BreadcrumbList,"index,follow",true,Use Cases,photography product-ui,"The team's real material and environment (footage on an edit timeline, a product shoot, a newsroom archive) paired with the GetSibu capabilities the PDF names for that team.",,false,published,,"Brand teams can organise approved assets, apply brand-specific tags, manage expiry information and maintain a controlled source of truth."
215,GetSibu for Creative Agencies,211-240 Use Cases,canonical,,Use Cases,use-cases,leaf,/use-cases/creative-agencies,,/use-cases,Home > Use Cases > GetSibu for Creative Agencies,O Use Case,use-case-workflow,digital asset management for creative agencies,commercial,"Show a specific team how GetSibu fits the material they manage, using only capabilities the PDF names for them.",Creative agencies can use multi-tenant capabilities to manage multiple clients while keeping their libraries separated.,Use case: creative agencies managing multiple clients.,Multi-tenancy; Agencies and consultancies,168 Agency Asset Management; 162 Agency Multi-Tenancy; 160 Multi-Tenant Digital Asset Management; 219 GetSibu for Advertising Agencies; 221 GetSibu for Brand Consultancies; 202 Agency Analytics,160 Multi-Tenant Digital Asset Management,168 Agency Asset Management; 162 Agency Multi-Tenancy; 160 Multi-Tenant Digital Asset Management; 202 Agency Analytics,372 What Is Multi-Tenant DAM?,387 Does GetSibu Support Multiple Clients?,219 GetSibu for Advertising Agencies; 221 GetSibu for Brand Consultancies; 229 GetSibu for Video Agencies,0,Start free -> https://getsibu.com/signup,Give Your Creative Team One Source of Truth -> /get-started/give-your-creative-team-one-source-of-truth,GetSibu for Creative Agencies,Creative agencies can use multi-tenant capabilities to manage multiple clients while keeping their libraries separated.,/use-cases/creative-agencies,WebPage BreadcrumbList,"index,follow",true,Use Cases,photography product-ui,"The team's real material and environment (footage on an edit timeline, a product shoot, a newsroom archive) paired with the GetSibu capabilities the PDF names for that team.",multi-tenant,false,published,,Creative agencies can use multi-tenant capabilities to manage multiple clients while keeping their libraries separated.
216,GetSibu for Post-Production Teams,211-240 Use Cases,canonical,,Use Cases,use-cases,leaf,/use-cases/post-production-teams,,/use-cases,Home > Use Cases > GetSibu for Post-Production Teams,O Use Case,use-case-organisation,digital asset management for post-production teams,commercial,"Show a specific team how GetSibu fits the material they manage, using only capabilities the PDF names for them.","Post-production teams can use video search, scene detection, versioning and timeline comments to streamline review workflows.",,Scene detection and video; Video and production,217 GetSibu for Documentary Teams; 212 GetSibu for Video Teams; 211 GetSibu for Production Studios; 218 GetSibu for Film Production; 229 GetSibu for Video Agencies; 51 AI-Powered Video Discovery,91 Creative Asset Versioning; 64 Video Timeline Comments; 62 Asset Comments,51 AI-Powered Video Discovery; 91 Creative Asset Versioning; 64 Video Timeline Comments; 62 Asset Comments,,,217 GetSibu for Documentary Teams; 212 GetSibu for Video Teams; 211 GetSibu for Production Studios,0,Start free -> https://getsibu.com/signup,Give Your Creative Team One Source of Truth -> /get-started/give-your-creative-team-one-source-of-truth,GetSibu for Post-Production Teams,GetSibu for Post-Production Teams: video teams can manage different cuts and revisions while keeping the version history associated with the asset.,/use-cases/post-production-teams,WebPage BreadcrumbList,"index,follow",true,Use Cases,photography product-ui,"The team's real material and environment (footage on an edit timeline, a product shoot, a newsroom archive) paired with the GetSibu capabilities the PDF names for that team.",scene-detection,true,framed,97,"Post-production teams can use video search, scene detection, versioning and timeline comments to streamline review workflows."
217,GetSibu for Documentary Teams,211-240 Use Cases,canonical,,Use Cases,use-cases,leaf,/use-cases/documentary-teams,,/use-cases,Home > Use Cases > GetSibu for Documentary Teams,O Use Case,use-case-material,digital asset management for documentary teams,commercial,"Show a specific team how GetSibu fits the material they manage, using only capabilities the PDF names for them.","Documentary teams can manage extensive collections of footage and search for scenes, people and visual characteristics.",,Scene detection and video; Video and production,216 GetSibu for Post-Production Teams; 212 GetSibu for Video Teams; 211 GetSibu for Production Studios; 218 GetSibu for Film Production; 229 GetSibu for Video Agencies; 51 AI-Powered Video Discovery,,51 AI-Powered Video Discovery,,,216 GetSibu for Post-Production Teams; 212 GetSibu for Video Teams; 211 GetSibu for Production Studios,0,Start free -> https://getsibu.com/signup,Give Your Creative Team One Source of Truth -> /get-started/give-your-creative-team-one-source-of-truth,GetSibu for Documentary Teams,GetSibu for Documentary Teams: videos can be indexed and enriched with AI-generated information.,/use-cases/documentary-teams,WebPage BreadcrumbList,"index,follow",true,Use Cases,photography product-ui,"The team's real material and environment (footage on an edit timeline, a product shoot, a newsroom archive) paired with the GetSibu capabilities the PDF names for that team.",scene-detection,true,framed,25,"Documentary teams can manage extensive collections of footage and search for scenes, people and visual characteristics."
218,GetSibu for Film Production,211-240 Use Cases,canonical,,Use Cases,use-cases,leaf,/use-cases/film-production,,/use-cases,Home > Use Cases > GetSibu for Film Production,O Use Case,use-case-workflow,digital asset management for film production,commercial,"Show a specific team how GetSibu fits the material they manage, using only capabilities the PDF names for them.",Film production teams can centralise production media and maintain organised access to large video libraries.,,Video and production,211 GetSibu for Production Studios; 217 GetSibu for Documentary Teams; 216 GetSibu for Post-Production Teams; 212 GetSibu for Video Teams; 229 GetSibu for Video Agencies; 219 GetSibu for Advertising Agencies,,,,,211 GetSibu for Production Studios; 217 GetSibu for Documentary Teams; 216 GetSibu for Post-Production Teams,0,Start free -> https://getsibu.com/signup,Give Your Creative Team One Source of Truth -> /get-started/give-your-creative-team-one-source-of-truth,GetSibu for Film Production,Film production teams can centralise production media and maintain organised access to large video libraries.,/use-cases/film-production,WebPage BreadcrumbList,"index,follow",true,Use Cases,photography product-ui,"The team's real material and environment (footage on an edit timeline, a product shoot, a newsroom archive) paired with the GetSibu capabilities the PDF names for that team.",,false,published,,Film production teams can centralise production media and maintain organised access to large video libraries.
219,GetSibu for Advertising Agencies,211-240 Use Cases,canonical,,Use Cases,use-cases,leaf,/use-cases/advertising-agencies,,/use-cases,Home > Use Cases > GetSibu for Advertising Agencies,O Use Case,use-case-organisation,digital asset management for advertising agencies,commercial,"Show a specific team how GetSibu fits the material they manage, using only capabilities the PDF names for them.","Advertising agencies can organise campaign assets, collaborate on revisions and maintain client-specific libraries.",,Agencies and consultancies,215 GetSibu for Creative Agencies; 221 GetSibu for Brand Consultancies; 229 GetSibu for Video Agencies; 202 Agency Analytics; 168 Agency Asset Management; 162 Agency Multi-Tenancy,,202 Agency Analytics; 168 Agency Asset Management; 162 Agency Multi-Tenancy,,,215 GetSibu for Creative Agencies; 221 GetSibu for Brand Consultancies; 229 GetSibu for Video Agencies,0,Start free -> https://getsibu.com/signup,Give Your Creative Team One Source of Truth -> /get-started/give-your-creative-team-one-source-of-truth,GetSibu for Advertising Agencies,"Advertising agencies can organise campaign assets, collaborate on revisions and maintain client-specific libraries.",/use-cases/advertising-agencies,WebPage BreadcrumbList,"index,follow",true,Use Cases,photography product-ui,"The team's real material and environment (footage on an edit timeline, a product shoot, a newsroom archive) paired with the GetSibu capabilities the PDF names for that team.",,false,published,,"Advertising agencies can organise campaign assets, collaborate on revisions and maintain client-specific libraries."
220,GetSibu for Creative Studios,211-240 Use Cases,canonical,,Use Cases,use-cases,leaf,/use-cases/creative-studios,,/use-cases,Home > Use Cases > GetSibu for Creative Studios,O Use Case,use-case-material,digital asset management for creative studios,commercial,"Show a specific team how GetSibu fits the material they manage, using only capabilities the PDF names for them.","Creative studios can manage images, videos, audio and documents in one searchable environment.",,"Studios, in-house teams and creators",222 GetSibu for In-House Creative Teams; 226 GetSibu for Freelancers; 227 GetSibu for Content Creators; 228 GetSibu for Photography Teams; 219 GetSibu for Advertising Agencies; 221 GetSibu for Brand Consultancies,,,,,222 GetSibu for In-House Creative Teams; 226 GetSibu for Freelancers; 227 GetSibu for Content Creators,0,Start free -> https://getsibu.com/signup,Give Your Creative Team One Source of Truth -> /get-started/give-your-creative-team-one-source-of-truth,GetSibu for Creative Studios,"Creative studios can manage images, videos, audio and documents in one searchable environment.",/use-cases/creative-studios,WebPage BreadcrumbList,"index,follow",true,Use Cases,photography product-ui,"The team's real material and environment (footage on an edit timeline, a product shoot, a newsroom archive) paired with the GetSibu capabilities the PDF names for that team.",,false,published,,"Creative studios can manage images, videos, audio and documents in one searchable environment."
221,GetSibu for Brand Consultancies,211-240 Use Cases,canonical,,Use Cases,use-cases,leaf,/use-cases/brand-consultancies,,/use-cases,Home > Use Cases > GetSibu for Brand Consultancies,O Use Case,use-case-workflow,digital asset management for brand consultancies,commercial,"Show a specific team how GetSibu fits the material they manage, using only capabilities the PDF names for them.","Brand consultancies can centralise brand assets, presentations, references and campaign materials.",,Agencies and consultancies,215 GetSibu for Creative Agencies; 219 GetSibu for Advertising Agencies; 229 GetSibu for Video Agencies; 202 Agency Analytics; 168 Agency Asset Management; 162 Agency Multi-Tenancy,,202 Agency Analytics; 168 Agency Asset Management; 162 Agency Multi-Tenancy,,,215 GetSibu for Creative Agencies; 219 GetSibu for Advertising Agencies; 229 GetSibu for Video Agencies,0,Start free -> https://getsibu.com/signup,Give Your Creative Team One Source of Truth -> /get-started/give-your-creative-team-one-source-of-truth,GetSibu for Brand Consultancies,"Brand consultancies can centralise brand assets, presentations, references and campaign materials.",/use-cases/brand-consultancies,WebPage BreadcrumbList,"index,follow",true,Use Cases,photography product-ui,"The team's real material and environment (footage on an edit timeline, a product shoot, a newsroom archive) paired with the GetSibu capabilities the PDF names for that team.",,false,published,,"Brand consultancies can centralise brand assets, presentations, references and campaign materials."
222,GetSibu for In-House Creative Teams,211-240 Use Cases,canonical,,Use Cases,use-cases,leaf,/use-cases/in-house-creative-teams,,/use-cases,Home > Use Cases > GetSibu for In-House Creative Teams,O Use Case,use-case-organisation,digital asset management for in-house creative teams,commercial,"Show a specific team how GetSibu fits the material they manage, using only capabilities the PDF names for them.",Internal creative departments can create one source of truth for company-owned creative assets.,,"Studios, in-house teams and creators",220 GetSibu for Creative Studios; 226 GetSibu for Freelancers; 227 GetSibu for Content Creators; 228 GetSibu for Photography Teams; 221 GetSibu for Brand Consultancies; 223 GetSibu for Enterprise Marketing,,,,,220 GetSibu for Creative Studios; 226 GetSibu for Freelancers; 227 GetSibu for Content Creators,0,Start free -> https://getsibu.com/signup,Give Your Creative Team One Source of Truth -> /get-started/give-your-creative-team-one-source-of-truth,GetSibu for In-House Creative Teams,Internal creative departments can create one source of truth for company-owned creative assets.,/use-cases/in-house-creative-teams,WebPage BreadcrumbList,"index,follow",true,Use Cases,photography product-ui,"The team's real material and environment (footage on an edit timeline, a product shoot, a newsroom archive) paired with the GetSibu capabilities the PDF names for that team.",,false,published,,Internal creative departments can create one source of truth for company-owned creative assets.
223,GetSibu for Enterprise Marketing,211-240 Use Cases,canonical,,Use Cases,use-cases,leaf,/use-cases/enterprise-marketing,,/use-cases,Home > Use Cases > GetSibu for Enterprise Marketing,O Use Case,use-case-material,digital asset management for enterprise marketing,commercial,"Show a specific team how GetSibu fits the material they manage, using only capabilities the PDF names for them.","Enterprise marketing teams can combine asset governance, permissions, search, approvals and analytics.",,"Marketing, brand and commerce",213 GetSibu for Marketing Teams; 224 GetSibu for Global Brands; 225 GetSibu for Multi-Market Teams; 230 GetSibu for E-Commerce Brands; 231 GetSibu for Retail Brands; 214 GetSibu for Brand Teams,114 Creative Asset Governance; 151 Creative Asset Permissions; 67 Creative Approval Workflow; 181 Creative Asset Analytics,181 Creative Asset Analytics; 151 Creative Asset Permissions; 114 Creative Asset Governance; 67 Creative Approval Workflow,,,213 GetSibu for Marketing Teams; 224 GetSibu for Global Brands; 225 GetSibu for Multi-Market Teams,0,Start free -> https://getsibu.com/signup,Give Your Creative Team One Source of Truth -> /get-started/give-your-creative-team-one-source-of-truth,GetSibu for Enterprise Marketing,"Enterprise marketing teams can combine asset governance, permissions, search, approvals and analytics.",/use-cases/enterprise-marketing,WebPage BreadcrumbList,"index,follow",true,Use Cases,photography product-ui,"The team's real material and environment (footage on an edit timeline, a product shoot, a newsroom archive) paired with the GetSibu capabilities the PDF names for that team.",,false,published,,"Enterprise marketing teams can combine asset governance, permissions, search, approvals and analytics."
224,GetSibu for Global Brands,211-240 Use Cases,canonical,,Use Cases,use-cases,leaf,/use-cases/global-brands,,/use-cases,Home > Use Cases > GetSibu for Global Brands,O Use Case,use-case-workflow,digital asset management for global brands,commercial,"Show a specific team how GetSibu fits the material they manage, using only capabilities the PDF names for them.",Global brands can organise assets across markets while maintaining appropriate folder permissions and approval workflows.,,"Marketing, brand and commerce",213 GetSibu for Marketing Teams; 223 GetSibu for Enterprise Marketing; 225 GetSibu for Multi-Market Teams; 230 GetSibu for E-Commerce Brands; 231 GetSibu for Retail Brands; 214 GetSibu for Brand Teams,152 Folder-Level Permissions; 151 Creative Asset Permissions; 67 Creative Approval Workflow,152 Folder-Level Permissions; 151 Creative Asset Permissions; 67 Creative Approval Workflow,,,213 GetSibu for Marketing Teams; 223 GetSibu for Enterprise Marketing; 225 GetSibu for Multi-Market Teams,0,Start free -> https://getsibu.com/signup,Give Your Creative Team One Source of Truth -> /get-started/give-your-creative-team-one-source-of-truth,GetSibu for Global Brands,Global brands can organise assets across markets while maintaining appropriate folder permissions and approval workflows.,/use-cases/global-brands,WebPage BreadcrumbList,"index,follow",true,Use Cases,photography product-ui,"The team's real material and environment (footage on an edit timeline, a product shoot, a newsroom archive) paired with the GetSibu capabilities the PDF names for that team.",,false,published,,Global brands can organise assets across markets while maintaining appropriate folder permissions and approval workflows.
225,GetSibu for Multi-Market Teams,211-240 Use Cases,canonical,,Use Cases,use-cases,leaf,/use-cases/multi-market-teams,,/use-cases,Home > Use Cases > GetSibu for Multi-Market Teams,O Use Case,use-case-organisation,digital asset management for multi-market teams,commercial,"Show a specific team how GetSibu fits the material they manage, using only capabilities the PDF names for them.",Multi-market teams can separate content by region while maintaining centralised governance.,,"Marketing, brand and commerce",213 GetSibu for Marketing Teams; 224 GetSibu for Global Brands; 223 GetSibu for Enterprise Marketing; 230 GetSibu for E-Commerce Brands; 231 GetSibu for Retail Brands; 234 GetSibu for Social Media Teams,114 Creative Asset Governance,114 Creative Asset Governance,,,213 GetSibu for Marketing Teams; 224 GetSibu for Global Brands; 223 GetSibu for Enterprise Marketing,0,Start free -> https://getsibu.com/signup,Give Your Creative Team One Source of Truth -> /get-started/give-your-creative-team-one-source-of-truth,GetSibu for Multi-Market Teams,Multi-market teams can separate content by region while maintaining centralised governance.,/use-cases/multi-market-teams,WebPage BreadcrumbList,"index,follow",true,Use Cases,photography product-ui,"The team's real material and environment (footage on an edit timeline, a product shoot, a newsroom archive) paired with the GetSibu capabilities the PDF names for that team.",,false,published,,Multi-market teams can separate content by region while maintaining centralised governance.
226,GetSibu for Freelancers,211-240 Use Cases,canonical,,Use Cases,use-cases,leaf,/use-cases/freelancers,,/use-cases,Home > Use Cases > GetSibu for Freelancers,O Use Case,use-case-material,digital asset management for freelancers,commercial,"Show a specific team how GetSibu fits the material they manage, using only capabilities the PDF names for them.",Freelancers can use GetSibu to organise personal creative libraries and quickly locate reusable assets.,,"Studios, in-house teams and creators",220 GetSibu for Creative Studios; 227 GetSibu for Content Creators; 228 GetSibu for Photography Teams; 222 GetSibu for In-House Creative Teams; 225 GetSibu for Multi-Market Teams; 224 GetSibu for Global Brands,,,,,220 GetSibu for Creative Studios; 227 GetSibu for Content Creators; 228 GetSibu for Photography Teams,0,Start free -> https://getsibu.com/signup,Give Your Creative Team One Source of Truth -> /get-started/give-your-creative-team-one-source-of-truth,GetSibu for Freelancers,Freelancers can use GetSibu to organise personal creative libraries and quickly locate reusable assets.,/use-cases/freelancers,WebPage BreadcrumbList,"index,follow",true,Use Cases,photography product-ui,"The team's real material and environment (footage on an edit timeline, a product shoot, a newsroom archive) paired with the GetSibu capabilities the PDF names for that team.",,false,published,,Freelancers can use GetSibu to organise personal creative libraries and quickly locate reusable assets.
227,GetSibu for Content Creators,211-240 Use Cases,canonical,,Use Cases,use-cases,leaf,/use-cases/content-creators,,/use-cases,Home > Use Cases > GetSibu for Content Creators,O Use Case,use-case-workflow,digital asset management for content creators,commercial,"Show a specific team how GetSibu fits the material they manage, using only capabilities the PDF names for them.","Content creators can organise videos, thumbnails, images and documents and find content based on visual characteristics.",,"Studios, in-house teams and creators",220 GetSibu for Creative Studios; 226 GetSibu for Freelancers; 228 GetSibu for Photography Teams; 222 GetSibu for In-House Creative Teams; 146 Asset Thumbnail Generation; 225 GetSibu for Multi-Market Teams,146 Asset Thumbnail Generation,146 Asset Thumbnail Generation,,,220 GetSibu for Creative Studios; 226 GetSibu for Freelancers; 228 GetSibu for Photography Teams,0,Start free -> https://getsibu.com/signup,Give Your Creative Team One Source of Truth -> /get-started/give-your-creative-team-one-source-of-truth,GetSibu for Content Creators,"Content creators can organise videos, thumbnails, images and documents and find content based on visual characteristics.",/use-cases/content-creators,WebPage BreadcrumbList,"index,follow",true,Use Cases,photography product-ui,"The team's real material and environment (footage on an edit timeline, a product shoot, a newsroom archive) paired with the GetSibu capabilities the PDF names for that team.",,false,published,,"Content creators can organise videos, thumbnails, images and documents and find content based on visual characteristics."
228,GetSibu for Photography Teams,211-240 Use Cases,canonical,,Use Cases,use-cases,leaf,/use-cases/photography-teams,,/use-cases,Home > Use Cases > GetSibu for Photography Teams,O Use Case,use-case-organisation,digital asset management for photography teams,commercial,"Show a specific team how GetSibu fits the material they manage, using only capabilities the PDF names for them.","Photography teams can search large image collections using tags, colours, people and metadata.",,"Studios, in-house teams and creators",220 GetSibu for Creative Studios; 227 GetSibu for Content Creators; 226 GetSibu for Freelancers; 222 GetSibu for In-House Creative Teams; 36 AI Colour Detection; 22 Media Metadata Management,36 AI Colour Detection; 22 Media Metadata Management,36 AI Colour Detection; 22 Media Metadata Management,,,220 GetSibu for Creative Studios; 227 GetSibu for Content Creators; 226 GetSibu for Freelancers,0,Start free -> https://getsibu.com/signup,Give Your Creative Team One Source of Truth -> /get-started/give-your-creative-team-one-source-of-truth,GetSibu for Photography Teams,"Photography teams can search large image collections using tags, colours, people and metadata.",/use-cases/photography-teams,WebPage BreadcrumbList,"index,follow",true,Use Cases,photography product-ui,"The team's real material and environment (footage on an edit timeline, a product shoot, a newsroom archive) paired with the GetSibu capabilities the PDF names for that team.",,false,published,,"Photography teams can search large image collections using tags, colours, people and metadata."
229,GetSibu for Video Agencies,211-240 Use Cases,canonical,,Use Cases,use-cases,leaf,/use-cases/video-agencies,,/use-cases,Home > Use Cases > GetSibu for Video Agencies,O Use Case,use-case-material,digital asset management for video agencies,commercial,"Show a specific team how GetSibu fits the material they manage, using only capabilities the PDF names for them.","Video agencies can manage client footage, versions, reviews and approved deliverables from one platform.",,Video and production; Agencies and consultancies,215 GetSibu for Creative Agencies; 211 GetSibu for Production Studios; 221 GetSibu for Brand Consultancies; 219 GetSibu for Advertising Agencies; 218 GetSibu for Film Production; 217 GetSibu for Documentary Teams,91 Creative Asset Versioning,202 Agency Analytics; 168 Agency Asset Management; 162 Agency Multi-Tenancy; 91 Creative Asset Versioning,,,215 GetSibu for Creative Agencies; 211 GetSibu for Production Studios; 221 GetSibu for Brand Consultancies,0,Start free -> https://getsibu.com/signup,Give Your Creative Team One Source of Truth -> /get-started/give-your-creative-team-one-source-of-truth,GetSibu for Video Agencies,"Video agencies can manage client footage, versions, reviews and approved deliverables from one platform.",/use-cases/video-agencies,WebPage BreadcrumbList,"index,follow",true,Use Cases,photography product-ui,"The team's real material and environment (footage on an edit timeline, a product shoot, a newsroom archive) paired with the GetSibu capabilities the PDF names for that team.",,false,published,,"Video agencies can manage client footage, versions, reviews and approved deliverables from one platform."
230,GetSibu for E-Commerce Brands,211-240 Use Cases,canonical,,Use Cases,use-cases,leaf,/use-cases/e-commerce-brands,,/use-cases,Home > Use Cases > GetSibu for E-Commerce Brands,O Use Case,use-case-workflow,digital asset management for e-commerce brands,commercial,"Show a specific team how GetSibu fits the material they manage, using only capabilities the PDF names for them.","E-commerce brands can centralise product images, videos, campaign assets and marketing documents.",,"Marketing, brand and commerce",213 GetSibu for Marketing Teams; 231 GetSibu for Retail Brands; 234 GetSibu for Social Media Teams; 225 GetSibu for Multi-Market Teams; 224 GetSibu for Global Brands; 223 GetSibu for Enterprise Marketing,,,,,213 GetSibu for Marketing Teams; 231 GetSibu for Retail Brands; 234 GetSibu for Social Media Teams,0,Start free -> https://getsibu.com/signup,Give Your Creative Team One Source of Truth -> /get-started/give-your-creative-team-one-source-of-truth,GetSibu for E-Commerce Brands,"E-commerce brands can centralise product images, videos, campaign assets and marketing documents.",/use-cases/e-commerce-brands,WebPage BreadcrumbList,"index,follow",true,Use Cases,photography product-ui,"The team's real material and environment (footage on an edit timeline, a product shoot, a newsroom archive) paired with the GetSibu capabilities the PDF names for that team.",,false,published,,"E-commerce brands can centralise product images, videos, campaign assets and marketing documents."
231,GetSibu for Retail Brands,211-240 Use Cases,canonical,,Use Cases,use-cases,leaf,/use-cases/retail-brands,,/use-cases,Home > Use Cases > GetSibu for Retail Brands,O Use Case,use-case-organisation,digital asset management for retail brands,commercial,"Show a specific team how GetSibu fits the material they manage, using only capabilities the PDF names for them.",Retail organisations can maintain centralised libraries of product and promotional creative content.,,"Marketing, brand and commerce",213 GetSibu for Marketing Teams; 230 GetSibu for E-Commerce Brands; 234 GetSibu for Social Media Teams; 225 GetSibu for Multi-Market Teams; 224 GetSibu for Global Brands; 223 GetSibu for Enterprise Marketing,,,,,213 GetSibu for Marketing Teams; 230 GetSibu for E-Commerce Brands; 234 GetSibu for Social Media Teams,0,Start free -> https://getsibu.com/signup,Give Your Creative Team One Source of Truth -> /get-started/give-your-creative-team-one-source-of-truth,GetSibu for Retail Brands,Retail organisations can maintain centralised libraries of product and promotional creative content.,/use-cases/retail-brands,WebPage BreadcrumbList,"index,follow",true,Use Cases,photography product-ui,"The team's real material and environment (footage on an edit timeline, a product shoot, a newsroom archive) paired with the GetSibu capabilities the PDF names for that team.",,false,published,,Retail organisations can maintain centralised libraries of product and promotional creative content.
232,GetSibu for Media Companies,211-240 Use Cases,canonical,,Use Cases,use-cases,leaf,/use-cases/media-companies,,/use-cases,Home > Use Cases > GetSibu for Media Companies,O Use Case,use-case-material,digital asset management for media companies,commercial,"Show a specific team how GetSibu fits the material they manage, using only capabilities the PDF names for them.","Media companies can manage large collections of video, image, audio and document assets.",,"Media, communications and organisations",240 GetSibu for Corporate Communications; 233 GetSibu for Newsrooms; 235 GetSibu for PR Teams; 236 GetSibu for Event Companies; 237 GetSibu for Education Teams; 238 GetSibu for Nonprofits,,,,,240 GetSibu for Corporate Communications; 233 GetSibu for Newsrooms; 235 GetSibu for PR Teams,0,Start free -> https://getsibu.com/signup,Give Your Creative Team One Source of Truth -> /get-started/give-your-creative-team-one-source-of-truth,GetSibu for Media Companies,"Media companies can manage large collections of video, image, audio and document assets.",/use-cases/media-companies,WebPage BreadcrumbList,"index,follow",true,Use Cases,photography product-ui,"The team's real material and environment (footage on an edit timeline, a product shoot, a newsroom archive) paired with the GetSibu capabilities the PDF names for that team.",,false,published,,"Media companies can manage large collections of video, image, audio and document assets."
233,GetSibu for Newsrooms,211-240 Use Cases,canonical,,Use Cases,use-cases,leaf,/use-cases/newsrooms,,/use-cases,Home > Use Cases > GetSibu for Newsrooms,O Use Case,use-case-workflow,digital asset management for newsrooms,commercial,"Show a specific team how GetSibu fits the material they manage, using only capabilities the PDF names for them.","Newsrooms can search visual archives and organise media by topic, person, event and other available metadata.",,"Media, communications and organisations",240 GetSibu for Corporate Communications; 232 GetSibu for Media Companies; 235 GetSibu for PR Teams; 236 GetSibu for Event Companies; 237 GetSibu for Education Teams; 238 GetSibu for Nonprofits,22 Media Metadata Management,22 Media Metadata Management,,,240 GetSibu for Corporate Communications; 232 GetSibu for Media Companies; 235 GetSibu for PR Teams,0,Start free -> https://getsibu.com/signup,Give Your Creative Team One Source of Truth -> /get-started/give-your-creative-team-one-source-of-truth,GetSibu for Newsrooms,"Newsrooms can search visual archives and organise media by topic, person, event and other available metadata.",/use-cases/newsrooms,WebPage BreadcrumbList,"index,follow",true,Use Cases,photography product-ui,"The team's real material and environment (footage on an edit timeline, a product shoot, a newsroom archive) paired with the GetSibu capabilities the PDF names for that team.",,false,published,,"Newsrooms can search visual archives and organise media by topic, person, event and other available metadata."
234,GetSibu for Social Media Teams,211-240 Use Cases,canonical,,Use Cases,use-cases,leaf,/use-cases/social-media-teams,,/use-cases,Home > Use Cases > GetSibu for Social Media Teams,O Use Case,use-case-organisation,digital asset management for social media teams,commercial,"Show a specific team how GetSibu fits the material they manage, using only capabilities the PDF names for them.",Social teams can maintain a searchable library of social content and campaign assets.,,"Marketing, brand and commerce",213 GetSibu for Marketing Teams; 231 GetSibu for Retail Brands; 230 GetSibu for E-Commerce Brands; 225 GetSibu for Multi-Market Teams; 224 GetSibu for Global Brands; 223 GetSibu for Enterprise Marketing,,,,,213 GetSibu for Marketing Teams; 231 GetSibu for Retail Brands; 230 GetSibu for E-Commerce Brands,0,Start free -> https://getsibu.com/signup,Give Your Creative Team One Source of Truth -> /get-started/give-your-creative-team-one-source-of-truth,GetSibu for Social Media Teams,Social teams can maintain a searchable library of social content and campaign assets.,/use-cases/social-media-teams,WebPage BreadcrumbList,"index,follow",true,Use Cases,photography product-ui,"The team's real material and environment (footage on an edit timeline, a product shoot, a newsroom archive) paired with the GetSibu capabilities the PDF names for that team.",,false,published,,Social teams can maintain a searchable library of social content and campaign assets.
235,GetSibu for PR Teams,211-240 Use Cases,canonical,,Use Cases,use-cases,leaf,/use-cases/pr-teams,,/use-cases,Home > Use Cases > GetSibu for PR Teams,O Use Case,use-case-material,digital asset management for pr teams,commercial,"Show a specific team how GetSibu fits the material they manage, using only capabilities the PDF names for them.","PR teams can quickly locate approved images, executive photos, brand resources and campaign materials.",,"Media, communications and organisations",240 GetSibu for Corporate Communications; 236 GetSibu for Event Companies; 233 GetSibu for Newsrooms; 237 GetSibu for Education Teams; 232 GetSibu for Media Companies; 238 GetSibu for Nonprofits,,,,,240 GetSibu for Corporate Communications; 236 GetSibu for Event Companies; 233 GetSibu for Newsrooms,0,Start free -> https://getsibu.com/signup,Give Your Creative Team One Source of Truth -> /get-started/give-your-creative-team-one-source-of-truth,GetSibu for PR Teams,"PR teams can quickly locate approved images, executive photos, brand resources and campaign materials.",/use-cases/pr-teams,WebPage BreadcrumbList,"index,follow",true,Use Cases,photography product-ui,"The team's real material and environment (footage on an edit timeline, a product shoot, a newsroom archive) paired with the GetSibu capabilities the PDF names for that team.",,false,published,,"PR teams can quickly locate approved images, executive photos, brand resources and campaign materials."
236,GetSibu for Event Companies,211-240 Use Cases,canonical,,Use Cases,use-cases,leaf,/use-cases/event-companies,,/use-cases,Home > Use Cases > GetSibu for Event Companies,O Use Case,use-case-workflow,digital asset management for event companies,commercial,"Show a specific team how GetSibu fits the material they manage, using only capabilities the PDF names for them.","Event teams can organise photography, promotional material, presentations and event recordings.",,"Media, communications and organisations",240 GetSibu for Corporate Communications; 235 GetSibu for PR Teams; 237 GetSibu for Education Teams; 238 GetSibu for Nonprofits; 233 GetSibu for Newsrooms; 239 GetSibu for Internal Communications,,,,,240 GetSibu for Corporate Communications; 235 GetSibu for PR Teams; 237 GetSibu for Education Teams,0,Start free -> https://getsibu.com/signup,Give Your Creative Team One Source of Truth -> /get-started/give-your-creative-team-one-source-of-truth,GetSibu for Event Companies,"Event teams can organise photography, promotional material, presentations and event recordings.",/use-cases/event-companies,WebPage BreadcrumbList,"index,follow",true,Use Cases,photography product-ui,"The team's real material and environment (footage on an edit timeline, a product shoot, a newsroom archive) paired with the GetSibu capabilities the PDF names for that team.",,false,published,,"Event teams can organise photography, promotional material, presentations and event recordings."
237,GetSibu for Education Teams,211-240 Use Cases,canonical,,Use Cases,use-cases,leaf,/use-cases/education-teams,,/use-cases,Home > Use Cases > GetSibu for Education Teams,O Use Case,use-case-organisation,digital asset management for education teams,commercial,"Show a specific team how GetSibu fits the material they manage, using only capabilities the PDF names for them.","Education organisations can manage course media, presentations, recordings and visual resources.",,"Media, communications and organisations",240 GetSibu for Corporate Communications; 236 GetSibu for Event Companies; 238 GetSibu for Nonprofits; 235 GetSibu for PR Teams; 239 GetSibu for Internal Communications; 233 GetSibu for Newsrooms,,,,,240 GetSibu for Corporate Communications; 236 GetSibu for Event Companies; 238 GetSibu for Nonprofits,0,Start free -> https://getsibu.com/signup,Give Your Creative Team One Source of Truth -> /get-started/give-your-creative-team-one-source-of-truth,GetSibu for Education Teams,"Education organisations can manage course media, presentations, recordings and visual resources.",/use-cases/education-teams,WebPage BreadcrumbList,"index,follow",true,Use Cases,photography product-ui,"The team's real material and environment (footage on an edit timeline, a product shoot, a newsroom archive) paired with the GetSibu capabilities the PDF names for that team.",,false,published,,"Education organisations can manage course media, presentations, recordings and visual resources."
238,GetSibu for Nonprofits,211-240 Use Cases,canonical,,Use Cases,use-cases,leaf,/use-cases/nonprofits,,/use-cases,Home > Use Cases > GetSibu for Nonprofits,O Use Case,use-case-material,digital asset management for nonprofits,commercial,"Show a specific team how GetSibu fits the material they manage, using only capabilities the PDF names for them.","Nonprofits can centralise campaign imagery, event content, documents and communications assets.",,"Media, communications and organisations",240 GetSibu for Corporate Communications; 237 GetSibu for Education Teams; 239 GetSibu for Internal Communications; 236 GetSibu for Event Companies; 235 GetSibu for PR Teams; 233 GetSibu for Newsrooms,,,,,240 GetSibu for Corporate Communications; 237 GetSibu for Education Teams; 239 GetSibu for Internal Communications,0,Start free -> https://getsibu.com/signup,Give Your Creative Team One Source of Truth -> /get-started/give-your-creative-team-one-source-of-truth,GetSibu for Nonprofits,"Nonprofits can centralise campaign imagery, event content, documents and communications assets.",/use-cases/nonprofits,WebPage BreadcrumbList,"index,follow",true,Use Cases,photography product-ui,"The team's real material and environment (footage on an edit timeline, a product shoot, a newsroom archive) paired with the GetSibu capabilities the PDF names for that team.",,false,published,,"Nonprofits can centralise campaign imagery, event content, documents and communications assets."
239,GetSibu for Internal Communications,211-240 Use Cases,canonical,,Use Cases,use-cases,leaf,/use-cases/internal-communications,,/use-cases,Home > Use Cases > GetSibu for Internal Communications,O Use Case,use-case-workflow,digital asset management for internal communications,commercial,"Show a specific team how GetSibu fits the material they manage, using only capabilities the PDF names for them.",Internal communication teams can manage employee communications assets and approved organisational media.,,"Media, communications and organisations",240 GetSibu for Corporate Communications; 238 GetSibu for Nonprofits; 237 GetSibu for Education Teams; 236 GetSibu for Event Companies; 235 GetSibu for PR Teams; 233 GetSibu for Newsrooms,,,,,240 GetSibu for Corporate Communications; 238 GetSibu for Nonprofits; 237 GetSibu for Education Teams,0,Start free -> https://getsibu.com/signup,Give Your Creative Team One Source of Truth -> /get-started/give-your-creative-team-one-source-of-truth,GetSibu for Internal Communications,Internal communication teams can manage employee communications assets and approved organisational media.,/use-cases/internal-communications,WebPage BreadcrumbList,"index,follow",true,Use Cases,photography product-ui,"The team's real material and environment (footage on an edit timeline, a product shoot, a newsroom archive) paired with the GetSibu capabilities the PDF names for that team.",,false,published,,Internal communication teams can manage employee communications assets and approved organisational media.
240,GetSibu for Corporate Communications,211-240 Use Cases,canonical,,Use Cases,use-cases,leaf,/use-cases/corporate-communications,,/use-cases,Home > Use Cases > GetSibu for Corporate Communications,O Use Case,use-case-organisation,digital asset management for corporate communications,commercial,"Show a specific team how GetSibu fits the material they manage, using only capabilities the PDF names for them.","Corporate communications teams can maintain a central source of truth for presentations, photography, videos and public-facing assets.",,"Media, communications and organisations",239 GetSibu for Internal Communications; 238 GetSibu for Nonprofits; 237 GetSibu for Education Teams; 236 GetSibu for Event Companies; 235 GetSibu for PR Teams; 233 GetSibu for Newsrooms,,,,,239 GetSibu for Internal Communications; 238 GetSibu for Nonprofits; 237 GetSibu for Education Teams,0,Start free -> https://getsibu.com/signup,Give Your Creative Team One Source of Truth -> /get-started/give-your-creative-team-one-source-of-truth,GetSibu for Corporate Communications,"Corporate communications teams can maintain a central source of truth for presentations, photography, videos and public-facing assets.",/use-cases/corporate-communications,WebPage BreadcrumbList,"index,follow",true,Use Cases,photography product-ui,"The team's real material and environment (footage on an edit timeline, a product shoot, a newsroom archive) paired with the GetSibu capabilities the PDF names for that team.",,false,published,,"Corporate communications teams can maintain a central source of truth for presentations, photography, videos and public-facing assets."
241,GetSibu Integrations,241-260 Integrations,canonical,,Integrations,integrations,section-root,/integrations,,/,Home > GetSibu Integrations,M Integration,integration-connection,getsibu integrations,commercial,Explain what connecting a specific tool or storage source to GetSibu does and what flows between them.,GetSibu connects with the tools teams already use so organisations do not need to completely rebuild their existing creative workflow.,,Integrations,260 Custom Integrations; 273 API Documentation; 299 DAM Implementation; 303 Cloud-Based Asset Management; 390 Can GetSibu Integrate With Existing Tools?,,260 Custom Integrations; 273 API Documentation; 299 DAM Implementation; 303 Cloud-Based Asset Management,,390 Can GetSibu Integrate With Existing Tools?,,3,Start free -> https://getsibu.com/signup,Bring Your Creative Assets Together -> /get-started/bring-your-creative-assets-together,GetSibu Integrations,GetSibu connects with the tools teams already use so organisations do not need to completely rebuild their existing creative workflow.,/integrations,WebPage BreadcrumbList,"index,follow",true,Integrations,diagram,"The connection itself: the external tool and GetSibu, and what flows between them (assets, events, notifications). Third-party marks only per each vendor's brand guidelines.",,false,published,,GetSibu connects with the tools teams already use so organisations do not need to completely rebuild their existing creative workflow.
242,Google Drive Integration,241-260 Integrations,merged,122,Integrations,integrations,leaf,/storage/google-drive,,/integrations,Home > Integrations > Google Drive Integration,M Integration,,google drive integration,commercial,Explain what connecting a specific tool or storage source to GetSibu does and what flows between them.,Google Drive integration allows organisations to connect existing cloud storage and make creative assets available through GetSibu.,,Storage sources,122 Google Drive Integration,,,,,,0,Start free -> https://getsibu.com/signup,Bring Your Creative Assets Together -> /get-started/bring-your-creative-assets-together,Google Drive Integration | GetSibu,Google Drive Integration: GetSibu creates a unified environment for managing creative content from multiple storage sources while retaining organisational…,/storage/google-drive,WebPage BreadcrumbList,"noindex,follow",false,Integrations,diagram,"The connection itself: the external tool and GetSibu, and what flows between them (assets, events, notifications). Third-party marks only per each vendor's brand guidelines.",storage-sources,true,held,150,Google Drive integration allows organisations to connect existing cloud storage and make creative assets available through GetSibu.
243,Dropbox Integration,241-260 Integrations,merged,123,Integrations,integrations,leaf,/storage/dropbox,,/integrations,Home > Integrations > Dropbox Integration,M Integration,,dropbox integration,commercial,Explain what connecting a specific tool or storage source to GetSibu does and what flows between them.,Dropbox integration helps teams centralise content stored in Dropbox.,,Storage sources,123 Dropbox Integration,,,,,,0,Start free -> https://getsibu.com/signup,Bring Your Creative Assets Together -> /get-started/bring-your-creative-assets-together,Dropbox Integration | GetSibu,Dropbox Integration: GetSibu creates a unified environment for managing creative content from multiple storage sources while retaining organisational…,/storage/dropbox,WebPage BreadcrumbList,"noindex,follow",false,Integrations,diagram,"The connection itself: the external tool and GetSibu, and what flows between them (assets, events, notifications). Third-party marks only per each vendor's brand guidelines.",storage-sources,true,held,150,Dropbox integration helps teams centralise content stored in Dropbox.
244,OneDrive Integration,241-260 Integrations,merged,124,Integrations,integrations,leaf,/storage/onedrive,,/integrations,Home > Integrations > OneDrive Integration,M Integration,,onedrive integration,commercial,Explain what connecting a specific tool or storage source to GetSibu does and what flows between them.,OneDrive integration allows organisations to incorporate Microsoft cloud storage into their creative library workflow.,,Storage sources,124 OneDrive Integration,,,,,,0,Start free -> https://getsibu.com/signup,Bring Your Creative Assets Together -> /get-started/bring-your-creative-assets-together,OneDrive Integration | GetSibu,OneDrive Integration: GetSibu creates a unified environment for managing creative content from multiple storage sources while retaining organisational…,/storage/onedrive,WebPage BreadcrumbList,"noindex,follow",false,Integrations,diagram,"The connection itself: the external tool and GetSibu, and what flows between them (assets, events, notifications). Third-party marks only per each vendor's brand guidelines.",storage-sources,true,held,150,OneDrive integration allows organisations to incorporate Microsoft cloud storage into their creative library workflow.
245,AWS S3 Integration,241-260 Integrations,merged,125,Integrations,integrations,leaf,/storage/aws-s3,,/integrations,Home > Integrations > AWS S3 Integration,M Integration,,aws s3 integration,commercial,Explain what connecting a specific tool or storage source to GetSibu does and what flows between them.,AWS S3 provides scalable storage connectivity for organisations managing large asset collections.,,Storage sources,125 AWS S3 Integration,,,,,,0,Start free -> https://getsibu.com/signup,Bring Your Creative Assets Together -> /get-started/bring-your-creative-assets-together,AWS S3 Integration | GetSibu,AWS S3 Integration: GetSibu creates a unified environment for managing creative content from multiple storage sources while retaining organisational structure…,/storage/aws-s3,WebPage BreadcrumbList,"noindex,follow",false,Integrations,diagram,"The connection itself: the external tool and GetSibu, and what flows between them (assets, events, notifications). Third-party marks only per each vendor's brand guidelines.",storage-sources,true,held,150,AWS S3 provides scalable storage connectivity for organisations managing large asset collections.
246,Slack Integration,241-260 Integrations,canonical,,Integrations,integrations,leaf,/integrations/slack,,/integrations,Home > Integrations > Slack Integration,M Integration,integration-context,slack integration,commercial,Explain what connecting a specific tool or storage source to GetSibu does and what flows between them.,Slack integration can connect asset activity and notifications with team communication workflows.,,Automation,257 Webhook Automation; 278 Developer Automation; 252 Webhooks,,257 Webhook Automation; 278 Developer Automation,,,,0,Start free -> https://getsibu.com/signup,Bring Your Creative Assets Together -> /get-started/bring-your-creative-assets-together,Slack Integration | GetSibu,"Slack Integration: webhook events can be used to trigger downstream workflows when assets, comments, approvals or other supported events occur.",/integrations/slack,WebPage BreadcrumbList,"noindex,follow",false,Integrations,diagram,"The connection itself: the external tool and GetSibu, and what flows between them (assets, events, notifications). Third-party marks only per each vendor's brand guidelines.",slack,true,held,257,Slack integration can connect asset activity and notifications with team communication workflows.
247,Figma Integration,241-260 Integrations,canonical,,Integrations,integrations,leaf,/integrations/figma,,/integrations,Home > Integrations > Figma Integration,M Integration,integration-connection,figma integration,commercial,Explain what connecting a specific tool or storage source to GetSibu does and what flows between them.,Figma integration supports workflows where design teams create and manage visual content in collaborative design environments.,,Creative tools,241 GetSibu Integrations; 260 Custom Integrations,,,,,,0,Start free -> https://getsibu.com/signup,Bring Your Creative Assets Together -> /get-started/bring-your-creative-assets-together,Figma Integration | GetSibu,Figma Integration: organisations can request integrations for tools that are not already part of the supported integration ecosystem.,/integrations/figma,WebPage BreadcrumbList,"noindex,follow",false,Integrations,diagram,"The connection itself: the external tool and GetSibu, and what flows between them (assets, events, notifications). Third-party marks only per each vendor's brand guidelines.",figma,true,held,260,Figma integration supports workflows where design teams create and manage visual content in collaborative design environments.
248,Adobe Premiere Pro Integration,241-260 Integrations,canonical,,Integrations,integrations,leaf,/integrations/adobe-premiere-pro,,/integrations,Home > Integrations > Adobe Premiere Pro Integration,M Integration,integration-context,adobe premiere pro integration,commercial,Explain what connecting a specific tool or storage source to GetSibu does and what flows between them.,Premiere Pro integration supports professional video workflows and helps teams connect media management with editing environments.,,Creative tools,241 GetSibu Integrations; 260 Custom Integrations,,,,,,0,Start free -> https://getsibu.com/signup,Bring Your Creative Assets Together -> /get-started/bring-your-creative-assets-together,Adobe Premiere Pro Integration | GetSibu,Adobe Premiere Pro Integration: organisations can request integrations for tools that are not already part of the supported integration ecosystem.,/integrations/adobe-premiere-pro,WebPage BreadcrumbList,"noindex,follow",false,Integrations,diagram,"The connection itself: the external tool and GetSibu, and what flows between them (assets, events, notifications). Third-party marks only per each vendor's brand guidelines.",adobe-premiere-after-effects,true,held,260,Premiere Pro integration supports professional video workflows and helps teams connect media management with editing environments.
249,Adobe After Effects Integration,241-260 Integrations,canonical,,Integrations,integrations,leaf,/integrations/adobe-after-effects,,/integrations,Home > Integrations > Adobe After Effects Integration,M Integration,integration-connection,adobe after effects integration,commercial,Explain what connecting a specific tool or storage source to GetSibu does and what flows between them.,After Effects integration supports motion design and visual-effects workflows.,,Creative tools,241 GetSibu Integrations; 260 Custom Integrations,,,,,,0,Start free -> https://getsibu.com/signup,Bring Your Creative Assets Together -> /get-started/bring-your-creative-assets-together,Adobe After Effects Integration | GetSibu,Adobe After Effects Integration: organisations can request integrations for tools that are not already part of the supported integration ecosystem.,/integrations/adobe-after-effects,WebPage BreadcrumbList,"noindex,follow",false,Integrations,diagram,"The connection itself: the external tool and GetSibu, and what flows between them (assets, events, notifications). Third-party marks only per each vendor's brand guidelines.",adobe-premiere-after-effects,true,held,260,After Effects integration supports motion design and visual-effects workflows.
250,Frame.io Integration,241-260 Integrations,canonical,,Integrations,integrations,leaf,/integrations/frame-io,,/integrations,Home > Integrations > Frame.io Integration,M Integration,integration-context,frame.io integration,commercial,Explain what connecting a specific tool or storage source to GetSibu does and what flows between them.,Frame.io integration can help connect professional video review workflows with central asset management.,Connecting Frame.io review workflows with central asset management.,Video and creative review; Creative tools,64 Video Timeline Comments; 81 Production Collaboration; 69 Creative Review; 65 Frame-Accurate Review,,64 Video Timeline Comments; 81 Production Collaboration; 69 Creative Review; 65 Frame-Accurate Review,,385 Does GetSibu Support Video Comments?,,0,Start free -> https://getsibu.com/signup,Bring Your Creative Assets Together -> /get-started/bring-your-creative-assets-together,Frame.io Integration | GetSibu,Frame.io Integration: organisations can request integrations for tools that are not already part of the supported integration ecosystem.,/integrations/frame-io,WebPage BreadcrumbList,"noindex,follow",false,Integrations,diagram,"The connection itself: the external tool and GetSibu, and what flows between them (assets, events, notifications). Third-party marks only per each vendor's brand guidelines.",frame-io,true,held,260,Frame.io integration can help connect professional video review workflows with central asset management.
251,Zapier Integration,241-260 Integrations,canonical,,Integrations,integrations,leaf,/integrations/zapier,,/integrations,Home > Integrations > Zapier Integration,M Integration,integration-connection,zapier integration,commercial,Explain what connecting a specific tool or storage source to GetSibu does and what flows between them.,Zapier can connect GetSibu events with other business applications and automation workflows.,,Automation,257 Webhook Automation; 278 Developer Automation; 252 Webhooks,,257 Webhook Automation; 278 Developer Automation,,,,0,Start free -> https://getsibu.com/signup,Bring Your Creative Assets Together -> /get-started/bring-your-creative-assets-together,Zapier Integration | GetSibu,"Zapier Integration: webhook events can be used to trigger downstream workflows when assets, comments, approvals or other supported events occur.",/integrations/zapier,WebPage BreadcrumbList,"noindex,follow",false,Integrations,diagram,"The connection itself: the external tool and GetSibu, and what flows between them (assets, events, notifications). Third-party marks only per each vendor's brand guidelines.",zapier,true,held,257,Zapier can connect GetSibu events with other business applications and automation workflows.
252,Webhooks,241-260 Integrations,canonical,,Developers,developers,leaf,/developers/webhooks,,/developers,Home > Developers > Webhooks,H API / Developer,developer-events,webhooks,commercial,"Explain a developer capability for technical evaluators, linking to API documentation for specifics.",Webhooks allow external systems to receive event notifications when supported asset or collaboration events occur.,What webhooks are in GetSibu: notifications to external systems when events occur.,Webhooks and events,268 Webhook Events; 257 Webhook Automation; 253 REST API; 254 API-First DAM; 278 Developer Automation,,268 Webhook Events; 257 Webhook Automation; 253 REST API; 254 API-First DAM,,388 Does GetSibu Have an API?; 390 Can GetSibu Integrate With Existing Tools?,,0,Start free -> https://getsibu.com/signup,Build a Smarter Creative Workflow -> /get-started/build-a-smarter-creative-workflow,Webhooks | GetSibu,"Webhooks: webhook events can be used to trigger downstream workflows when assets, comments, approvals or other supported events occur.",/developers/webhooks,WebPage TechArticle BreadcrumbList,"index,follow",true,API & Developers,code-concept diagram,Request and event flow between an external application and the GetSibu API. Code is shown only where it matches published API documentation.,webhook-events,true,framed,257,Webhooks allow external systems to receive event notifications when supported asset or collaboration events occur.
253,REST API,241-260 Integrations,canonical,,Developers,developers,leaf,/developers/rest-api,,/developers,Home > Developers > REST API,H API / Developer,developer-flow,rest api,commercial,"Explain a developer capability for technical evaluators, linking to API documentation for specifics.",GetSibu provides an API-first architecture so developers can interact with the same platform capabilities used by the interface.,REST API: the same platform capabilities the interface uses.,The GetSibu API,254 API-First DAM; 261 GetSibu API; 255 Developer API; 273 API Documentation; 279 Custom Asset Applications; 280 GetSibu for Developers,254 API-First DAM,254 API-First DAM; 261 GetSibu API; 255 Developer API; 273 API Documentation,,388 Does GetSibu Have an API?,,0,Start free -> https://getsibu.com/signup,Build a Smarter Creative Workflow -> /get-started/build-a-smarter-creative-workflow,REST API | GetSibu,GetSibu provides an API-first architecture so developers can interact with the same platform capabilities used by the interface.,/developers/rest-api,WebPage TechArticle BreadcrumbList,"index,follow",true,API & Developers,code-concept diagram,Request and event flow between an external application and the GetSibu API. Code is shown only where it matches published API documentation.,rest-api-first,false,published,,GetSibu provides an API-first architecture so developers can interact with the same platform capabilities used by the interface.
254,API-First DAM,241-260 Integrations,canonical,,Developers,developers,leaf,/developers/api-first-dam,,/developers,Home > Developers > API-First DAM,H API / Developer,developer-foundation,api-first dam,commercial,"Explain a developer capability for technical evaluators, linking to API documentation for specifics.","GetSibu is designed as an API-first digital asset management platform, allowing organisations to build custom experiences around the underlying asset system.",API-first architecture as positioning: build custom experiences on the asset system.,The GetSibu API,253 REST API; 261 GetSibu API; 255 Developer API; 273 API Documentation; 279 Custom Asset Applications; 280 GetSibu for Developers,,253 REST API; 261 GetSibu API; 255 Developer API; 273 API Documentation,,388 Does GetSibu Have an API?,,0,Start free -> https://getsibu.com/signup,Build a Smarter Creative Workflow -> /get-started/build-a-smarter-creative-workflow,API-First DAM | GetSibu,"GetSibu is designed as an API-first digital asset management platform, allowing organisations to build custom experiences around the underlying asset system.",/developers/api-first-dam,WebPage TechArticle BreadcrumbList,"index,follow",true,API & Developers,code-concept diagram,Request and event flow between an external application and the GetSibu API. Code is shown only where it matches published API documentation.,rest-api-first,false,published,,"GetSibu is designed as an API-first digital asset management platform, allowing organisations to build custom experiences around the underlying asset system."
255,Developer API,241-260 Integrations,canonical,,Developers,developers,leaf,/developers/developer-api,,/developers,Home > Developers > Developer API,H API / Developer,developer-flow,developer api,commercial,"Explain a developer capability for technical evaluators, linking to API documentation for specifics.","Developers can use the API to integrate asset upload, search, collaboration and other supported workflows into custom applications.","What developers integrate: upload, search, collaboration and other workflows.",The GetSibu API,261 GetSibu API; 254 API-First DAM; 253 REST API; 273 API Documentation; 279 Custom Asset Applications; 280 GetSibu for Developers,261 GetSibu API,261 GetSibu API; 254 API-First DAM; 253 REST API; 273 API Documentation,,388 Does GetSibu Have an API?,,0,Start free -> https://getsibu.com/signup,Build a Smarter Creative Workflow -> /get-started/build-a-smarter-creative-workflow,Developer API | GetSibu,"Developers can use the API to integrate asset upload, search, collaboration and other supported workflows into custom applications.",/developers/developer-api,WebPage TechArticle BreadcrumbList,"index,follow",true,API & Developers,code-concept diagram,Request and event flow between an external application and the GetSibu API. Code is shown only where it matches published API documentation.,,false,published,,"Developers can use the API to integrate asset upload, search, collaboration and other supported workflows into custom applications."
256,API Authentication,241-260 Integrations,canonical,,Developers,developers,leaf,/developers/api-authentication,,/developers,Home > Developers > API Authentication,H API / Developer,developer-foundation,api authentication,commercial,"Explain a developer capability for technical evaluators, linking to API documentation for specifics.",API requests use authenticated access so external applications can interact with the platform within appropriate security boundaries.,Applications: authenticated access within security boundaries.,API authentication and security,277 API Security; 275 Developer Authentication; 276 API Tenant Isolation; 261 GetSibu API; 255 Developer API; 257 Webhook Automation,261 GetSibu API,277 API Security; 275 Developer Authentication; 276 API Tenant Isolation; 261 GetSibu API,,,,0,Start free -> https://getsibu.com/signup,Build a Smarter Creative Workflow -> /get-started/build-a-smarter-creative-workflow,API Authentication | GetSibu,API requests use authenticated access so external applications can interact with the platform within appropriate security boundaries.,/developers/api-authentication,WebPage TechArticle BreadcrumbList,"index,follow",true,API & Developers,code-concept diagram,Request and event flow between an external application and the GetSibu API. Code is shown only where it matches published API documentation.,,false,published,,API requests use authenticated access so external applications can interact with the platform within appropriate security boundaries.
257,Webhook Automation,241-260 Integrations,canonical,,Developers,developers,leaf,/developers/webhook-automation,,/developers,Home > Developers > Webhook Automation,H API / Developer,developer-event-flow,webhook automation,commercial,"Explain a developer capability for technical evaluators, linking to API documentation for specifics.","Webhook events can be used to trigger downstream workflows when assets, comments, approvals or other supported events occur.","Automation: triggering downstream workflows from assets, comments and approvals.",Automation; Webhooks and events,252 Webhooks; 268 Webhook Events; 278 Developer Automation; 67 Creative Approval Workflow; 62 Asset Comments; 256 API Authentication,252 Webhooks; 62 Asset Comments; 67 Creative Approval Workflow,252 Webhooks; 268 Webhook Events; 278 Developer Automation; 67 Creative Approval Workflow,,,,0,Start free -> https://getsibu.com/signup,Build a Smarter Creative Workflow -> /get-started/build-a-smarter-creative-workflow,Webhook Automation | GetSibu,"Webhook events can be used to trigger downstream workflows when assets, comments, approvals or other supported events occur.",/developers/webhook-automation,WebPage TechArticle BreadcrumbList,"index,follow",true,API & Developers,code-concept diagram,Request and event flow between an external application and the GetSibu API. Code is shown only where it matches published API documentation.,,false,published,,"Webhook events can be used to trigger downstream workflows when assets, comments, approvals or other supported events occur."
258,Developer Playground,241-260 Integrations,canonical,,Developers,developers,leaf,/developers/developer-playground,,/developers,Home > Developers > Developer Playground,H API / Developer,developer-foundation,developer playground,commercial,"Explain a developer capability for technical evaluators, linking to API documentation for specifics.",The developer playground provides an environment for testing API requests and understanding how integrations interact with GetSibu.,The playground for testing requests.,The GetSibu API,261 GetSibu API; 255 Developer API; 254 API-First DAM; 253 REST API; 273 API Documentation; 279 Custom Asset Applications,261 GetSibu API; 241 GetSibu Integrations,261 GetSibu API; 255 Developer API; 254 API-First DAM; 253 REST API,,388 Does GetSibu Have an API?,,0,Start free -> https://getsibu.com/signup,Build a Smarter Creative Workflow -> /get-started/build-a-smarter-creative-workflow,Developer Playground | GetSibu,Developer Playground: the GetSibu API provides programmatic access to the digital asset platform for developers and technology teams.,/developers/developer-playground,WebPage TechArticle BreadcrumbList,"noindex,follow",false,API & Developers,code-concept diagram,Request and event flow between an external application and the GetSibu API. Code is shown only where it matches published API documentation.,developer-playground,true,held,261,The developer playground provides an environment for testing API requests and understanding how integrations interact with GetSibu.
259,SDK Support,241-260 Integrations,canonical,,Developers,developers,leaf,/developers/sdk-support,,/developers,Home > Developers > SDK Support,H API / Developer,developer-flow,sdk support,commercial,"Explain a developer capability for technical evaluators, linking to API documentation for specifics.","GetSibu's stated developer direction includes TypeScript, Python and Go SDKs generated from the OpenAPI specification.",SDK direction (claim — verify availability before publishing).,The GetSibu API,261 GetSibu API; 255 Developer API; 254 API-First DAM; 253 REST API; 273 API Documentation; 279 Custom Asset Applications,,261 GetSibu API; 255 Developer API; 254 API-First DAM; 253 REST API,,388 Does GetSibu Have an API?,,0,Start free -> https://getsibu.com/signup,Build a Smarter Creative Workflow -> /get-started/build-a-smarter-creative-workflow,SDK Support | GetSibu,SDK Support: the GetSibu API provides programmatic access to the digital asset platform for developers and technology teams.,/developers/sdk-support,WebPage TechArticle BreadcrumbList,"noindex,follow",false,API & Developers,code-concept diagram,Request and event flow between an external application and the GetSibu API. Code is shown only where it matches published API documentation.,openapi sdks,true,held,261,"GetSibu's stated developer direction includes TypeScript, Python and Go SDKs generated from the OpenAPI specification."
260,Custom Integrations,241-260 Integrations,canonical,,Integrations,integrations,leaf,/integrations/custom-integrations,,/integrations,Home > Integrations > Custom Integrations,M Integration,integration-context,custom integrations,commercial,Explain what connecting a specific tool or storage source to GetSibu does and what flows between them.,Organisations can request integrations for tools that are not already part of the supported integration ecosystem.,,Integrations,241 GetSibu Integrations; 273 API Documentation; 299 DAM Implementation,241 GetSibu Integrations,241 GetSibu Integrations,,390 Can GetSibu Integrate With Existing Tools?,,0,Start free -> https://getsibu.com/signup,Bring Your Creative Assets Together -> /get-started/bring-your-creative-assets-together,Custom Integrations | GetSibu,Organisations can request integrations for tools that are not already part of the supported integration ecosystem.,/integrations/custom-integrations,WebPage BreadcrumbList,"index,follow",true,Integrations,diagram,"The connection itself: the external tool and GetSibu, and what flows between them (assets, events, notifications). Third-party marks only per each vendor's brand guidelines.",,false,published,,Organisations can request integrations for tools that are not already part of the supported integration ecosystem.
261,GetSibu API,261-280 API and Developer Pages,canonical,,Developers,developers,leaf,/developers/api,,/developers,Home > Developers > GetSibu API,H API / Developer,developer-foundation,getsibu api,commercial,"Explain a developer capability for technical evaluators, linking to API documentation for specifics.",The GetSibu API provides programmatic access to the digital asset platform for developers and technology teams.,Overview: programmatic access for developers and technology teams.,The GetSibu API,255 Developer API; 273 API Documentation; 279 Custom Asset Applications; 254 API-First DAM; 253 REST API; 388 Does GetSibu Have an API?,,255 Developer API; 273 API Documentation; 279 Custom Asset Applications; 254 API-First DAM,,388 Does GetSibu Have an API?,,0,Start free -> https://getsibu.com/signup,Build a Smarter Creative Workflow -> /get-started/build-a-smarter-creative-workflow,GetSibu API,The GetSibu API provides programmatic access to the digital asset platform for developers and technology teams.,/developers/api,WebPage TechArticle BreadcrumbList,"index,follow",true,API & Developers,code-concept diagram,Request and event flow between an external application and the GetSibu API. Code is shown only where it matches published API documentation.,rest-api-first,false,published,,The GetSibu API provides programmatic access to the digital asset platform for developers and technology teams.
262,Asset Upload API,261-280 API and Developer Pages,canonical,,Developers,developers,leaf,/developers/asset-upload-api,,/developers,Home > Developers > Asset Upload API,H API / Developer,developer-flow,asset upload api,commercial,"Explain a developer capability for technical evaluators, linking to API documentation for specifics.",The asset upload API allows external applications to send files into the GetSibu environment.,,API capabilities,263 Asset Search API; 264 Asset Metadata API; 265 Asset Tags API; 266 Asset Comments API; 267 Approval API; 261 GetSibu API,261 GetSibu API,263 Asset Search API; 264 Asset Metadata API; 265 Asset Tags API; 266 Asset Comments API,,,,0,Start free -> https://getsibu.com/signup,Build a Smarter Creative Workflow -> /get-started/build-a-smarter-creative-workflow,Asset Upload API | GetSibu,The asset upload API allows external applications to send files into the GetSibu environment.,/developers/asset-upload-api,WebPage TechArticle BreadcrumbList,"index,follow",true,API & Developers,code-concept diagram,Request and event flow between an external application and the GetSibu API. Code is shown only where it matches published API documentation.,,false,published,,The asset upload API allows external applications to send files into the GetSibu environment.
263,Asset Search API,261-280 API and Developer Pages,canonical,,Developers,developers,leaf,/developers/asset-search-api,,/developers,Home > Developers > Asset Search API,H API / Developer,developer-foundation,asset search api,commercial,"Explain a developer capability for technical evaluators, linking to API documentation for specifics.",Applications can integrate asset search into custom interfaces and workflows.,,API capabilities,262 Asset Upload API; 264 Asset Metadata API; 265 Asset Tags API; 266 Asset Comments API; 267 Approval API; 261 GetSibu API,,262 Asset Upload API; 264 Asset Metadata API; 265 Asset Tags API; 266 Asset Comments API,,,,0,Start free -> https://getsibu.com/signup,Build a Smarter Creative Workflow -> /get-started/build-a-smarter-creative-workflow,Asset Search API | GetSibu,Applications can integrate asset search into custom interfaces and workflows.,/developers/asset-search-api,WebPage TechArticle BreadcrumbList,"index,follow",true,API & Developers,code-concept diagram,Request and event flow between an external application and the GetSibu API. Code is shown only where it matches published API documentation.,,false,published,,Applications can integrate asset search into custom interfaces and workflows.
264,Asset Metadata API,261-280 API and Developer Pages,canonical,,Developers,developers,leaf,/developers/asset-metadata-api,,/developers,Home > Developers > Asset Metadata API,H API / Developer,developer-flow,asset metadata api,commercial,"Explain a developer capability for technical evaluators, linking to API documentation for specifics.",The API can expose asset information so external systems can work with metadata programmatically.,,API capabilities,262 Asset Upload API; 263 Asset Search API; 265 Asset Tags API; 266 Asset Comments API; 267 Approval API; 261 GetSibu API,261 GetSibu API; 22 Media Metadata Management,262 Asset Upload API; 263 Asset Search API; 265 Asset Tags API; 266 Asset Comments API,,,,0,Start free -> https://getsibu.com/signup,Build a Smarter Creative Workflow -> /get-started/build-a-smarter-creative-workflow,Asset Metadata API | GetSibu,The API can expose asset information so external systems can work with metadata programmatically.,/developers/asset-metadata-api,WebPage TechArticle BreadcrumbList,"index,follow",true,API & Developers,code-concept diagram,Request and event flow between an external application and the GetSibu API. Code is shown only where it matches published API documentation.,,false,published,,The API can expose asset information so external systems can work with metadata programmatically.
265,Asset Tags API,261-280 API and Developer Pages,canonical,,Developers,developers,leaf,/developers/asset-tags-api,,/developers,Home > Developers > Asset Tags API,H API / Developer,developer-foundation,asset tags api,commercial,"Explain a developer capability for technical evaluators, linking to API documentation for specifics.",Developers can integrate asset tagging workflows into custom applications.,,API capabilities,262 Asset Upload API; 264 Asset Metadata API; 266 Asset Comments API; 263 Asset Search API; 267 Approval API,,262 Asset Upload API; 264 Asset Metadata API; 266 Asset Comments API; 263 Asset Search API,,,,0,Start free -> https://getsibu.com/signup,Build a Smarter Creative Workflow -> /get-started/build-a-smarter-creative-workflow,Asset Tags API | GetSibu,Developers can integrate asset tagging workflows into custom applications.,/developers/asset-tags-api,WebPage TechArticle BreadcrumbList,"index,follow",true,API & Developers,code-concept diagram,Request and event flow between an external application and the GetSibu API. Code is shown only where it matches published API documentation.,,false,published,,Developers can integrate asset tagging workflows into custom applications.
266,Asset Comments API,261-280 API and Developer Pages,canonical,,Developers,developers,leaf,/developers/asset-comments-api,,/developers,Home > Developers > Asset Comments API,H API / Developer,developer-flow,asset comments api,commercial,"Explain a developer capability for technical evaluators, linking to API documentation for specifics.",Comment-related events can support custom collaboration workflows.,,API capabilities,262 Asset Upload API; 265 Asset Tags API; 267 Approval API; 264 Asset Metadata API; 263 Asset Search API; 268 Webhook Events,,262 Asset Upload API; 265 Asset Tags API; 267 Approval API; 264 Asset Metadata API,,,,0,Start free -> https://getsibu.com/signup,Build a Smarter Creative Workflow -> /get-started/build-a-smarter-creative-workflow,Asset Comments API | GetSibu,"How comment-related events in GetSibu can support custom collaboration workflows, which workflows they suit, and how to act on feedback beside the work.",/developers/asset-comments-api,WebPage TechArticle BreadcrumbList,"index,follow",true,API & Developers,code-concept diagram,Request and event flow between an external application and the GetSibu API. Code is shown only where it matches published API documentation.,,false,published,,Comment-related events can support custom collaboration workflows.
267,Approval API,261-280 API and Developer Pages,canonical,,Developers,developers,leaf,/developers/approval-api,,/developers,Home > Developers > Approval API,H API / Developer,developer-foundation,approval api,commercial,"Explain a developer capability for technical evaluators, linking to API documentation for specifics.",Approval events can be incorporated into external production and workflow systems.,Approval events in external systems (API).,Approvals; API capabilities,67 Creative Approval Workflow; 262 Asset Upload API; 266 Asset Comments API; 265 Asset Tags API; 264 Asset Metadata API; 263 Asset Search API,67 Creative Approval Workflow,67 Creative Approval Workflow; 262 Asset Upload API; 266 Asset Comments API; 265 Asset Tags API,370 What Is Creative Approval?,,,0,Start free -> https://getsibu.com/signup,Build a Smarter Creative Workflow -> /get-started/build-a-smarter-creative-workflow,Approval API | GetSibu,Approval events can be incorporated into external production and workflow systems.,/developers/approval-api,WebPage TechArticle BreadcrumbList,"index,follow",true,API & Developers,code-concept diagram,Request and event flow between an external application and the GetSibu API. Code is shown only where it matches published API documentation.,,false,published,,Approval events can be incorporated into external production and workflow systems.
268,Webhook Events,261-280 API and Developer Pages,canonical,,Developers,developers,leaf,/developers/webhook-events,,/developers,Home > Developers > Webhook Events,H API / Developer,developer-events,webhook events,commercial,"Explain a developer capability for technical evaluators, linking to API documentation for specifics.",Webhook events allow connected systems to react to activities occurring inside the platform.,The event catalogue: reacting to platform activity.,Webhooks and events,252 Webhooks; 257 Webhook Automation; 267 Approval API; 266 Asset Comments API; 273 API Documentation; 275 Developer Authentication,252 Webhooks,252 Webhooks; 257 Webhook Automation; 267 Approval API; 266 Asset Comments API,,,,0,Start free -> https://getsibu.com/signup,Build a Smarter Creative Workflow -> /get-started/build-a-smarter-creative-workflow,Webhook Events | GetSibu,"Webhook Events: webhook events can be used to trigger downstream workflows when assets, comments, approvals or other supported events occur.",/developers/webhook-events,WebPage TechArticle BreadcrumbList,"index,follow",true,API & Developers,code-concept diagram,Request and event flow between an external application and the GetSibu API. Code is shown only where it matches published API documentation.,webhook-events,true,framed,257,Webhook events allow connected systems to react to activities occurring inside the platform.
269,Asset Created Webhook,261-280 API and Developer Pages,canonical,,Developers,developers,leaf,/developers/asset-created-webhook,,/developers,Home > Developers > Asset Created Webhook,H API / Developer,developer-event-flow,asset created webhook,commercial,"Explain a developer capability for technical evaluators, linking to API documentation for specifics.",An asset-created event can notify external systems when new content enters the library.,Asset created.,Webhooks and events,268 Webhook Events; 257 Webhook Automation; 252 Webhooks,,268 Webhook Events; 257 Webhook Automation; 252 Webhooks,,,,0,Start free -> https://getsibu.com/signup,Build a Smarter Creative Workflow -> /get-started/build-a-smarter-creative-workflow,Asset Created Webhook | GetSibu,"Asset Created Webhook: webhook events can be used to trigger downstream workflows when assets, comments, approvals or other supported events occur.",/developers/asset-created-webhook,WebPage TechArticle BreadcrumbList,"noindex,follow",false,API & Developers,code-concept diagram,Request and event flow between an external application and the GetSibu API. Code is shown only where it matches published API documentation.,webhook-events,true,held,257,An asset-created event can notify external systems when new content enters the library.
270,Comment Added Webhook,261-280 API and Developer Pages,canonical,,Developers,developers,leaf,/developers/comment-added-webhook,,/developers,Home > Developers > Comment Added Webhook,H API / Developer,developer-events,comment added webhook,commercial,"Explain a developer capability for technical evaluators, linking to API documentation for specifics.",A comment-added event can be used to trigger external communication or workflow automation.,Comment added.,Webhooks and events,268 Webhook Events; 257 Webhook Automation; 252 Webhooks,,268 Webhook Events; 257 Webhook Automation; 252 Webhooks,,,,0,Start free -> https://getsibu.com/signup,Build a Smarter Creative Workflow -> /get-started/build-a-smarter-creative-workflow,Comment Added Webhook | GetSibu,"Comment Added Webhook: webhook events can be used to trigger downstream workflows when assets, comments, approvals or other supported events occur.",/developers/comment-added-webhook,WebPage TechArticle BreadcrumbList,"noindex,follow",false,API & Developers,code-concept diagram,Request and event flow between an external application and the GetSibu API. Code is shown only where it matches published API documentation.,webhook-events,true,held,257,A comment-added event can be used to trigger external communication or workflow automation.
271,Approval Requested Webhook,261-280 API and Developer Pages,canonical,,Developers,developers,leaf,/developers/approval-requested-webhook,,/developers,Home > Developers > Approval Requested Webhook,H API / Developer,developer-event-flow,approval requested webhook,commercial,"Explain a developer capability for technical evaluators, linking to API documentation for specifics.",Approval-requested events can connect GetSibu with external review systems.,Approval requested.,Webhooks and events,268 Webhook Events; 257 Webhook Automation; 252 Webhooks,,268 Webhook Events; 257 Webhook Automation; 252 Webhooks,,,,0,Start free -> https://getsibu.com/signup,Build a Smarter Creative Workflow -> /get-started/build-a-smarter-creative-workflow,Approval Requested Webhook | GetSibu,"Approval Requested Webhook: webhook events can be used to trigger downstream workflows when assets, comments, approvals or other supported events occur.",/developers/approval-requested-webhook,WebPage TechArticle BreadcrumbList,"noindex,follow",false,API & Developers,code-concept diagram,Request and event flow between an external application and the GetSibu API. Code is shown only where it matches published API documentation.,webhook-events,true,held,257,Approval-requested events can connect GetSibu with external review systems.
272,Billing Events,261-280 API and Developer Pages,canonical,,Developers,developers,leaf,/developers/billing-events,,/developers,Home > Developers > Billing Events,H API / Developer,developer-events,billing events,commercial,"Explain a developer capability for technical evaluators, linking to API documentation for specifics.",Billing-related events can support automated administrative workflows.,Billing events.,Webhooks and events,268 Webhook Events; 257 Webhook Automation; 252 Webhooks,,268 Webhook Events; 257 Webhook Automation; 252 Webhooks,,,,0,Start free -> https://getsibu.com/signup,Build a Smarter Creative Workflow -> /get-started/build-a-smarter-creative-workflow,Billing Events | GetSibu,"Billing Events: webhook events can be used to trigger downstream workflows when assets, comments, approvals or other supported events occur.",/developers/billing-events,WebPage TechArticle BreadcrumbList,"noindex,follow",false,API & Developers,code-concept diagram,Request and event flow between an external application and the GetSibu API. Code is shown only where it matches published API documentation.,webhook-events,true,held,257,Billing-related events can support automated administrative workflows.
273,API Documentation,261-280 API and Developer Pages,canonical,,Developers,developers,leaf,/developers/api-documentation,,/developers,Home > Developers > API Documentation,H API / Developer,developer-flow,api documentation,commercial,"Explain a developer capability for technical evaluators, linking to API documentation for specifics.",API documentation provides developers with the information required to build integrations against the platform.,Documentation as the resource for building integrations.,The GetSibu API,261 GetSibu API; 279 Custom Asset Applications; 280 GetSibu for Developers; 255 Developer API; 254 API-First DAM; 253 REST API,261 GetSibu API; 241 GetSibu Integrations,261 GetSibu API; 279 Custom Asset Applications; 280 GetSibu for Developers; 255 Developer API,,388 Does GetSibu Have an API?,,0,Start free -> https://getsibu.com/signup,Build a Smarter Creative Workflow -> /get-started/build-a-smarter-creative-workflow,API Documentation | GetSibu,API documentation provides developers with the information required to build integrations against the platform.,/developers/api-documentation,WebPage TechArticle BreadcrumbList,"index,follow",true,API & Developers,code-concept diagram,Request and event flow between an external application and the GetSibu API. Code is shown only where it matches published API documentation.,,false,published,,API documentation provides developers with the information required to build integrations against the platform.
274,OpenAPI Specification,261-280 API and Developer Pages,canonical,,Developers,developers,leaf,/developers/openapi-specification,,/developers,Home > Developers > OpenAPI Specification,H API / Developer,developer-foundation,openapi specification,commercial,"Explain a developer capability for technical evaluators, linking to API documentation for specifics.",GetSibu's API is positioned around an OpenAPI specification so developers can understand endpoints and generate compatible tooling.,OpenAPI specification for understanding endpoints and generating tooling.,The GetSibu API,261 GetSibu API; 273 API Documentation; 279 Custom Asset Applications; 280 GetSibu for Developers; 255 Developer API; 254 API-First DAM,261 GetSibu API,261 GetSibu API; 273 API Documentation; 279 Custom Asset Applications; 280 GetSibu for Developers,,388 Does GetSibu Have an API?,,0,Start free -> https://getsibu.com/signup,Build a Smarter Creative Workflow -> /get-started/build-a-smarter-creative-workflow,OpenAPI Specification | GetSibu,OpenAPI Specification: the GetSibu API provides programmatic access to the digital asset platform for developers and technology teams.,/developers/openapi-specification,WebPage TechArticle BreadcrumbList,"noindex,follow",false,API & Developers,code-concept diagram,Request and event flow between an external application and the GetSibu API. Code is shown only where it matches published API documentation.,openapi,true,held,261,GetSibu's API is positioned around an OpenAPI specification so developers can understand endpoints and generate compatible tooling.
275,Developer Authentication,261-280 API and Developer Pages,canonical,,Developers,developers,leaf,/developers/developer-authentication,,/developers,Home > Developers > Developer Authentication,H API / Developer,developer-flow,developer authentication,commercial,"Explain a developer capability for technical evaluators, linking to API documentation for specifics.",Developers can authenticate API requests using supported authentication credentials.,Developers: supported authentication credentials.,API authentication and security,277 API Security; 256 API Authentication; 276 API Tenant Isolation; 261 GetSibu API; 273 API Documentation; 268 Webhook Events,261 GetSibu API; 256 API Authentication,277 API Security; 256 API Authentication; 276 API Tenant Isolation; 261 GetSibu API,,,,0,Start free -> https://getsibu.com/signup,Build a Smarter Creative Workflow -> /get-started/build-a-smarter-creative-workflow,Developer Authentication | GetSibu,Developers can authenticate API requests using supported authentication credentials.,/developers/developer-authentication,WebPage TechArticle BreadcrumbList,"index,follow",true,API & Developers,code-concept diagram,Request and event flow between an external application and the GetSibu API. Code is shown only where it matches published API documentation.,,false,published,,Developers can authenticate API requests using supported authentication credentials.
276,API Tenant Isolation,261-280 API and Developer Pages,canonical,,Developers,developers,leaf,/developers/api-tenant-isolation,,/developers,Home > Developers > API Tenant Isolation,H API / Developer,developer-foundation,api tenant isolation,commercial,"Explain a developer capability for technical evaluators, linking to API documentation for specifics.",API access can include tenant context so that multi-tenant environments remain properly separated.,API requests carrying tenant context. / Tenant context on API access (see multi-tenancy).,Multi-tenancy; API authentication and security,160 Multi-Tenant Digital Asset Management; 277 API Security; 275 Developer Authentication; 256 API Authentication; 324 Tenant Isolation; 215 GetSibu for Creative Agencies,261 GetSibu API; 160 Multi-Tenant Digital Asset Management,160 Multi-Tenant Digital Asset Management; 277 API Security; 275 Developer Authentication; 256 API Authentication,372 What Is Multi-Tenant DAM?,387 Does GetSibu Support Multiple Clients?,215 GetSibu for Creative Agencies,0,Start free -> https://getsibu.com/signup,Build a Smarter Creative Workflow -> /get-started/build-a-smarter-creative-workflow,API Tenant Isolation | GetSibu,API access can include tenant context so that multi-tenant environments remain properly separated.,/developers/api-tenant-isolation,WebPage TechArticle BreadcrumbList,"index,follow",true,API & Developers,code-concept diagram,Request and event flow between an external application and the GetSibu API. Code is shown only where it matches published API documentation.,multi-tenant,false,published,,API access can include tenant context so that multi-tenant environments remain properly separated.
277,API Security,261-280 API and Developer Pages,canonical,,Developers,developers,leaf,/developers/api-security,,/developers,Home > Developers > API Security,H API / Developer,developer-flow,api security,commercial,"Explain a developer capability for technical evaluators, linking to API documentation for specifics.",API security is an important component of protecting automated access to creative assets.,Why API security matters for automated access to assets.,API authentication and security,276 API Tenant Isolation; 275 Developer Authentication; 256 API Authentication; 261 GetSibu API; 278 Developer Automation; 279 Custom Asset Applications,261 GetSibu API,276 API Tenant Isolation; 275 Developer Authentication; 256 API Authentication; 261 GetSibu API,,,,0,Start free -> https://getsibu.com/signup,Build a Smarter Creative Workflow -> /get-started/build-a-smarter-creative-workflow,API Security | GetSibu,API security is an important component of protecting automated access to creative assets.,/developers/api-security,WebPage TechArticle BreadcrumbList,"index,follow",true,API & Developers,code-concept diagram,Request and event flow between an external application and the GetSibu API. Code is shown only where it matches published API documentation.,,false,published,,API security is an important component of protecting automated access to creative assets.
278,Developer Automation,261-280 API and Developer Pages,canonical,,Developers,developers,leaf,/developers/developer-automation,,/developers,Home > Developers > Developer Automation,H API / Developer,developer-foundation,developer automation,commercial,"Explain a developer capability for technical evaluators, linking to API documentation for specifics.",Developers can use APIs and webhooks to automate repetitive asset management workflows.,,Automation,257 Webhook Automation; 261 GetSibu API; 252 Webhooks; 277 API Security; 279 Custom Asset Applications; 276 API Tenant Isolation,261 GetSibu API; 252 Webhooks,257 Webhook Automation; 261 GetSibu API; 252 Webhooks; 277 API Security,,,,0,Start free -> https://getsibu.com/signup,Build a Smarter Creative Workflow -> /get-started/build-a-smarter-creative-workflow,Developer Automation | GetSibu,Developers can use APIs and webhooks to automate repetitive asset management workflows.,/developers/developer-automation,WebPage TechArticle BreadcrumbList,"index,follow",true,API & Developers,code-concept diagram,Request and event flow between an external application and the GetSibu API. Code is shown only where it matches published API documentation.,,false,published,,Developers can use APIs and webhooks to automate repetitive asset management workflows.
279,Custom Asset Applications,261-280 API and Developer Pages,canonical,,Developers,developers,leaf,/developers/custom-asset-applications,,/developers,Home > Developers > Custom Asset Applications,H API / Developer,developer-flow,custom asset applications,commercial,"Explain a developer capability for technical evaluators, linking to API documentation for specifics.",The API allows organisations to build custom applications around the GetSibu asset infrastructure.,Custom applications built on GetSibu asset infrastructure.,The GetSibu API,261 GetSibu API; 280 GetSibu for Developers; 273 API Documentation; 255 Developer API; 254 API-First DAM; 253 REST API,261 GetSibu API,261 GetSibu API; 280 GetSibu for Developers; 273 API Documentation; 255 Developer API,,388 Does GetSibu Have an API?,,0,Start free -> https://getsibu.com/signup,Build a Smarter Creative Workflow -> /get-started/build-a-smarter-creative-workflow,Custom Asset Applications | GetSibu,The API allows organisations to build custom applications around the GetSibu asset infrastructure.,/developers/custom-asset-applications,WebPage TechArticle BreadcrumbList,"index,follow",true,API & Developers,code-concept diagram,Request and event flow between an external application and the GetSibu API. Code is shown only where it matches published API documentation.,,false,published,,The API allows organisations to build custom applications around the GetSibu asset infrastructure.
280,GetSibu for Developers,261-280 API and Developer Pages,canonical,,Developers,developers,section-root,/developers,,/,Home > GetSibu for Developers,H API / Developer,developer-foundation,getsibu for developers,commercial,"Explain a developer capability for technical evaluators, linking to API documentation for specifics.",GetSibu provides a developer-oriented foundation for organisations that want to integrate digital asset management into existing software environments.,Section root: DAM integrated into existing software environments.,The GetSibu API,261 GetSibu API; 279 Custom Asset Applications; 273 API Documentation; 255 Developer API; 254 API-First DAM; 253 REST API,,261 GetSibu API; 279 Custom Asset Applications; 273 API Documentation; 255 Developer API,,388 Does GetSibu Have an API?,,20,Start free -> https://getsibu.com/signup,Build a Smarter Creative Workflow -> /get-started/build-a-smarter-creative-workflow,GetSibu for Developers,GetSibu provides a developer-oriented foundation for organisations that want to integrate digital asset management into existing software environments.,/developers,WebPage TechArticle BreadcrumbList,"index,follow",true,API & Developers,code-concept diagram,Request and event flow between an external application and the GetSibu API. Code is shown only where it matches published API documentation.,,false,published,,GetSibu provides a developer-oriented foundation for organisations that want to integrate digital asset management into existing software environments.
281,Migrate to GetSibu,281-300 Migration,canonical,,Migration,migration,section-root,/migration,,/,Home > Migrate to GetSibu,I Migration,migration-phases,migrate to getsibu,commercial,"Explain a part of moving an existing library into GetSibu and what is preserved, mapped or verified.","GetSibu provides migration capabilities for teams moving existing creative libraries from shared drives, cloud storage or other asset management systems.","Section root: from shared drives, cloud storage or other DAM systems.",Moving to GetSibu,282 Creative Library Migration; 288 Creative Data Migration; 300 GetSibu Migration Support; 376 What Is a DAM Migration?; 134 Creative Migration; 131 Large Library Migration,,282 Creative Library Migration; 288 Creative Data Migration; 300 GetSibu Migration Support; 134 Creative Migration,376 What Is a DAM Migration?,,,21,Start free -> https://getsibu.com/signup,Bring Your Creative Assets Together -> /get-started/bring-your-creative-assets-together,Migrate to GetSibu,"GetSibu provides migration capabilities for teams moving existing creative libraries from shared drives, cloud storage or other asset management systems.",/migration,WebPage BreadcrumbList,"index,follow",true,Migration,diagram,"A structured transfer: an existing folder tree and its metadata mapped into the new library, with verification checkpoints.",,false,published,,"GetSibu provides migration capabilities for teams moving existing creative libraries from shared drives, cloud storage or other asset management systems."
282,Creative Library Migration,281-300 Migration,canonical,,Migration,migration,leaf,/migration/creative-library-migration,,/migration,Home > Migration > Creative Library Migration,I Migration,migration-mapping,creative library migration,commercial,"Explain a part of moving an existing library into GetSibu and what is preserved, mapped or verified.",Creative library migration transfers existing assets into a more searchable and structured environment.,"Into a more searchable, structured environment.",Moving to GetSibu,281 Migrate to GetSibu; 288 Creative Data Migration; 298 Creative Team Migration; 300 GetSibu Migration Support; 376 What Is a DAM Migration?; 134 Creative Migration,281 Migrate to GetSibu,281 Migrate to GetSibu; 288 Creative Data Migration; 298 Creative Team Migration; 300 GetSibu Migration Support,376 What Is a DAM Migration?,,,0,Start free -> https://getsibu.com/signup,Bring Your Creative Assets Together -> /get-started/bring-your-creative-assets-together,Creative Library Migration | GetSibu,Creative library migration transfers existing assets into a more searchable and structured environment.,/migration/creative-library-migration,WebPage BreadcrumbList,"index,follow",true,Migration,diagram,"A structured transfer: an existing folder tree and its metadata mapped into the new library, with verification checkpoints.",,false,published,,Creative library migration transfers existing assets into a more searchable and structured environment.
283,Google Drive Migration,281-300 Migration,canonical,,Migration,migration,leaf,/migration/google-drive-migration,,/migration,Home > Migration > Google Drive Migration,I Migration,migration-source,google drive migration,commercial,"Explain a part of moving an existing library into GetSibu and what is preserved, mapped or verified.",Existing Google Drive content can be connected and indexed without requiring a complete manual reorganisation.,,Migration by source,21 Creative Asset Indexing; 22 Media Metadata Management; 143 Asset Processing,21 Creative Asset Indexing,21 Creative Asset Indexing,,,,0,Start free -> https://getsibu.com/signup,Bring Your Creative Assets Together -> /get-started/bring-your-creative-assets-together,Google Drive Migration | GetSibu,"Google Drive Migration: GetSibu provides migration capabilities for teams moving existing creative libraries from shared drives, cloud storage or other asset…",/migration/google-drive-migration,WebPage BreadcrumbList,"noindex,follow",false,Migration,diagram,"A structured transfer: an existing folder tree and its metadata mapped into the new library, with verification checkpoints.",storage-sources,true,held,281,Existing Google Drive content can be connected and indexed without requiring a complete manual reorganisation.
284,Dropbox Migration,281-300 Migration,canonical,,Migration,migration,leaf,/migration/dropbox-migration,,/migration,Home > Migration > Dropbox Migration,I Migration,migration-mapping,dropbox migration,commercial,"Explain a part of moving an existing library into GetSibu and what is preserved, mapped or verified.",Dropbox content can be brought into the GetSibu workflow while maintaining relevant metadata and structure.,,Migration by source,22 Media Metadata Management; 132 Metadata Preservation; 21 Creative Asset Indexing,22 Media Metadata Management,22 Media Metadata Management,,,,0,Start free -> https://getsibu.com/signup,Bring Your Creative Assets Together -> /get-started/bring-your-creative-assets-together,Dropbox Migration | GetSibu,"Dropbox Migration: GetSibu provides migration capabilities for teams moving existing creative libraries from shared drives, cloud storage or other asset…",/migration/dropbox-migration,WebPage BreadcrumbList,"noindex,follow",false,Migration,diagram,"A structured transfer: an existing folder tree and its metadata mapped into the new library, with verification checkpoints.",storage-sources,true,held,281,Dropbox content can be brought into the GetSibu workflow while maintaining relevant metadata and structure.
285,S3 Migration,281-300 Migration,canonical,,Migration,migration,leaf,/migration/s3-migration,,/migration,Home > Migration > S3 Migration,I Migration,migration-source,s3 migration,commercial,"Explain a part of moving an existing library into GetSibu and what is preserved, mapped or verified.",Large libraries stored in S3 can become part of the GetSibu environment.,,Migration by source,286 Metadata Migration; 287 Folder Structure Migration; 282 Creative Library Migration,,,,,,0,Start free -> https://getsibu.com/signup,Bring Your Creative Assets Together -> /get-started/bring-your-creative-assets-together,S3 Migration | GetSibu,"S3 Migration: GetSibu provides migration capabilities for teams moving existing creative libraries from shared drives, cloud storage or other asset management…",/migration/s3-migration,WebPage BreadcrumbList,"noindex,follow",false,Migration,diagram,"A structured transfer: an existing folder tree and its metadata mapped into the new library, with verification checkpoints.",storage-sources,true,held,281,Large libraries stored in S3 can become part of the GetSibu environment.
286,Metadata Migration,281-300 Migration,canonical,,Migration,migration,leaf,/migration/metadata-migration,,/migration,Home > Migration > Metadata Migration,I Migration,migration-mapping,metadata migration,commercial,"Explain a part of moving an existing library into GetSibu and what is preserved, mapped or verified.","Metadata such as EXIF, XMP, creators and custom keywords can be retained during migration.",Migration workstream: carrying metadata over from a previous system.,Metadata preservation,22 Media Metadata Management; 132 Metadata Preservation; 293 Migration Metadata Preservation; 281 Migrate to GetSibu; 287 Folder Structure Migration; 288 Creative Data Migration,22 Media Metadata Management; 281 Migrate to GetSibu,22 Media Metadata Management; 132 Metadata Preservation; 293 Migration Metadata Preservation; 281 Migrate to GetSibu,,,,0,Start free -> https://getsibu.com/signup,Bring Your Creative Assets Together -> /get-started/bring-your-creative-assets-together,Metadata Migration | GetSibu,"Metadata such as EXIF, XMP, creators and custom keywords can be retained during migration.",/migration/metadata-migration,WebPage BreadcrumbList,"index,follow",true,Migration,diagram,"A structured transfer: an existing folder tree and its metadata mapped into the new library, with verification checkpoints.",metadata-preserved,false,published,,"Metadata such as EXIF, XMP, creators and custom keywords can be retained during migration."
287,Folder Structure Migration,281-300 Migration,canonical,,Migration,migration,leaf,/migration/folder-structure-migration,,/migration,Home > Migration > Folder Structure Migration,I Migration,migration-phases,folder structure migration,commercial,"Explain a part of moving an existing library into GetSibu and what is preserved, mapped or verified.",Existing folder structures can be mirrored or remapped during migration.,Migrating an existing folder structure as a whole.,Folder mapping,133 Folder Mapping; 294 Migration Folder Mapping; 281 Migrate to GetSibu; 286 Metadata Migration; 288 Creative Data Migration; 289 DAM Migration Strategy,133 Folder Mapping; 281 Migrate to GetSibu,133 Folder Mapping; 294 Migration Folder Mapping; 281 Migrate to GetSibu; 286 Metadata Migration,,,,0,Start free -> https://getsibu.com/signup,Bring Your Creative Assets Together -> /get-started/bring-your-creative-assets-together,Folder Structure Migration | GetSibu,Existing folder structures can be mirrored or remapped during migration.,/migration/folder-structure-migration,WebPage BreadcrumbList,"index,follow",true,Migration,diagram,"A structured transfer: an existing folder tree and its metadata mapped into the new library, with verification checkpoints.",,false,published,,Existing folder structures can be mirrored or remapped during migration.
288,Creative Data Migration,281-300 Migration,canonical,,Migration,migration,leaf,/migration/creative-data-migration,,/migration,Home > Migration > Creative Data Migration,I Migration,migration-mapping,creative data migration,commercial,"Explain a part of moving an existing library into GetSibu and what is preserved, mapped or verified.",Creative data migration helps organisations move large libraries while preserving valuable context.,Preserving valuable context while moving data.,Moving to GetSibu,281 Migrate to GetSibu; 282 Creative Library Migration; 298 Creative Team Migration; 300 GetSibu Migration Support; 376 What Is a DAM Migration?; 134 Creative Migration,281 Migrate to GetSibu,281 Migrate to GetSibu; 282 Creative Library Migration; 298 Creative Team Migration; 300 GetSibu Migration Support,376 What Is a DAM Migration?,,,0,Start free -> https://getsibu.com/signup,Bring Your Creative Assets Together -> /get-started/bring-your-creative-assets-together,Creative Data Migration | GetSibu,Creative data migration helps organisations move large libraries while preserving valuable context.,/migration/creative-data-migration,WebPage BreadcrumbList,"index,follow",true,Migration,diagram,"A structured transfer: an existing folder tree and its metadata mapped into the new library, with verification checkpoints.",,false,published,,Creative data migration helps organisations move large libraries while preserving valuable context.
289,DAM Migration Strategy,281-300 Migration,canonical,,Migration,migration,leaf,/migration/dam-migration-strategy,,/migration,Home > Migration > DAM Migration Strategy,I Migration,migration-phases,dam migration strategy,commercial,"Explain a part of moving an existing library into GetSibu and what is preserved, mapped or verified.","A successful DAM migration begins with understanding existing storage, metadata, permissions and organisational requirements.","Strategy: understand storage, metadata, permissions and requirements first.",Planning and implementation,290 Digital Asset Migration Planning; 292 Migration Without Downtime; 295 Migration Permission Mapping; 296 Migration Verification; 297 DAM Onboarding; 299 DAM Implementation,281 Migrate to GetSibu; 22 Media Metadata Management; 151 Creative Asset Permissions,290 Digital Asset Migration Planning; 292 Migration Without Downtime; 295 Migration Permission Mapping; 296 Migration Verification,,,,0,Start free -> https://getsibu.com/signup,Bring Your Creative Assets Together -> /get-started/bring-your-creative-assets-together,DAM Migration Strategy | GetSibu,"A successful DAM migration begins with understanding existing storage, metadata, permissions and organisational requirements.",/migration/dam-migration-strategy,WebPage BreadcrumbList,"index,follow",true,Migration,diagram,"A structured transfer: an existing folder tree and its metadata mapped into the new library, with verification checkpoints.",,false,published,,"A successful DAM migration begins with understanding existing storage, metadata, permissions and organisational requirements."
290,Digital Asset Migration Planning,281-300 Migration,canonical,,Migration,migration,leaf,/migration/digital-asset-migration-planning,,/migration,Home > Migration > Digital Asset Migration Planning,I Migration,migration-mapping,digital asset migration planning,commercial,"Explain a part of moving an existing library into GetSibu and what is preserved, mapped or verified.","Migration planning ensures that assets, metadata and permissions are considered before the transfer begins.","Planning: assets, metadata and permissions considered before transfer.",Planning and implementation,289 DAM Migration Strategy; 292 Migration Without Downtime; 295 Migration Permission Mapping; 296 Migration Verification; 297 DAM Onboarding; 299 DAM Implementation,281 Migrate to GetSibu; 22 Media Metadata Management; 151 Creative Asset Permissions,289 DAM Migration Strategy; 292 Migration Without Downtime; 295 Migration Permission Mapping; 296 Migration Verification,,,,0,Start free -> https://getsibu.com/signup,Bring Your Creative Assets Together -> /get-started/bring-your-creative-assets-together,Digital Asset Migration Planning | GetSibu,"Migration planning ensures that assets, metadata and permissions are considered before the transfer begins.",/migration/digital-asset-migration-planning,WebPage BreadcrumbList,"index,follow",true,Migration,diagram,"A structured transfer: an existing folder tree and its metadata mapped into the new library, with verification checkpoints.",,false,published,,"Migration planning ensures that assets, metadata and permissions are considered before the transfer begins."
291,Bulk Import,281-300 Migration,canonical,,Migration,migration,leaf,/migration/bulk-import,,/migration,Home > Migration > Bulk Import,I Migration,migration-phases,bulk import,commercial,"Explain a part of moving an existing library into GetSibu and what is preserved, mapped or verified.",Bulk import allows organisations to move large quantities of media without manually uploading individual files.,Migration step: moving large quantities of media as part of a planned migration.,Bulk import,130 Bulk Asset Import; 290 Digital Asset Migration Planning; 292 Migration Without Downtime; 289 DAM Migration Strategy; 293 Migration Metadata Preservation,130 Bulk Asset Import,130 Bulk Asset Import; 290 Digital Asset Migration Planning; 292 Migration Without Downtime; 289 DAM Migration Strategy,,,,0,Start free -> https://getsibu.com/signup,Bring Your Creative Assets Together -> /get-started/bring-your-creative-assets-together,Bulk Import | GetSibu,Bulk import allows organisations to move large quantities of media without manually uploading individual files.,/migration/bulk-import,WebPage BreadcrumbList,"index,follow",true,Migration,diagram,"A structured transfer: an existing folder tree and its metadata mapped into the new library, with verification checkpoints.",,false,published,,Bulk import allows organisations to move large quantities of media without manually uploading individual files.
292,Migration Without Downtime,281-300 Migration,canonical,,Migration,migration,leaf,/migration/migration-without-downtime,,/migration,Home > Migration > Migration Without Downtime,I Migration,migration-mapping,migration without downtime,commercial,"Explain a part of moving an existing library into GetSibu and what is preserved, mapped or verified.",GetSibu's migration workflow is designed to allow organisations to continue using existing storage while content is indexed in the background.,Continuing to use existing storage while indexing runs in the background.,Planning and implementation,289 DAM Migration Strategy; 290 Digital Asset Migration Planning; 295 Migration Permission Mapping; 296 Migration Verification; 297 DAM Onboarding; 299 DAM Implementation,281 Migrate to GetSibu; 21 Creative Asset Indexing,289 DAM Migration Strategy; 290 Digital Asset Migration Planning; 295 Migration Permission Mapping; 296 Migration Verification,,,,0,Start free -> https://getsibu.com/signup,Bring Your Creative Assets Together -> /get-started/bring-your-creative-assets-together,Migration Without Downtime | GetSibu,GetSibu's migration workflow is designed to allow organisations to continue using existing storage while content is indexed in the background.,/migration/migration-without-downtime,WebPage BreadcrumbList,"index,follow",true,Migration,diagram,"A structured transfer: an existing folder tree and its metadata mapped into the new library, with verification checkpoints.",migration-no-downtime,false,published,,GetSibu's migration workflow is designed to allow organisations to continue using existing storage while content is indexed in the background.
293,Migration Metadata Preservation,281-300 Migration,canonical,,Migration,migration,leaf,/migration/migration-metadata-preservation,,/migration,Home > Migration > Migration Metadata Preservation,I Migration,migration-phases,migration metadata preservation,commercial,"Explain a part of moving an existing library into GetSibu and what is preserved, mapped or verified.",Preserving metadata ensures that valuable information associated with original files does not disappear during the move.,Why it matters: information attached to originals must not disappear in the move.,Metadata preservation,22 Media Metadata Management; 132 Metadata Preservation; 286 Metadata Migration; 292 Migration Without Downtime; 294 Migration Folder Mapping; 291 Bulk Import,22 Media Metadata Management,22 Media Metadata Management; 132 Metadata Preservation; 286 Metadata Migration; 292 Migration Without Downtime,,,,0,Start free -> https://getsibu.com/signup,Bring Your Creative Assets Together -> /get-started/bring-your-creative-assets-together,Migration Metadata Preservation | GetSibu,Preserving metadata ensures that valuable information associated with original files does not disappear during the move.,/migration/migration-metadata-preservation,WebPage BreadcrumbList,"index,follow",true,Migration,diagram,"A structured transfer: an existing folder tree and its metadata mapped into the new library, with verification checkpoints.",,false,published,,Preserving metadata ensures that valuable information associated with original files does not disappear during the move.
294,Migration Folder Mapping,281-300 Migration,canonical,,Migration,migration,leaf,/migration/migration-folder-mapping,,/migration,Home > Migration > Migration Folder Mapping,I Migration,migration-mapping,migration folder mapping,commercial,"Explain a part of moving an existing library into GetSibu and what is preserved, mapped or verified.",Folder mapping gives teams the flexibility to maintain existing organisation or create a new structure.,The decision: keep the existing organisation or design a new one.,Folder mapping,133 Folder Mapping; 287 Folder Structure Migration; 293 Migration Metadata Preservation; 295 Migration Permission Mapping; 292 Migration Without Downtime; 296 Migration Verification,,133 Folder Mapping; 287 Folder Structure Migration; 293 Migration Metadata Preservation; 295 Migration Permission Mapping,,,,0,Start free -> https://getsibu.com/signup,Bring Your Creative Assets Together -> /get-started/bring-your-creative-assets-together,Migration Folder Mapping | GetSibu,Folder mapping gives teams the flexibility to maintain existing organisation or create a new structure.,/migration/migration-folder-mapping,WebPage BreadcrumbList,"index,follow",true,Migration,diagram,"A structured transfer: an existing folder tree and its metadata mapped into the new library, with verification checkpoints.",,false,published,,Folder mapping gives teams the flexibility to maintain existing organisation or create a new structure.
295,Migration Permission Mapping,281-300 Migration,canonical,,Migration,migration,leaf,/migration/migration-permission-mapping,,/migration,Home > Migration > Migration Permission Mapping,I Migration,migration-phases,migration permission mapping,commercial,"Explain a part of moving an existing library into GetSibu and what is preserved, mapped or verified.",Existing access structures can be considered when translating content into the new environment.,Migration: translating existing access structures. / Permission mapping.,Access control; Planning and implementation,289 DAM Migration Strategy; 153 Role-Based Access Control; 296 Migration Verification; 297 DAM Onboarding; 292 Migration Without Downtime; 299 DAM Implementation,,289 DAM Migration Strategy; 153 Role-Based Access Control; 296 Migration Verification; 297 DAM Onboarding,,,,0,Start free -> https://getsibu.com/signup,Bring Your Creative Assets Together -> /get-started/bring-your-creative-assets-together,Migration Permission Mapping | GetSibu,"Migration Permission Mapping: A successful DAM migration begins with understanding existing storage, metadata, permissions and organisational requirements.",/migration/migration-permission-mapping,WebPage BreadcrumbList,"index,follow",true,Migration,diagram,"A structured transfer: an existing folder tree and its metadata mapped into the new library, with verification checkpoints.",permission-translation,true,framed,289,Existing access structures can be considered when translating content into the new environment.
296,Migration Verification,281-300 Migration,canonical,,Migration,migration,leaf,/migration/migration-verification,,/migration,Home > Migration > Migration Verification,I Migration,migration-mapping,migration verification,commercial,"Explain a part of moving an existing library into GetSibu and what is preserved, mapped or verified.",Migration verification helps organisations confirm that important content and metadata have transferred correctly.,Verifying content and metadata transferred correctly.,Planning and implementation,289 DAM Migration Strategy; 295 Migration Permission Mapping; 297 DAM Onboarding; 299 DAM Implementation; 292 Migration Without Downtime; 290 Digital Asset Migration Planning,281 Migrate to GetSibu; 22 Media Metadata Management,289 DAM Migration Strategy; 295 Migration Permission Mapping; 297 DAM Onboarding; 299 DAM Implementation,,,,0,Start free -> https://getsibu.com/signup,Bring Your Creative Assets Together -> /get-started/bring-your-creative-assets-together,Migration Verification | GetSibu,Migration verification helps organisations confirm that important content and metadata have transferred correctly.,/migration/migration-verification,WebPage BreadcrumbList,"index,follow",true,Migration,diagram,"A structured transfer: an existing folder tree and its metadata mapped into the new library, with verification checkpoints.",,false,published,,Migration verification helps organisations confirm that important content and metadata have transferred correctly.
297,DAM Onboarding,281-300 Migration,canonical,,Migration,migration,leaf,/migration/dam-onboarding,,/migration,Home > Migration > DAM Onboarding,I Migration,migration-phases,dam onboarding,commercial,"Explain a part of moving an existing library into GetSibu and what is preserved, mapped or verified.","Business-level onboarding can include assistance with rollout, team training and data verification.","Onboarding: rollout, training, data verification.",Planning and implementation,289 DAM Migration Strategy; 296 Migration Verification; 295 Migration Permission Mapping; 299 DAM Implementation; 292 Migration Without Downtime; 290 Digital Asset Migration Planning,,289 DAM Migration Strategy; 296 Migration Verification; 295 Migration Permission Mapping; 299 DAM Implementation,,,,0,Start free -> https://getsibu.com/signup,Bring Your Creative Assets Together -> /get-started/bring-your-creative-assets-together,DAM Onboarding | GetSibu,"DAM Onboarding: A successful DAM migration begins with understanding existing storage, metadata, permissions and organisational requirements.",/migration/dam-onboarding,WebPage BreadcrumbList,"index,follow",true,Migration,diagram,"A structured transfer: an existing folder tree and its metadata mapped into the new library, with verification checkpoints.",onboarding-assistance,true,framed,289,"Business-level onboarding can include assistance with rollout, team training and data verification."
298,Creative Team Migration,281-300 Migration,canonical,,Migration,migration,leaf,/migration/creative-team-migration,,/migration,Home > Migration > Creative Team Migration,I Migration,migration-mapping,creative team migration,commercial,"Explain a part of moving an existing library into GetSibu and what is preserved, mapped or verified.",Teams can transition from fragmented folders into a structured creative library.,The team's transition from fragmented folders.,Moving to GetSibu,281 Migrate to GetSibu; 300 GetSibu Migration Support; 288 Creative Data Migration; 282 Creative Library Migration; 376 What Is a DAM Migration?; 134 Creative Migration,,281 Migrate to GetSibu; 300 GetSibu Migration Support; 288 Creative Data Migration; 282 Creative Library Migration,376 What Is a DAM Migration?,,,0,Start free -> https://getsibu.com/signup,Bring Your Creative Assets Together -> /get-started/bring-your-creative-assets-together,Creative Team Migration | GetSibu,Teams can transition from fragmented folders into a structured creative library.,/migration/creative-team-migration,WebPage BreadcrumbList,"index,follow",true,Migration,diagram,"A structured transfer: an existing folder tree and its metadata mapped into the new library, with verification checkpoints.",,false,published,,Teams can transition from fragmented folders into a structured creative library.
299,DAM Implementation,281-300 Migration,canonical,,Migration,migration,leaf,/migration/dam-implementation,,/migration,Home > Migration > DAM Implementation,I Migration,migration-phases,dam implementation,commercial,"Explain a part of moving an existing library into GetSibu and what is preserved, mapped or verified.","Implementation involves configuring users, folders, permissions, integrations, metadata and workflows.","Implementation: users, folders, permissions, integrations, metadata, workflows.",Planning and implementation,289 DAM Migration Strategy; 297 DAM Onboarding; 296 Migration Verification; 295 Migration Permission Mapping; 292 Migration Without Downtime; 290 Digital Asset Migration Planning,151 Creative Asset Permissions; 241 GetSibu Integrations; 22 Media Metadata Management,289 DAM Migration Strategy; 297 DAM Onboarding; 296 Migration Verification; 295 Migration Permission Mapping,,,,0,Start free -> https://getsibu.com/signup,Bring Your Creative Assets Together -> /get-started/bring-your-creative-assets-together,DAM Implementation | GetSibu,"Implementation involves configuring users, folders, permissions, integrations, metadata and workflows.",/migration/dam-implementation,WebPage BreadcrumbList,"index,follow",true,Migration,diagram,"A structured transfer: an existing folder tree and its metadata mapped into the new library, with verification checkpoints.",,false,published,,"Implementation involves configuring users, folders, permissions, integrations, metadata and workflows."
300,GetSibu Migration Support,281-300 Migration,canonical,,Migration,migration,leaf,/migration/migration-support,,/migration,Home > Migration > GetSibu Migration Support,I Migration,migration-mapping,getsibu migration support,commercial,"Explain a part of moving an existing library into GetSibu and what is preserved, mapped or verified.",Migration support helps organisations move from existing storage environments while reducing operational disruption.,Support and reducing operational disruption.,Moving to GetSibu,281 Migrate to GetSibu; 298 Creative Team Migration; 288 Creative Data Migration; 282 Creative Library Migration; 376 What Is a DAM Migration?; 134 Creative Migration,281 Migrate to GetSibu,281 Migrate to GetSibu; 298 Creative Team Migration; 288 Creative Data Migration; 282 Creative Library Migration,376 What Is a DAM Migration?,,,0,Start free -> https://getsibu.com/signup,Bring Your Creative Assets Together -> /get-started/bring-your-creative-assets-together,GetSibu Migration Support,Migration support helps organisations move from existing storage environments while reducing operational disruption.,/migration/migration-support,WebPage BreadcrumbList,"index,follow",true,Migration,diagram,"A structured transfer: an existing folder tree and its metadata mapped into the new library, with verification checkpoints.",,false,published,,Migration support helps organisations move from existing storage environments while reducing operational disruption.
301,GetSibu Architecture,301-320 Architecture and Performance,canonical,,Architecture & Performance,architecture-performance,section-root,/architecture,,/,Home > GetSibu Architecture,N Architecture / Performance,architecture-layers,getsibu architecture,commercial,"Explain how the platform is built to keep search, previews and uploads responsive as libraries grow.","GetSibu is built around a layered architecture consisting of clients, edge services, APIs, search infrastructure and storage.",,Architecture and infrastructure,302 Creative Asset Infrastructure; 303 Cloud-Based Asset Management; 308 Scalable Asset Storage; 315 API Scalability; 316 Stateless API Architecture; 317 Search Infrastructure,261 GetSibu API,302 Creative Asset Infrastructure; 303 Cloud-Based Asset Management; 308 Scalable Asset Storage; 315 API Scalability,,,,19,Start free -> https://getsibu.com/signup,Scale Your Creative Library -> /get-started/scale-your-creative-library,GetSibu Architecture,"GetSibu is built around a layered architecture consisting of clients, edge services, APIs, search infrastructure and storage.",/architecture,WebPage TechArticle BreadcrumbList,"index,follow",true,Architecture & Performance,diagram,"The layered architecture named in the PDF — clients, edge services, APIs, search infrastructure, storage — as a precise technical drawing.",architecture-internals,false,published,,"GetSibu is built around a layered architecture consisting of clients, edge services, APIs, search infrastructure and storage."
302,Creative Asset Infrastructure,301-320 Architecture and Performance,canonical,,Architecture & Performance,architecture-performance,leaf,/architecture/creative-asset-infrastructure,,/architecture,Home > Architecture & Performance > Creative Asset Infrastructure,N Architecture / Performance,architecture-path,creative asset infrastructure,commercial,"Explain how the platform is built to keep search, previews and uploads responsive as libraries grow.",The infrastructure is designed to support large collections of creative content while maintaining search and preview performance.,Infrastructure sized for large collections while keeping search and previews fast.,Architecture and infrastructure,301 GetSibu Architecture; 303 Cloud-Based Asset Management; 308 Scalable Asset Storage; 315 API Scalability; 316 Stateless API Architecture; 317 Search Infrastructure,,301 GetSibu Architecture; 303 Cloud-Based Asset Management; 308 Scalable Asset Storage; 315 API Scalability,,,,0,Start free -> https://getsibu.com/signup,Scale Your Creative Library -> /get-started/scale-your-creative-library,Creative Asset Infrastructure | GetSibu,The infrastructure is designed to support large collections of creative content while maintaining search and preview performance.,/architecture/creative-asset-infrastructure,WebPage TechArticle BreadcrumbList,"index,follow",true,Architecture & Performance,diagram,"The layered architecture named in the PDF — clients, edge services, APIs, search infrastructure, storage — as a precise technical drawing.",,false,published,,The infrastructure is designed to support large collections of creative content while maintaining search and preview performance.
303,Cloud-Based Asset Management,301-320 Architecture and Performance,canonical,,Architecture & Performance,architecture-performance,leaf,/architecture/cloud-based-asset-management,,/architecture,Home > Architecture & Performance > Cloud-Based Asset Management,N Architecture / Performance,architecture-layers,cloud-based asset management,commercial,"Explain how the platform is built to keep search, previews and uploads responsive as libraries grow.",Cloud-based architecture allows organisations to access their creative libraries through supported clients and integrations.,,Architecture and infrastructure,301 GetSibu Architecture; 302 Creative Asset Infrastructure; 308 Scalable Asset Storage; 315 API Scalability; 316 Stateless API Architecture; 317 Search Infrastructure,241 GetSibu Integrations,301 GetSibu Architecture; 302 Creative Asset Infrastructure; 308 Scalable Asset Storage; 315 API Scalability,,,,0,Start free -> https://getsibu.com/signup,Scale Your Creative Library -> /get-started/scale-your-creative-library,Cloud-Based Asset Management | GetSibu,Cloud-based architecture allows organisations to access their creative libraries through supported clients and integrations.,/architecture/cloud-based-asset-management,WebPage TechArticle BreadcrumbList,"index,follow",true,Architecture & Performance,diagram,"The layered architecture named in the PDF — clients, edge services, APIs, search infrastructure, storage — as a precise technical drawing.",,false,published,,Cloud-based architecture allows organisations to access their creative libraries through supported clients and integrations.
304,CDN Asset Delivery,301-320 Architecture and Performance,canonical,,Architecture & Performance,architecture-performance,leaf,/architecture/cdn-asset-delivery,,/architecture,Home > Architecture & Performance > CDN Asset Delivery,N Architecture / Performance,architecture-path,cdn asset delivery,commercial,"Explain how the platform is built to keep search, previews and uploads responsive as libraries grow.",CDN delivery helps provide fast access to previews and media around the world.,CDN delivery of previews and media.,Previews and delivery; Performance,305 Edge Caching; 313 Media Preview Performance; 320 High-Performance DAM; 147 Streaming Media Preview; 306 Streaming Previews; 307 Fast Creative Search,,305 Edge Caching; 313 Media Preview Performance; 320 High-Performance DAM; 147 Streaming Media Preview,,,,0,Start free -> https://getsibu.com/signup,Scale Your Creative Library -> /get-started/scale-your-creative-library,CDN Asset Delivery | GetSibu,CDN delivery helps provide fast access to previews and media around the world.,/architecture/cdn-asset-delivery,WebPage TechArticle BreadcrumbList,"index,follow",true,Architecture & Performance,diagram,"The layered architecture named in the PDF — clients, edge services, APIs, search infrastructure, storage — as a precise technical drawing.",cdn-edge,false,published,,CDN delivery helps provide fast access to previews and media around the world.
305,Edge Caching,301-320 Architecture and Performance,canonical,,Architecture & Performance,architecture-performance,leaf,/architecture/edge-caching,,/architecture,Home > Architecture & Performance > Edge Caching,N Architecture / Performance,architecture-layers,edge caching,commercial,"Explain how the platform is built to keep search, previews and uploads responsive as libraries grow.",Edge caching reduces the distance between users and frequently accessed content.,Edge caching of frequently accessed content.,Previews and delivery; Performance,304 CDN Asset Delivery; 313 Media Preview Performance; 320 High-Performance DAM; 147 Streaming Media Preview; 306 Streaming Previews; 307 Fast Creative Search,,304 CDN Asset Delivery; 313 Media Preview Performance; 320 High-Performance DAM; 147 Streaming Media Preview,,,,0,Start free -> https://getsibu.com/signup,Scale Your Creative Library -> /get-started/scale-your-creative-library,Edge Caching | GetSibu,Edge caching reduces the distance between users and frequently accessed content.,/architecture/edge-caching,WebPage TechArticle BreadcrumbList,"index,follow",true,Architecture & Performance,diagram,"The layered architecture named in the PDF — clients, edge services, APIs, search infrastructure, storage — as a precise technical drawing.",cdn-edge,false,published,,Edge caching reduces the distance between users and frequently accessed content.
306,Streaming Previews,301-320 Architecture and Performance,canonical,,Architecture & Performance,architecture-performance,leaf,/architecture/streaming-previews,,/architecture,Home > Architecture & Performance > Streaming Previews,N Architecture / Performance,architecture-path,streaming previews,commercial,"Explain how the platform is built to keep search, previews and uploads responsive as libraries grow.",Streaming previews allow teams to inspect media without waiting for full downloads.,Architecture view: how streaming previews are delivered.,Previews and delivery,147 Streaming Media Preview; 305 Edge Caching; 304 CDN Asset Delivery; 313 Media Preview Performance; 314 Global Asset Access; 146 Asset Thumbnail Generation,147 Streaming Media Preview,147 Streaming Media Preview; 305 Edge Caching; 304 CDN Asset Delivery; 313 Media Preview Performance,,,,0,Start free -> https://getsibu.com/signup,Scale Your Creative Library -> /get-started/scale-your-creative-library,Streaming Previews | GetSibu,Streaming previews allow teams to inspect media without waiting for full downloads.,/architecture/streaming-previews,WebPage TechArticle BreadcrumbList,"index,follow",true,Architecture & Performance,diagram,"The layered architecture named in the PDF — clients, edge services, APIs, search infrastructure, storage — as a precise technical drawing.",,false,published,,Streaming previews allow teams to inspect media without waiting for full downloads.
307,Fast Creative Search,301-320 Architecture and Performance,canonical,,Architecture & Performance,architecture-performance,leaf,/architecture/fast-creative-search,,/architecture,Home > Architecture & Performance > Fast Creative Search,N Architecture / Performance,architecture-layers,fast creative search,commercial,"Explain how the platform is built to keep search, previews and uploads responsive as libraries grow.",GetSibu is designed around low-latency search so users can quickly retrieve assets from large libraries.,Architecture: low-latency search as a design goal of the infrastructure.,Search speed; Performance,310 Search Performance; 320 High-Performance DAM; 20 Fast Asset Discovery; 305 Edge Caching; 309 Large Library Performance; 304 CDN Asset Delivery,,310 Search Performance; 320 High-Performance DAM; 20 Fast Asset Discovery; 305 Edge Caching,,,,0,Start free -> https://getsibu.com/signup,Scale Your Creative Library -> /get-started/scale-your-creative-library,Fast Creative Search | GetSibu,GetSibu is designed around low-latency search so users can quickly retrieve assets from large libraries.,/architecture/fast-creative-search,WebPage TechArticle BreadcrumbList,"index,follow",true,Architecture & Performance,diagram,"The layered architecture named in the PDF — clients, edge services, APIs, search infrastructure, storage — as a precise technical drawing.",,false,published,,GetSibu is designed around low-latency search so users can quickly retrieve assets from large libraries.
308,Scalable Asset Storage,301-320 Architecture and Performance,canonical,,Architecture & Performance,architecture-performance,leaf,/architecture/scalable-asset-storage,,/architecture,Home > Architecture & Performance > Scalable Asset Storage,N Architecture / Performance,architecture-path,scalable asset storage,commercial,"Explain how the platform is built to keep search, previews and uploads responsive as libraries grow.",The architecture supports large amounts of digital content and storage growth.,Storage growth supported by the architecture.,Architecture and infrastructure,301 GetSibu Architecture; 303 Cloud-Based Asset Management; 302 Creative Asset Infrastructure; 315 API Scalability; 316 Stateless API Architecture; 317 Search Infrastructure,,301 GetSibu Architecture; 303 Cloud-Based Asset Management; 302 Creative Asset Infrastructure; 315 API Scalability,,,,0,Start free -> https://getsibu.com/signup,Scale Your Creative Library -> /get-started/scale-your-creative-library,Scalable Asset Storage | GetSibu,The architecture supports large amounts of digital content and storage growth.,/architecture/scalable-asset-storage,WebPage TechArticle BreadcrumbList,"index,follow",true,Architecture & Performance,diagram,"The layered architecture named in the PDF — clients, edge services, APIs, search infrastructure, storage — as a precise technical drawing.",,false,published,,The architecture supports large amounts of digital content and storage growth.
309,Large Library Performance,301-320 Architecture and Performance,canonical,,Architecture & Performance,architecture-performance,leaf,/architecture/large-library-performance,,/architecture,Home > Architecture & Performance > Large Library Performance,N Architecture / Performance,architecture-layers,large library performance,commercial,"Explain how the platform is built to keep search, previews and uploads responsive as libraries grow.","Performance considerations such as chunked I/O, edge caching and indexing help support larger creative environments.","Large libraries: chunked I/O, edge caching and indexing.",Performance,305 Edge Caching; 320 High-Performance DAM; 310 Search Performance; 307 Fast Creative Search; 311 Asset Processing Performance; 312 Large File Performance,138 Chunked Uploads; 305 Edge Caching,305 Edge Caching; 320 High-Performance DAM; 310 Search Performance; 307 Fast Creative Search,,,,0,Start free -> https://getsibu.com/signup,Scale Your Creative Library -> /get-started/scale-your-creative-library,Large Library Performance | GetSibu,"Performance considerations such as chunked I/O, edge caching and indexing help support larger creative environments.",/architecture/large-library-performance,WebPage TechArticle BreadcrumbList,"index,follow",true,Architecture & Performance,diagram,"The layered architecture named in the PDF — clients, edge services, APIs, search infrastructure, storage — as a precise technical drawing.",cdn-edge,false,published,,"Performance considerations such as chunked I/O, edge caching and indexing help support larger creative environments."
310,Search Performance,301-320 Architecture and Performance,canonical,,Architecture & Performance,architecture-performance,leaf,/architecture/search-performance,,/architecture,Home > Architecture & Performance > Search Performance,N Architecture / Performance,architecture-path,search performance,commercial,"Explain how the platform is built to keep search, previews and uploads responsive as libraries grow.",The platform positions sub-second search as an important part of its user experience.,Performance positioning: sub-second search as part of the user experience (claim — verify before publishing).,Search speed; Performance,307 Fast Creative Search; 320 High-Performance DAM; 20 Fast Asset Discovery; 309 Large Library Performance; 311 Asset Processing Performance; 312 Large File Performance,,307 Fast Creative Search; 320 High-Performance DAM; 20 Fast Asset Discovery; 309 Large Library Performance,,,,0,Start free -> https://getsibu.com/signup,Scale Your Creative Library -> /get-started/scale-your-creative-library,Search Performance | GetSibu,"Search Performance: GetSibu combines fast search, media previews, scalable storage and efficient uploads to create a responsive DAM experience.",/architecture/search-performance,WebPage TechArticle BreadcrumbList,"index,follow",true,Architecture & Performance,diagram,"The layered architecture named in the PDF — clients, edge services, APIs, search infrastructure, storage — as a precise technical drawing.",sub-second-search,true,framed,320,The platform positions sub-second search as an important part of its user experience.
311,Asset Processing Performance,301-320 Architecture and Performance,canonical,,Architecture & Performance,architecture-performance,leaf,/architecture/asset-processing-performance,,/architecture,Home > Architecture & Performance > Asset Processing Performance,N Architecture / Performance,architecture-layers,asset processing performance,commercial,"Explain how the platform is built to keep search, previews and uploads responsive as libraries grow.",Background processing allows assets to be indexed without requiring users to manually perform metadata or AI processing.,Background processing as a performance design.,Processing; Performance,21 Creative Asset Indexing; 320 High-Performance DAM; 143 Asset Processing; 310 Search Performance; 312 Large File Performance; 309 Large Library Performance,21 Creative Asset Indexing; 22 Media Metadata Management,21 Creative Asset Indexing; 320 High-Performance DAM; 143 Asset Processing; 310 Search Performance,,,,0,Start free -> https://getsibu.com/signup,Scale Your Creative Library -> /get-started/scale-your-creative-library,Asset Processing Performance | GetSibu,Background processing allows assets to be indexed without requiring users to manually perform metadata or AI processing.,/architecture/asset-processing-performance,WebPage TechArticle BreadcrumbList,"index,follow",true,Architecture & Performance,diagram,"The layered architecture named in the PDF — clients, edge services, APIs, search infrastructure, storage — as a precise technical drawing.",,false,published,,Background processing allows assets to be indexed without requiring users to manually perform metadata or AI processing.
312,Large File Performance,301-320 Architecture and Performance,canonical,,Architecture & Performance,architecture-performance,leaf,/architecture/large-file-performance,,/architecture,Home > Architecture & Performance > Large File Performance,N Architecture / Performance,architecture-path,large file performance,commercial,"Explain how the platform is built to keep search, previews and uploads responsive as libraries grow.",Resumable and chunked uploads help improve reliability when working with large creative files.,Architecture view of large-file reliability.,Uploads; Performance,138 Chunked Uploads; 137 Resumable Uploads; 320 High-Performance DAM; 136 Media Upload Management; 311 Asset Processing Performance; 313 Media Preview Performance,137 Resumable Uploads; 138 Chunked Uploads,138 Chunked Uploads; 137 Resumable Uploads; 320 High-Performance DAM; 136 Media Upload Management,,,,0,Start free -> https://getsibu.com/signup,Scale Your Creative Library -> /get-started/scale-your-creative-library,Large File Performance | GetSibu,Resumable and chunked uploads help improve reliability when working with large creative files.,/architecture/large-file-performance,WebPage TechArticle BreadcrumbList,"index,follow",true,Architecture & Performance,diagram,"The layered architecture named in the PDF — clients, edge services, APIs, search infrastructure, storage — as a precise technical drawing.",,false,published,,Resumable and chunked uploads help improve reliability when working with large creative files.
313,Media Preview Performance,301-320 Architecture and Performance,canonical,,Architecture & Performance,architecture-performance,leaf,/architecture/media-preview-performance,,/architecture,Home > Architecture & Performance > Media Preview Performance,N Architecture / Performance,architecture-layers,media preview performance,commercial,"Explain how the platform is built to keep search, previews and uploads responsive as libraries grow.",Preview generation and streaming reduce the friction of reviewing large assets.,Preview generation and streaming reducing review friction.,Previews and delivery; Performance,305 Edge Caching; 304 CDN Asset Delivery; 147 Streaming Media Preview; 320 High-Performance DAM; 312 Large File Performance; 314 Global Asset Access,147 Streaming Media Preview,305 Edge Caching; 304 CDN Asset Delivery; 147 Streaming Media Preview; 320 High-Performance DAM,,,,0,Start free -> https://getsibu.com/signup,Scale Your Creative Library -> /get-started/scale-your-creative-library,Media Preview Performance | GetSibu,Preview generation and streaming reduce the friction of reviewing large assets.,/architecture/media-preview-performance,WebPage TechArticle BreadcrumbList,"index,follow",true,Architecture & Performance,diagram,"The layered architecture named in the PDF — clients, edge services, APIs, search infrastructure, storage — as a precise technical drawing.",,false,published,,Preview generation and streaming reduce the friction of reviewing large assets.
314,Global Asset Access,301-320 Architecture and Performance,canonical,,Architecture & Performance,architecture-performance,leaf,/architecture/global-asset-access,,/architecture,Home > Architecture & Performance > Global Asset Access,N Architecture / Performance,architecture-path,global asset access,commercial,"Explain how the platform is built to keep search, previews and uploads responsive as libraries grow.",CDN-based delivery can support teams working across different geographical regions.,Teams across geographical regions.,Previews and delivery,147 Streaming Media Preview; 313 Media Preview Performance; 306 Streaming Previews; 305 Edge Caching; 304 CDN Asset Delivery; 146 Asset Thumbnail Generation,,147 Streaming Media Preview; 313 Media Preview Performance; 306 Streaming Previews; 305 Edge Caching,,,,0,Start free -> https://getsibu.com/signup,Scale Your Creative Library -> /get-started/scale-your-creative-library,Global Asset Access | GetSibu,CDN-based delivery can support teams working across different geographical regions.,/architecture/global-asset-access,WebPage TechArticle BreadcrumbList,"index,follow",true,Architecture & Performance,diagram,"The layered architecture named in the PDF — clients, edge services, APIs, search infrastructure, storage — as a precise technical drawing.",cdn-edge,false,published,,CDN-based delivery can support teams working across different geographical regions.
315,API Scalability,301-320 Architecture and Performance,canonical,,Architecture & Performance,architecture-performance,leaf,/architecture/api-scalability,,/architecture,Home > Architecture & Performance > API Scalability,N Architecture / Performance,architecture-layers,api scalability,commercial,"Explain how the platform is built to keep search, previews and uploads responsive as libraries grow.",The API layer is designed to scale independently to support application and integration workloads.,API layer scaling independently.,Architecture and infrastructure,301 GetSibu Architecture; 316 Stateless API Architecture; 317 Search Infrastructure; 318 Storage Architecture; 319 Observability; 308 Scalable Asset Storage,261 GetSibu API,301 GetSibu Architecture; 316 Stateless API Architecture; 317 Search Infrastructure; 318 Storage Architecture,,,,0,Start free -> https://getsibu.com/signup,Scale Your Creative Library -> /get-started/scale-your-creative-library,API Scalability | GetSibu,The API layer is designed to scale independently to support application and integration workloads.,/architecture/api-scalability,WebPage TechArticle BreadcrumbList,"index,follow",true,Architecture & Performance,diagram,"The layered architecture named in the PDF — clients, edge services, APIs, search infrastructure, storage — as a precise technical drawing.",architecture-internals,false,published,,The API layer is designed to scale independently to support application and integration workloads.
316,Stateless API Architecture,301-320 Architecture and Performance,canonical,,Architecture & Performance,architecture-performance,leaf,/architecture/stateless-api-architecture,,/architecture,Home > Architecture & Performance > Stateless API Architecture,N Architecture / Performance,architecture-path,stateless api architecture,commercial,"Explain how the platform is built to keep search, previews and uploads responsive as libraries grow.",A stateless API architecture can support horizontal scaling and predictable application behaviour.,Stateless design for horizontal scaling and predictable behaviour.,Architecture and infrastructure,301 GetSibu Architecture; 315 API Scalability; 317 Search Infrastructure; 318 Storage Architecture; 319 Observability; 308 Scalable Asset Storage,261 GetSibu API,301 GetSibu Architecture; 315 API Scalability; 317 Search Infrastructure; 318 Storage Architecture,,,,0,Start free -> https://getsibu.com/signup,Scale Your Creative Library -> /get-started/scale-your-creative-library,Stateless API Architecture | GetSibu,A stateless API architecture can support horizontal scaling and predictable application behaviour.,/architecture/stateless-api-architecture,WebPage TechArticle BreadcrumbList,"index,follow",true,Architecture & Performance,diagram,"The layered architecture named in the PDF — clients, edge services, APIs, search infrastructure, storage — as a precise technical drawing.",architecture-internals,false,published,,A stateless API architecture can support horizontal scaling and predictable application behaviour.
317,Search Infrastructure,301-320 Architecture and Performance,canonical,,Architecture & Performance,architecture-performance,leaf,/architecture/search-infrastructure,,/architecture,Home > Architecture & Performance > Search Infrastructure,N Architecture / Performance,architecture-layers,search infrastructure,commercial,"Explain how the platform is built to keep search, previews and uploads responsive as libraries grow.",GetSibu combines text search and embedding-based retrieval to support multiple discovery methods.,Infrastructure: text search combined with embedding-based retrieval.,Semantic and natural language search; Architecture and infrastructure,301 GetSibu Architecture; 39 AI Semantic Search; 316 Stateless API Architecture; 318 Storage Architecture; 315 API Scalability; 319 Observability,,301 GetSibu Architecture; 39 AI Semantic Search; 316 Stateless API Architecture; 318 Storage Architecture,363 What Is Semantic Search?,,,0,Start free -> https://getsibu.com/signup,Scale Your Creative Library -> /get-started/scale-your-creative-library,Search Infrastructure | GetSibu,GetSibu combines text search and embedding-based retrieval to support multiple discovery methods.,/architecture/search-infrastructure,WebPage TechArticle BreadcrumbList,"index,follow",true,Architecture & Performance,diagram,"The layered architecture named in the PDF — clients, edge services, APIs, search infrastructure, storage — as a precise technical drawing.",architecture-internals semantic-search,false,published,,GetSibu combines text search and embedding-based retrieval to support multiple discovery methods.
318,Storage Architecture,301-320 Architecture and Performance,canonical,,Architecture & Performance,architecture-performance,leaf,/architecture/storage-architecture,,/architecture,Home > Architecture & Performance > Storage Architecture,N Architecture / Performance,architecture-path,storage architecture,commercial,"Explain how the platform is built to keep search, previews and uploads responsive as libraries grow.",Creative content can be stored using object-storage infrastructure with organisational partitioning.,,Architecture and infrastructure,301 GetSibu Architecture; 317 Search Infrastructure; 319 Observability; 316 Stateless API Architecture; 315 API Scalability; 308 Scalable Asset Storage,,301 GetSibu Architecture; 317 Search Infrastructure; 319 Observability; 316 Stateless API Architecture,,,,0,Start free -> https://getsibu.com/signup,Scale Your Creative Library -> /get-started/scale-your-creative-library,Storage Architecture | GetSibu,Creative content can be stored using object-storage infrastructure with organisational partitioning.,/architecture/storage-architecture,WebPage TechArticle BreadcrumbList,"index,follow",true,Architecture & Performance,diagram,"The layered architecture named in the PDF — clients, edge services, APIs, search infrastructure, storage — as a precise technical drawing.",architecture-internals,false,published,,Creative content can be stored using object-storage infrastructure with organisational partitioning.
319,Observability,301-320 Architecture and Performance,canonical,,Architecture & Performance,architecture-performance,leaf,/architecture/observability,,/architecture,Home > Architecture & Performance > Observability,N Architecture / Performance,architecture-layers,observability,commercial,"Explain how the platform is built to keep search, previews and uploads responsive as libraries grow.",Observability allows platform operators to monitor application and infrastructure behaviour.,,Architecture and infrastructure,301 GetSibu Architecture; 318 Storage Architecture; 317 Search Infrastructure; 316 Stateless API Architecture; 315 API Scalability; 308 Scalable Asset Storage,,301 GetSibu Architecture; 318 Storage Architecture; 317 Search Infrastructure; 316 Stateless API Architecture,,,,0,Start free -> https://getsibu.com/signup,Scale Your Creative Library -> /get-started/scale-your-creative-library,Observability | GetSibu,Observability allows platform operators to monitor application and infrastructure behaviour.,/architecture/observability,WebPage TechArticle BreadcrumbList,"index,follow",true,Architecture & Performance,diagram,"The layered architecture named in the PDF — clients, edge services, APIs, search infrastructure, storage — as a precise technical drawing.",architecture-internals,false,published,,Observability allows platform operators to monitor application and infrastructure behaviour.
320,High-Performance DAM,301-320 Architecture and Performance,canonical,,Architecture & Performance,architecture-performance,leaf,/architecture/high-performance-dam,,/architecture,Home > Architecture & Performance > High-Performance DAM,N Architecture / Performance,architecture-path,high-performance dam,commercial,"Explain how the platform is built to keep search, previews and uploads responsive as libraries grow.","GetSibu combines fast search, media previews, scalable storage and efficient uploads to create a responsive DAM experience.","Summary: fast search, previews, scalable storage and efficient uploads combined.",Performance,313 Media Preview Performance; 312 Large File Performance; 311 Asset Processing Performance; 310 Search Performance; 309 Large Library Performance; 307 Fast Creative Search,,313 Media Preview Performance; 312 Large File Performance; 311 Asset Processing Performance; 310 Search Performance,,,,0,Start free -> https://getsibu.com/signup,Scale Your Creative Library -> /get-started/scale-your-creative-library,High-Performance DAM | GetSibu,"GetSibu combines fast search, media previews, scalable storage and efficient uploads to create a responsive DAM experience.",/architecture/high-performance-dam,WebPage TechArticle BreadcrumbList,"index,follow",true,Architecture & Performance,diagram,"The layered architecture named in the PDF — clients, edge services, APIs, search infrastructure, storage — as a precise technical drawing.",,false,published,,"GetSibu combines fast search, media previews, scalable storage and efficient uploads to create a responsive DAM experience."
321,GetSibu Security,321-340 Security and Compliance,canonical,,Security & Compliance,security-compliance,section-root,/security,,/,Home > GetSibu Security,F Permissions / Security,access-assurance,getsibu security,commercial,"Explain a control precisely: who it applies to, what it restricts or protects, and how it is recorded.","Security is built into the GetSibu architecture through encryption, authentication, access control, tenant isolation and audit logging.","Section root: encryption, authentication, access control, tenant isolation, audit logging.",Security foundations,324 Tenant Isolation; 323 Secret Encryption; 325 RBAC Security; 337 Default-Deny Security; 338 Enterprise Asset Security; 340 Secure Digital Asset Management,256 API Authentication; 324 Tenant Isolation; 326 Audit Logs,324 Tenant Isolation; 323 Secret Encryption; 325 RBAC Security; 337 Default-Deny Security,,,,12,Start free -> https://getsibu.com/signup,Give Your Creative Team One Source of Truth -> /get-started/give-your-creative-team-one-source-of-truth,GetSibu Security,"Security is built into the GetSibu architecture through encryption, authentication, access control, tenant isolation and audit logging.",/security,WebPage BreadcrumbList,"index,follow",true,Security & Compliance,diagram typographic,"Controls shown as structure: tenant boundaries, encryption at rest, identity (SSO/SCIM/MFA), audit history — clear labels over decoration.",multi-tenant,false,published,,"Security is built into the GetSibu architecture through encryption, authentication, access control, tenant isolation and audit logging."
322,AES-256 Encryption,321-340 Security and Compliance,canonical,,Security & Compliance,security-compliance,leaf,/security/aes-256-encryption,,/security,Home > Security & Compliance > AES-256 Encryption,F Permissions / Security,access-assurance-detail,aes-256 encryption,commercial,"Explain a control precisely: who it applies to, what it restricts or protects, and how it is recorded.",GetSibu's security positioning includes AES-256 encryption for data at rest and encrypted secrets.,Encryption at rest (claim — verify).,Security foundations,321 GetSibu Security; 323 Secret Encryption; 324 Tenant Isolation; 325 RBAC Security; 337 Default-Deny Security; 338 Enterprise Asset Security,,321 GetSibu Security; 323 Secret Encryption; 324 Tenant Isolation; 325 RBAC Security,,,,0,Start free -> https://getsibu.com/signup,Give Your Creative Team One Source of Truth -> /get-started/give-your-creative-team-one-source-of-truth,AES-256 Encryption | GetSibu,"AES-256 Encryption: security is built into the GetSibu architecture through encryption, authentication, access control, tenant isolation and audit logging.",/security/aes-256-encryption,WebPage BreadcrumbList,"noindex,follow",false,Security & Compliance,diagram typographic,"Controls shown as structure: tenant boundaries, encryption at rest, identity (SSO/SCIM/MFA), audit history — clear labels over decoration.",aes-256,true,held,321,GetSibu's security positioning includes AES-256 encryption for data at rest and encrypted secrets.
323,Secret Encryption,321-340 Security and Compliance,canonical,,Security & Compliance,security-compliance,leaf,/security/secret-encryption,,/security,Home > Security & Compliance > Secret Encryption,F Permissions / Security,access-assurance,secret encryption,commercial,"Explain a control precisely: who it applies to, what it restricts or protects, and how it is recorded.","OAuth credentials, SMTP passwords and API tokens can be protected using encrypted secret storage.","Encrypted storage of OAuth credentials, SMTP passwords and API tokens.",Security foundations,321 GetSibu Security; 324 Tenant Isolation; 325 RBAC Security; 337 Default-Deny Security; 338 Enterprise Asset Security; 340 Secure Digital Asset Management,261 GetSibu API,321 GetSibu Security; 324 Tenant Isolation; 325 RBAC Security; 337 Default-Deny Security,,,,0,Start free -> https://getsibu.com/signup,Give Your Creative Team One Source of Truth -> /get-started/give-your-creative-team-one-source-of-truth,Secret Encryption | GetSibu,"OAuth credentials, SMTP passwords and API tokens can be protected using encrypted secret storage.",/security/secret-encryption,WebPage BreadcrumbList,"index,follow",true,Security & Compliance,diagram typographic,"Controls shown as structure: tenant boundaries, encryption at rest, identity (SSO/SCIM/MFA), audit history — clear labels over decoration.",encrypted-secrets,false,published,,"OAuth credentials, SMTP passwords and API tokens can be protected using encrypted secret storage."
324,Tenant Isolation,321-340 Security and Compliance,canonical,,Security & Compliance,security-compliance,leaf,/security/tenant-isolation,,/security,Home > Security & Compliance > Tenant Isolation,F Permissions / Security,access-boundaries,tenant isolation,commercial,"Explain a control precisely: who it applies to, what it restricts or protects, and how it is recorded.",Multi-tenant organisations require strict separation between customer environments.,Security architecture: tenant-scoped data access. / Tenant-scoped data access as a security guarantee (see multi-tenancy).,Multi-tenancy; Security foundations,160 Multi-Tenant Digital Asset Management; 321 GetSibu Security; 323 Secret Encryption; 325 RBAC Security; 337 Default-Deny Security; 338 Enterprise Asset Security,160 Multi-Tenant Digital Asset Management,160 Multi-Tenant Digital Asset Management; 321 GetSibu Security; 323 Secret Encryption; 325 RBAC Security,372 What Is Multi-Tenant DAM?,387 Does GetSibu Support Multiple Clients?,215 GetSibu for Creative Agencies,0,Start free -> https://getsibu.com/signup,Give Your Creative Team One Source of Truth -> /get-started/give-your-creative-team-one-source-of-truth,Tenant Isolation | GetSibu,Multi-tenant organisations require strict separation between customer environments. GetSibu's architecture is designed around tenant-scoped data access.,/security/tenant-isolation,WebPage BreadcrumbList,"index,follow",true,Security & Compliance,diagram typographic,"Controls shown as structure: tenant boundaries, encryption at rest, identity (SSO/SCIM/MFA), audit history — clear labels over decoration.",multi-tenant,false,published,,Multi-tenant organisations require strict separation between customer environments. GetSibu's architecture is designed around tenant-scoped data access.
325,RBAC Security,321-340 Security and Compliance,canonical,,Security & Compliance,security-compliance,leaf,/security/rbac-security,,/security,Home > Security & Compliance > RBAC Security,F Permissions / Security,access-model,rbac security,commercial,"Explain a control precisely: who it applies to, what it restricts or protects, and how it is recorded.",Role-based access control limits what users can perform according to their organisational responsibilities.,Security angle of RBAC: limiting what users can perform. / RBAC as a security control limiting actions (see access-control).,Access control; Security foundations,337 Default-Deny Security; 153 Role-Based Access Control; 321 GetSibu Security; 324 Tenant Isolation; 323 Secret Encryption; 338 Enterprise Asset Security,153 Role-Based Access Control,337 Default-Deny Security; 153 Role-Based Access Control; 321 GetSibu Security; 324 Tenant Isolation,,,,0,Start free -> https://getsibu.com/signup,Give Your Creative Team One Source of Truth -> /get-started/give-your-creative-team-one-source-of-truth,RBAC Security | GetSibu,Role-based access control limits what users can perform according to their organisational responsibilities.,/security/rbac-security,WebPage BreadcrumbList,"index,follow",true,Security & Compliance,diagram typographic,"Controls shown as structure: tenant boundaries, encryption at rest, identity (SSO/SCIM/MFA), audit history — clear labels over decoration.",,false,published,,Role-based access control limits what users can perform according to their organisational responsibilities.
326,Audit Logs,321-340 Security and Compliance,canonical,,Security & Compliance,security-compliance,leaf,/security/audit-logs,,/security,Home > Security & Compliance > Audit Logs,F Permissions / Security,access-assurance-detail,audit logs,commercial,"Explain a control precisely: who it applies to, what it restricts or protects, and how it is recorded.","Audit logs provide a historical record of important actions including permissions, comments, asset changes and other platform events.","Platform audit logs: permissions, comments, asset changes and other events.",Audit trail and history,119 Asset Audit Trail; 170 Permission Auditing; 118 Asset Activity; 117 Asset History; 116 Asset Attribution; 115 Asset Ownership,151 Creative Asset Permissions; 62 Asset Comments,119 Asset Audit Trail; 170 Permission Auditing; 118 Asset Activity; 117 Asset History,,,,0,Start free -> https://getsibu.com/signup,Give Your Creative Team One Source of Truth -> /get-started/give-your-creative-team-one-source-of-truth,Audit Logs | GetSibu,"Audit logs provide a historical record of important actions including permissions, comments, asset changes and other platform events.",/security/audit-logs,WebPage BreadcrumbList,"index,follow",true,Security & Compliance,diagram typographic,"Controls shown as structure: tenant boundaries, encryption at rest, identity (SSO/SCIM/MFA), audit history — clear labels over decoration.",,false,published,,"Audit logs provide a historical record of important actions including permissions, comments, asset changes and other platform events."
327,Immutable Audit History,321-340 Security and Compliance,canonical,,Security & Compliance,security-compliance,leaf,/security/immutable-audit-history,,/security,Home > Security & Compliance > Immutable Audit History,F Permissions / Security,access-assurance,immutable audit history,commercial,"Explain a control precisely: who it applies to, what it restricts or protects, and how it is recorded.",Immutable audit records help organisations maintain reliable historical information about privileged actions.,Immutability of privileged-action records.,Audit trail and history,119 Asset Audit Trail; 326 Audit Logs; 170 Permission Auditing; 118 Asset Activity; 117 Asset History; 116 Asset Attribution,,119 Asset Audit Trail; 326 Audit Logs; 170 Permission Auditing; 118 Asset Activity,,,,0,Start free -> https://getsibu.com/signup,Give Your Creative Team One Source of Truth -> /get-started/give-your-creative-team-one-source-of-truth,Immutable Audit History | GetSibu,Immutable Audit History: the asset audit trail provides visibility into important actions performed on creative files.,/security/immutable-audit-history,WebPage BreadcrumbList,"noindex,follow",false,Security & Compliance,diagram typographic,"Controls shown as structure: tenant boundaries, encryption at rest, identity (SSO/SCIM/MFA), audit history — clear labels over decoration.",immutable-audit,true,held,119,Immutable audit records help organisations maintain reliable historical information about privileged actions.
328,GDPR Support,321-340 Security and Compliance,canonical,,Security & Compliance,security-compliance,leaf,/security/gdpr-support,,/security,Home > Security & Compliance > GDPR Support,F Permissions / Security,access-assurance-detail,gdpr support,commercial,"Explain a control precisely: who it applies to, what it restricts or protects, and how it is recorded.",GetSibu's stated compliance positioning includes GDPR-related controls such as EU-region storage and right-to-erasure workflows.,,Compliance,326 Audit Logs; 325 RBAC Security; 324 Tenant Isolation,,,,,,0,Start free -> https://getsibu.com/signup,Give Your Creative Team One Source of Truth -> /get-started/give-your-creative-team-one-source-of-truth,GDPR Support | GetSibu,"GDPR Support: security is built into the GetSibu architecture through encryption, authentication, access control, tenant isolation and audit logging.",/security/gdpr-support,WebPage BreadcrumbList,"noindex,follow",false,Security & Compliance,diagram typographic,"Controls shown as structure: tenant boundaries, encryption at rest, identity (SSO/SCIM/MFA), audit history — clear labels over decoration.",gdpr,true,held,321,GetSibu's stated compliance positioning includes GDPR-related controls such as EU-region storage and right-to-erasure workflows.
329,Data Processing Agreement,321-340 Security and Compliance,canonical,,Security & Compliance,security-compliance,leaf,/security/data-processing-agreement,,/security,Home > Security & Compliance > Data Processing Agreement,F Permissions / Security,access-assurance,data processing agreement,commercial,"Explain a control precisely: who it applies to, what it restricts or protects, and how it is recorded.",The platform provides DPA support for organisations requiring formal data-processing arrangements.,,Compliance,326 Audit Logs; 325 RBAC Security; 324 Tenant Isolation,,,,,,0,Start free -> https://getsibu.com/signup,Give Your Creative Team One Source of Truth -> /get-started/give-your-creative-team-one-source-of-truth,Data Processing Agreement | GetSibu,Data Processing Agreement: security is built into the GetSibu architecture.,/security/data-processing-agreement,WebPage BreadcrumbList,"noindex,follow",false,Security & Compliance,diagram typographic,"Controls shown as structure: tenant boundaries, encryption at rest, identity (SSO/SCIM/MFA), audit history — clear labels over decoration.",dpa,true,held,321,The platform provides DPA support for organisations requiring formal data-processing arrangements.
330,SOC 2 Readiness,321-340 Security and Compliance,canonical,,Security & Compliance,security-compliance,leaf,/security/soc-2-readiness,,/security,Home > Security & Compliance > SOC 2 Readiness,F Permissions / Security,access-assurance-detail,soc 2 readiness,commercial,"Explain a control precisely: who it applies to, what it restricts or protects, and how it is recorded.","GetSibu positions its security architecture as SOC 2 Type II ready, including controls related to access, auditability and tenant isolation.",,Compliance,326 Audit Logs; 324 Tenant Isolation; 119 Asset Audit Trail,326 Audit Logs; 324 Tenant Isolation,326 Audit Logs; 324 Tenant Isolation,,,,0,Start free -> https://getsibu.com/signup,Give Your Creative Team One Source of Truth -> /get-started/give-your-creative-team-one-source-of-truth,SOC 2 Readiness | GetSibu,"SOC 2 Readiness: security is built into the GetSibu architecture through encryption, authentication, access control, tenant isolation and audit logging.",/security/soc-2-readiness,WebPage BreadcrumbList,"noindex,follow",false,Security & Compliance,diagram typographic,"Controls shown as structure: tenant boundaries, encryption at rest, identity (SSO/SCIM/MFA), audit history — clear labels over decoration.",soc2 multi-tenant,true,held,321,"GetSibu positions its security architecture as SOC 2 Type II ready, including controls related to access, auditability and tenant isolation."
331,Backup Redundancy,321-340 Security and Compliance,canonical,,Security & Compliance,security-compliance,leaf,/security/backup-redundancy,,/security,Home > Security & Compliance > Backup Redundancy,F Permissions / Security,access-assurance,backup redundancy,commercial,"Explain a control precisely: who it applies to, what it restricts or protects, and how it is recorded.",Backup redundancy helps protect against data loss and provides recovery options.,,Backups and recovery,110 Asset Recovery; 94 Version Restore; 101 Asset Lifecycle Management,,110 Asset Recovery; 94 Version Restore,,,,0,Start free -> https://getsibu.com/signup,Give Your Creative Team One Source of Truth -> /get-started/give-your-creative-team-one-source-of-truth,Backup Redundancy | GetSibu,"Backup Redundancy: security is built into the GetSibu architecture through encryption, authentication, access control, tenant isolation and audit logging.",/security/backup-redundancy,WebPage BreadcrumbList,"noindex,follow",false,Security & Compliance,diagram typographic,"Controls shown as structure: tenant boundaries, encryption at rest, identity (SSO/SCIM/MFA), audit history — clear labels over decoration.",backups-pitr,true,held,321,Backup redundancy helps protect against data loss and provides recovery options.
332,Point-in-Time Restore,321-340 Security and Compliance,canonical,,Security & Compliance,security-compliance,leaf,/security/point-in-time-restore,,/security,Home > Security & Compliance > Point-in-Time Restore,F Permissions / Security,access-assurance-detail,point-in-time restore,commercial,"Explain a control precisely: who it applies to, what it restricts or protects, and how it is recorded.",Point-in-time restoration can help organisations recover from accidental changes or data problems.,,Backups and recovery,110 Asset Recovery; 94 Version Restore; 101 Asset Lifecycle Management,,110 Asset Recovery; 94 Version Restore,,,,0,Start free -> https://getsibu.com/signup,Give Your Creative Team One Source of Truth -> /get-started/give-your-creative-team-one-source-of-truth,Point-in-Time Restore | GetSibu,"Point-in-Time Restore: security is built into the GetSibu architecture through encryption, authentication, access control, tenant isolation and audit logging.",/security/point-in-time-restore,WebPage BreadcrumbList,"noindex,follow",false,Security & Compliance,diagram typographic,"Controls shown as structure: tenant boundaries, encryption at rest, identity (SSO/SCIM/MFA), audit history — clear labels over decoration.",backups-pitr,true,held,321,Point-in-time restoration can help organisations recover from accidental changes or data problems.
333,Cross-Region Replication,321-340 Security and Compliance,canonical,,Security & Compliance,security-compliance,leaf,/security/cross-region-replication,,/security,Home > Security & Compliance > Cross-Region Replication,F Permissions / Security,access-assurance,cross-region replication,commercial,"Explain a control precisely: who it applies to, what it restricts or protects, and how it is recorded.",Business-level infrastructure can include cross-region replication for additional resilience.,,Backups and recovery,110 Asset Recovery; 94 Version Restore; 101 Asset Lifecycle Management,,110 Asset Recovery; 94 Version Restore,,,,0,Start free -> https://getsibu.com/signup,Give Your Creative Team One Source of Truth -> /get-started/give-your-creative-team-one-source-of-truth,Cross-Region Replication | GetSibu,Cross-Region Replication: security is built into the GetSibu architecture.,/security/cross-region-replication,WebPage BreadcrumbList,"noindex,follow",false,Security & Compliance,diagram typographic,"Controls shown as structure: tenant boundaries, encryption at rest, identity (SSO/SCIM/MFA), audit history — clear labels over decoration.",cross-region-replication,true,held,321,Business-level infrastructure can include cross-region replication for additional resilience.
334,SSO,321-340 Security and Compliance,canonical,,Security & Compliance,security-compliance,leaf,/security/sso,,/security,Home > Security & Compliance > SSO,F Permissions / Security,access-assurance-detail,sso,commercial,"Explain a control precisely: who it applies to, what it restricts or protects, and how it is recorded.",Single sign-on provides organisations with centralised identity management.,,Identity and sign-in,336 MFA; 165 Per-Client Authentication; 256 API Authentication,,336 MFA; 165 Per-Client Authentication,,,,0,Start free -> https://getsibu.com/signup,Give Your Creative Team One Source of Truth -> /get-started/give-your-creative-team-one-source-of-truth,SSO | GetSibu,"SSO: security is built into the GetSibu architecture through encryption, authentication, access control, tenant isolation and audit logging.",/security/sso,WebPage BreadcrumbList,"noindex,follow",false,Security & Compliance,diagram typographic,"Controls shown as structure: tenant boundaries, encryption at rest, identity (SSO/SCIM/MFA), audit history — clear labels over decoration.",sso-scim,true,held,321,Single sign-on provides organisations with centralised identity management.
335,SCIM,321-340 Security and Compliance,canonical,,Security & Compliance,security-compliance,leaf,/security/scim,,/security,Home > Security & Compliance > SCIM,F Permissions / Security,access-assurance,scim,commercial,"Explain a control precisely: who it applies to, what it restricts or protects, and how it is recorded.",SCIM support can simplify user provisioning and deprovisioning for enterprise organisations.,,Identity and sign-in,336 MFA; 165 Per-Client Authentication; 256 API Authentication,,336 MFA; 165 Per-Client Authentication,,,,0,Start free -> https://getsibu.com/signup,Give Your Creative Team One Source of Truth -> /get-started/give-your-creative-team-one-source-of-truth,SCIM | GetSibu,"SCIM: security is built into the GetSibu architecture through encryption, authentication, access control, tenant isolation and audit logging.",/security/scim,WebPage BreadcrumbList,"noindex,follow",false,Security & Compliance,diagram typographic,"Controls shown as structure: tenant boundaries, encryption at rest, identity (SSO/SCIM/MFA), audit history — clear labels over decoration.",sso-scim,true,held,321,SCIM support can simplify user provisioning and deprovisioning for enterprise organisations.
336,MFA,321-340 Security and Compliance,canonical,,Security & Compliance,security-compliance,leaf,/security/mfa,,/security,Home > Security & Compliance > MFA,F Permissions / Security,access-assurance-detail,mfa,commercial,"Explain a control precisely: who it applies to, what it restricts or protects, and how it is recorded.",Multi-factor authentication adds another layer of account protection.,,Identity and sign-in,165 Per-Client Authentication; 256 API Authentication; 337 Default-Deny Security; 338 Enterprise Asset Security; 326 Audit Logs; 325 RBAC Security,256 API Authentication,165 Per-Client Authentication; 256 API Authentication; 337 Default-Deny Security; 338 Enterprise Asset Security,,,,0,Start free -> https://getsibu.com/signup,Give Your Creative Team One Source of Truth -> /get-started/give-your-creative-team-one-source-of-truth,MFA | GetSibu,"What multi-factor authentication adds to the accounts that reach a creative library, where it matters most, and how to introduce it without slowing work.",/security/mfa,WebPage BreadcrumbList,"index,follow",true,Security & Compliance,diagram typographic,"Controls shown as structure: tenant boundaries, encryption at rest, identity (SSO/SCIM/MFA), audit history — clear labels over decoration.",mfa,false,published,,Multi-factor authentication adds another layer of account protection.
337,Default-Deny Security,321-340 Security and Compliance,canonical,,Security & Compliance,security-compliance,leaf,/security/default-deny-security,,/security,Home > Security & Compliance > Default-Deny Security,F Permissions / Security,access-model,default-deny security,commercial,"Explain a control precisely: who it applies to, what it restricts or protects, and how it is recorded.",Default-deny folder access ensures that new content is not automatically exposed to every user.,Security angle of default-deny: new content not automatically exposed. / Default-deny as protection against automatic exposure (see access-control).,Access control; Security foundations,325 RBAC Security; 154 Default-Deny Access; 321 GetSibu Security; 153 Role-Based Access Control; 338 Enterprise Asset Security; 340 Secure Digital Asset Management,154 Default-Deny Access,325 RBAC Security; 154 Default-Deny Access; 321 GetSibu Security; 153 Role-Based Access Control,,,,0,Start free -> https://getsibu.com/signup,Give Your Creative Team One Source of Truth -> /get-started/give-your-creative-team-one-source-of-truth,Default-Deny Security | GetSibu,Default-deny folder access ensures that new content is not automatically exposed to every user.,/security/default-deny-security,WebPage BreadcrumbList,"index,follow",true,Security & Compliance,diagram typographic,"Controls shown as structure: tenant boundaries, encryption at rest, identity (SSO/SCIM/MFA), audit history — clear labels over decoration.",default-deny,false,published,,Default-deny folder access ensures that new content is not automatically exposed to every user.
338,Enterprise Asset Security,321-340 Security and Compliance,canonical,,Security & Compliance,security-compliance,leaf,/security/enterprise-asset-security,,/security,Home > Security & Compliance > Enterprise Asset Security,F Permissions / Security,access-assurance,enterprise asset security,commercial,"Explain a control precisely: who it applies to, what it restricts or protects, and how it is recorded.","Enterprise security combines identity management, encryption, permissions, auditability and data isolation.","Enterprise combination: identity, encryption, permissions, auditability, isolation.",Security foundations,321 GetSibu Security; 337 Default-Deny Security; 340 Secure Digital Asset Management; 325 RBAC Security; 324 Tenant Isolation; 323 Secret Encryption,151 Creative Asset Permissions; 326 Audit Logs,321 GetSibu Security; 337 Default-Deny Security; 340 Secure Digital Asset Management; 325 RBAC Security,,,,0,Start free -> https://getsibu.com/signup,Give Your Creative Team One Source of Truth -> /get-started/give-your-creative-team-one-source-of-truth,Enterprise Asset Security | GetSibu,"Enterprise security combines identity management, encryption, permissions, auditability and data isolation.",/security/enterprise-asset-security,WebPage BreadcrumbList,"index,follow",true,Security & Compliance,diagram typographic,"Controls shown as structure: tenant boundaries, encryption at rest, identity (SSO/SCIM/MFA), audit history — clear labels over decoration.",,false,published,,"Enterprise security combines identity management, encryption, permissions, auditability and data isolation."
339,Creative Data Governance,321-340 Security and Compliance,canonical,,Security & Compliance,security-compliance,leaf,/security/creative-data-governance,,/security,Home > Security & Compliance > Creative Data Governance,F Permissions / Security,access-assurance-detail,creative data governance,commercial,"Explain a control precisely: who it applies to, what it restricts or protects, and how it is recorded.","Data governance establishes rules around access, retention, usage and asset management.","Data governance: rules for access, retention, usage and management.",Governance,114 Creative Asset Governance; 371 What Is Creative Governance?; 179 Enterprise Asset Governance; 159 Creative Access Governance; 338 Enterprise Asset Security; 340 Secure Digital Asset Management,114 Creative Asset Governance,114 Creative Asset Governance; 179 Enterprise Asset Governance; 159 Creative Access Governance; 338 Enterprise Asset Security,371 What Is Creative Governance?,,,0,Start free -> https://getsibu.com/signup,Give Your Creative Team One Source of Truth -> /get-started/give-your-creative-team-one-source-of-truth,Creative Data Governance | GetSibu,"Data governance establishes rules around access, retention, usage and asset management.",/security/creative-data-governance,WebPage BreadcrumbList,"index,follow",true,Security & Compliance,diagram typographic,"Controls shown as structure: tenant boundaries, encryption at rest, identity (SSO/SCIM/MFA), audit history — clear labels over decoration.",,false,published,,"Data governance establishes rules around access, retention, usage and asset management."
340,Secure Digital Asset Management,321-340 Security and Compliance,canonical,,Security & Compliance,security-compliance,leaf,/security/secure-digital-asset-management,,/security,Home > Security & Compliance > Secure Digital Asset Management,F Permissions / Security,access-assurance,secure digital asset management,commercial,"Explain a control precisely: who it applies to, what it restricts or protects, and how it is recorded.",GetSibu provides a security-oriented environment for organisations that need to manage valuable creative assets responsibly.,Responsible management of valuable creative assets.,Security foundations,321 GetSibu Security; 338 Enterprise Asset Security; 337 Default-Deny Security; 325 RBAC Security; 324 Tenant Isolation; 323 Secret Encryption,,321 GetSibu Security; 338 Enterprise Asset Security; 337 Default-Deny Security; 325 RBAC Security,,,,0,Start free -> https://getsibu.com/signup,Give Your Creative Team One Source of Truth -> /get-started/give-your-creative-team-one-source-of-truth,Secure Digital Asset Management | GetSibu,GetSibu provides a security-oriented environment for organisations that need to manage valuable creative assets responsibly.,/security/secure-digital-asset-management,WebPage BreadcrumbList,"index,follow",true,Security & Compliance,diagram typographic,"Controls shown as structure: tenant boundaries, encryption at rest, identity (SSO/SCIM/MFA), audit history — clear labels over decoration.",,false,published,,GetSibu provides a security-oriented environment for organisations that need to manage valuable creative assets responsibly.
341,GetSibu Pricing,"341-360 Pricing, Plans and Business Value",canonical,,Pricing,pricing-plans,section-root,/pricing,,/,Home > GetSibu Pricing,P Pricing,pricing-plans,getsibu pricing,commercial,Help a buyer choose a plan using only plan details confirmed on the official site.,"GetSibu uses a tiered pricing model designed to let teams begin with a free plan and move into paid plans as their storage, user and API requirements grow.",,Plans and pricing,345 Creative Team Pricing; 346 DAM Pricing for Agencies; 347 Enterprise Asset Management Cost; 261 GetSibu API,261 GetSibu API,261 GetSibu API,,,,5,Start free -> https://getsibu.com/signup,Start Your Creative Library -> /get-started,GetSibu Pricing,GetSibu Pricing: creative teams can choose a plan according to the size of their library and collaboration requirements.,/pricing,WebPage BreadcrumbList,"index,follow",true,Pricing & Plans,typographic,"Plans compared plainly: what each plan includes, in the words and figures confirmed on the official site.",pricing-tiers,true,framed,345,"GetSibu uses a tiered pricing model designed to let teams begin with a free plan and move into paid plans as their storage, user and API requirements grow."
342,Free Plan,"341-360 Pricing, Plans and Business Value",canonical,,Pricing,pricing-plans,leaf,/pricing/free-plan,,/pricing,Home > Pricing > Free Plan,P Pricing,pricing-plans,free plan,commercial,Help a buyer choose a plan using only plan details confirmed on the official site.,The free plan is positioned for individuals and makers exploring GetSibu.,,Plans and pricing,341 GetSibu Pricing; 345 Creative Team Pricing; 346 DAM Pricing for Agencies; 347 Enterprise Asset Management Cost; 261 GetSibu API; 127 Drag and Drop Upload,261 GetSibu API; 127 Drag and Drop Upload,261 GetSibu API; 127 Drag and Drop Upload,,,,0,Start free -> https://getsibu.com/signup,Start Your Creative Library -> /get-started,Free Plan | GetSibu,Free Plan: creative teams can choose a plan according to the size of their library and collaboration requirements.,/pricing/free-plan,WebPage BreadcrumbList,"noindex,follow",false,Pricing & Plans,typographic,"Plans compared plainly: what each plan includes, in the words and figures confirmed on the official site.",pricing-tiers free-plan-limits,true,held,345,"The free plan is positioned for individuals and makers exploring GetSibu. It provides 5 GB of storage, three seats, API access, drag-and-drop uploads and search capabilities."
343,Pro Plan,"341-360 Pricing, Plans and Business Value",canonical,,Pricing,pricing-plans,leaf,/pricing/pro-plan,,/pricing,Home > Pricing > Pro Plan,P Pricing,pricing-plans,pro plan,commercial,Help a buyer choose a plan using only plan details confirmed on the official site.,"The Pro plan is designed for growing creative teams that need larger storage, more users, Google Drive synchronisation, comments and saved searches.",,Plans and pricing,341 GetSibu Pricing; 345 Creative Team Pricing; 346 DAM Pricing for Agencies; 347 Enterprise Asset Management Cost; 62 Asset Comments; 17 Saved Asset Searches,62 Asset Comments; 17 Saved Asset Searches,62 Asset Comments; 17 Saved Asset Searches,,,,0,Start free -> https://getsibu.com/signup,Start Your Creative Library -> /get-started,Pro Plan | GetSibu,Pro Plan: creative teams can choose a plan according to the size of their library and collaboration requirements.,/pricing/pro-plan,WebPage BreadcrumbList,"noindex,follow",false,Pricing & Plans,typographic,"Plans compared plainly: what each plan includes, in the words and figures confirmed on the official site.",storage-sources pricing-tiers pro-plan-contents,true,held,345,"The Pro plan is designed for growing creative teams that need larger storage, more users, Google Drive synchronisation, comments and saved searches."
344,Business Plan,"341-360 Pricing, Plans and Business Value",canonical,,Pricing,pricing-plans,leaf,/pricing/business-plan,,/pricing,Home > Pricing > Business Plan,P Pricing,pricing-plans,business plan,commercial,Help a buyer choose a plan using only plan details confirmed on the official site.,"The Business plan is intended for studios and larger teams requiring additional storage, more seats, SSO, SCIM, audit exports and priority support.",,Plans and pricing,341 GetSibu Pricing; 345 Creative Team Pricing; 346 DAM Pricing for Agencies; 347 Enterprise Asset Management Cost,,,,,,0,Start free -> https://getsibu.com/signup,Start Your Creative Library -> /get-started,Business Plan | GetSibu,Business Plan: creative teams can choose a plan according to the size of their library and collaboration requirements.,/pricing/business-plan,WebPage BreadcrumbList,"noindex,follow",false,Pricing & Plans,typographic,"Plans compared plainly: what each plan includes, in the words and figures confirmed on the official site.",sso-scim pricing-tiers business-plan-contents,true,held,345,"The Business plan is intended for studios and larger teams requiring additional storage, more seats, SSO, SCIM, audit exports and priority support."
345,Creative Team Pricing,"341-360 Pricing, Plans and Business Value",canonical,,Pricing,pricing-plans,leaf,/pricing/creative-team-pricing,,/pricing,Home > Pricing > Creative Team Pricing,P Pricing,pricing-guidance,creative team pricing,commercial,Help a buyer choose a plan using only plan details confirmed on the official site.,Creative teams can choose a plan according to the size of their library and collaboration requirements.,,Plans and pricing,341 GetSibu Pricing; 346 DAM Pricing for Agencies; 347 Enterprise Asset Management Cost,,,,,,0,Start free -> https://getsibu.com/signup,Start Your Creative Library -> /get-started,Creative Team Pricing | GetSibu,Creative teams can choose a plan according to the size of their library and collaboration requirements.,/pricing/creative-team-pricing,WebPage BreadcrumbList,"index,follow",true,Pricing & Plans,typographic,"Plans compared plainly: what each plan includes, in the words and figures confirmed on the official site.",,false,published,,Creative teams can choose a plan according to the size of their library and collaboration requirements.
346,DAM Pricing for Agencies,"341-360 Pricing, Plans and Business Value",canonical,,Pricing,pricing-plans,leaf,/pricing/dam-pricing-for-agencies,,/pricing,Home > Pricing > DAM Pricing for Agencies,P Pricing,pricing-guidance,dam pricing for agencies,commercial,Help a buyer choose a plan using only plan details confirmed on the official site.,"Agencies can evaluate GetSibu based on the number of clients, users, storage requirements and multi-tenant needs.",,Agencies and consultancies; Plans and pricing,341 GetSibu Pricing; 215 GetSibu for Creative Agencies; 345 Creative Team Pricing; 347 Enterprise Asset Management Cost; 354 Agency Efficiency; 229 GetSibu for Video Agencies,160 Multi-Tenant Digital Asset Management,202 Agency Analytics; 168 Agency Asset Management; 162 Agency Multi-Tenancy; 160 Multi-Tenant Digital Asset Management,,,215 GetSibu for Creative Agencies; 229 GetSibu for Video Agencies; 221 GetSibu for Brand Consultancies,0,Start free -> https://getsibu.com/signup,Start Your Creative Library -> /get-started,DAM Pricing for Agencies | GetSibu,"Agencies can evaluate GetSibu based on the number of clients, users, storage requirements and multi-tenant needs.",/pricing/dam-pricing-for-agencies,WebPage BreadcrumbList,"index,follow",true,Pricing & Plans,typographic,"Plans compared plainly: what each plan includes, in the words and figures confirmed on the official site.",multi-tenant,false,published,,"Agencies can evaluate GetSibu based on the number of clients, users, storage requirements and multi-tenant needs."
347,Enterprise Asset Management Cost,"341-360 Pricing, Plans and Business Value",canonical,,Pricing,pricing-plans,leaf,/pricing/enterprise-asset-management-cost,,/pricing,Home > Pricing > Enterprise Asset Management Cost,P Pricing,pricing-guidance,enterprise asset management cost,commercial,Help a buyer choose a plan using only plan details confirmed on the official site.,"The cost of digital asset management should be considered alongside storage, productivity, collaboration and administrative savings.","Cost considered alongside storage, productivity, collaboration and admin savings.",Plans and pricing; Return on investment,341 GetSibu Pricing; 359 DAM Business Case; 346 DAM Pricing for Agencies; 345 Creative Team Pricing; 348 Creative Workflow ROI; 349 Asset Discovery ROI,,360 Why Invest in GetSibu,,,,0,Start free -> https://getsibu.com/signup,Start Your Creative Library -> /get-started,Enterprise Asset Management Cost | GetSibu,"The cost of digital asset management should be considered alongside storage, productivity, collaboration and administrative savings.",/pricing/enterprise-asset-management-cost,WebPage BreadcrumbList,"index,follow",true,Pricing & Plans,typographic,"Plans compared plainly: what each plan includes, in the words and figures confirmed on the official site.",,false,published,,"The cost of digital asset management should be considered alongside storage, productivity, collaboration and administrative savings."
348,Creative Workflow ROI,"341-360 Pricing, Plans and Business Value",canonical,,Business Value,business-value,leaf,/business-value/creative-workflow-roi,,/business-value,Home > Business Value > Creative Workflow ROI,Q Business Value,value-contrast,creative workflow roi,commercial,"Make a qualitative case for where GetSibu saves time, storage or confusion — no invented ROI figures.","A centralised creative library can reduce time spent searching for assets, recreating files and resolving version confusion.","Workflow: searching, recreating files, version confusion.",Return on investment,359 DAM Business Case; 349 Asset Discovery ROI; 350 Duplicate Reduction; 347 Enterprise Asset Management Cost; 360 Why Invest in GetSibu,,360 Why Invest in GetSibu,,,,0,Start free -> https://getsibu.com/signup,Build a Smarter Creative Workflow -> /get-started/build-a-smarter-creative-workflow,Creative Workflow ROI | GetSibu,"A centralised creative library can reduce time spent searching for assets, recreating files and resolving version confusion.",/business-value/creative-workflow-roi,WebPage BreadcrumbList,"index,follow",true,Business Value,diagram photography,"Where time and storage go without a central library (searching, recreating, version confusion) versus with one — described qualitatively.",,false,published,,"A centralised creative library can reduce time spent searching for assets, recreating files and resolving version confusion."
349,Asset Discovery ROI,"341-360 Pricing, Plans and Business Value",canonical,,Business Value,business-value,leaf,/business-value/asset-discovery-roi,,/business-value,Home > Business Value > Asset Discovery ROI,Q Business Value,value-team,asset discovery roi,commercial,"Make a qualitative case for where GetSibu saves time, storage or confusion — no invented ROI figures.",Faster asset discovery can help creative professionals spend more time creating and less time searching through folders.,Business value: time returned to creative work. / Discovery: time returned to creating.,Search speed; Return on investment,359 DAM Business Case; 20 Fast Asset Discovery; 348 Creative Workflow ROI; 350 Duplicate Reduction; 347 Enterprise Asset Management Cost; 360 Why Invest in GetSibu,30 Asset Discovery Workflow,20 Fast Asset Discovery; 360 Why Invest in GetSibu; 310 Search Performance; 307 Fast Creative Search,,,,0,Start free -> https://getsibu.com/signup,Build a Smarter Creative Workflow -> /get-started/build-a-smarter-creative-workflow,Asset Discovery ROI | GetSibu,Faster asset discovery can help creative professionals spend more time creating and less time searching through folders.,/business-value/asset-discovery-roi,WebPage BreadcrumbList,"index,follow",true,Business Value,diagram photography,"Where time and storage go without a central library (searching, recreating, version confusion) versus with one — described qualitatively.",,false,published,,Faster asset discovery can help creative professionals spend more time creating and less time searching through folders.
350,Duplicate Reduction,"341-360 Pricing, Plans and Business Value",canonical,,Business Value,business-value,leaf,/business-value/duplicate-reduction,,/business-value,Home > Business Value > Duplicate Reduction,Q Business Value,value-contrast,duplicate reduction,commercial,"Make a qualitative case for where GetSibu saves time, storage or confusion — no invented ROI figures.",Duplicate detection can help reduce unnecessary storage consumption and eliminate confusion caused by multiple copies.,Business value: less storage consumption and less confusion from multiple copies.,Duplicate detection; Return on investment,40 AI Duplicate Detection; 359 DAM Business Case; 349 Asset Discovery ROI; 348 Creative Workflow ROI; 347 Enterprise Asset Management Cost; 360 Why Invest in GetSibu,40 AI Duplicate Detection,40 AI Duplicate Detection; 360 Why Invest in GetSibu; 112 Duplicate Asset Management,368 What Is Duplicate Detection?,,,0,Start free -> https://getsibu.com/signup,Build a Smarter Creative Workflow -> /get-started/build-a-smarter-creative-workflow,Duplicate Reduction | GetSibu,Duplicate detection can help reduce unnecessary storage consumption and eliminate confusion caused by multiple copies.,/business-value/duplicate-reduction,WebPage BreadcrumbList,"index,follow",true,Business Value,diagram photography,"Where time and storage go without a central library (searching, recreating, version confusion) versus with one — described qualitatively.",duplicate-detection,false,published,,Duplicate detection can help reduce unnecessary storage consumption and eliminate confusion caused by multiple copies.
351,Creative Productivity,"341-360 Pricing, Plans and Business Value",canonical,,Business Value,business-value,leaf,/business-value/creative-productivity,,/business-value,Home > Business Value > Creative Productivity,Q Business Value,value-team,creative productivity,commercial,"Make a qualitative case for where GetSibu saves time, storage or confusion — no invented ROI figures.","By reducing manual organisation and asset-search work, GetSibu can help teams focus on higher-value creative activities.",,Productivity and efficiency,352 Marketing Productivity; 353 Production Productivity; 354 Agency Efficiency; 355 Creative Operations Efficiency; 356 Asset Management Efficiency; 357 Storage Efficiency,,,,,,0,Start free -> https://getsibu.com/signup,Build a Smarter Creative Workflow -> /get-started/build-a-smarter-creative-workflow,Creative Productivity | GetSibu,"By reducing manual organisation and asset-search work, GetSibu can help teams focus on higher-value creative activities.",/business-value/creative-productivity,WebPage BreadcrumbList,"index,follow",true,Business Value,diagram photography,"Where time and storage go without a central library (searching, recreating, version confusion) versus with one — described qualitatively.",,false,published,,"By reducing manual organisation and asset-search work, GetSibu can help teams focus on higher-value creative activities."
352,Marketing Productivity,"341-360 Pricing, Plans and Business Value",canonical,,Business Value,business-value,leaf,/business-value/marketing-productivity,,/business-value,Home > Business Value > Marketing Productivity,Q Business Value,value-contrast,marketing productivity,commercial,"Make a qualitative case for where GetSibu saves time, storage or confusion — no invented ROI figures.",Marketing teams can reduce the time required to locate approved campaign content and supporting creative materials.,,Productivity and efficiency,351 Creative Productivity; 353 Production Productivity; 354 Agency Efficiency; 355 Creative Operations Efficiency; 356 Asset Management Efficiency; 357 Storage Efficiency,,,,,,0,Start free -> https://getsibu.com/signup,Build a Smarter Creative Workflow -> /get-started/build-a-smarter-creative-workflow,Marketing Productivity | GetSibu,Marketing teams can reduce the time required to locate approved campaign content and supporting creative materials.,/business-value/marketing-productivity,WebPage BreadcrumbList,"index,follow",true,Business Value,diagram photography,"Where time and storage go without a central library (searching, recreating, version confusion) versus with one — described qualitatively.",,false,published,,Marketing teams can reduce the time required to locate approved campaign content and supporting creative materials.
353,Production Productivity,"341-360 Pricing, Plans and Business Value",canonical,,Business Value,business-value,leaf,/business-value/production-productivity,,/business-value,Home > Business Value > Production Productivity,Q Business Value,value-team,production productivity,commercial,"Make a qualitative case for where GetSibu saves time, storage or confusion — no invented ROI figures.",Production teams can reduce the time spent reviewing large amounts of footage and searching through disconnected storage.,,Productivity and efficiency,351 Creative Productivity; 352 Marketing Productivity; 354 Agency Efficiency; 355 Creative Operations Efficiency; 356 Asset Management Efficiency; 357 Storage Efficiency,,,,,,0,Start free -> https://getsibu.com/signup,Build a Smarter Creative Workflow -> /get-started/build-a-smarter-creative-workflow,Production Productivity | GetSibu,Production teams can reduce the time spent reviewing large amounts of footage and searching through disconnected storage.,/business-value/production-productivity,WebPage BreadcrumbList,"index,follow",true,Business Value,diagram photography,"Where time and storage go without a central library (searching, recreating, version confusion) versus with one — described qualitatively.",,false,published,,Production teams can reduce the time spent reviewing large amounts of footage and searching through disconnected storage.
354,Agency Efficiency,"341-360 Pricing, Plans and Business Value",canonical,,Business Value,business-value,leaf,/business-value/agency-efficiency,,/business-value,Home > Business Value > Agency Efficiency,Q Business Value,value-contrast,agency efficiency,commercial,"Make a qualitative case for where GetSibu saves time, storage or confusion — no invented ROI figures.",Agencies can manage multiple client libraries from a structured platform instead of maintaining separate disconnected systems.,,Agencies and consultancies; Productivity and efficiency,351 Creative Productivity; 215 GetSibu for Creative Agencies; 353 Production Productivity; 355 Creative Operations Efficiency; 352 Marketing Productivity; 356 Asset Management Efficiency,,202 Agency Analytics; 168 Agency Asset Management; 162 Agency Multi-Tenancy,,,215 GetSibu for Creative Agencies; 229 GetSibu for Video Agencies; 221 GetSibu for Brand Consultancies,0,Start free -> https://getsibu.com/signup,Build a Smarter Creative Workflow -> /get-started/build-a-smarter-creative-workflow,Agency Efficiency | GetSibu,Agencies can manage multiple client libraries from a structured platform instead of maintaining separate disconnected systems.,/business-value/agency-efficiency,WebPage BreadcrumbList,"index,follow",true,Business Value,diagram photography,"Where time and storage go without a central library (searching, recreating, version confusion) versus with one — described qualitatively.",,false,published,,Agencies can manage multiple client libraries from a structured platform instead of maintaining separate disconnected systems.
355,Creative Operations Efficiency,"341-360 Pricing, Plans and Business Value",canonical,,Business Value,business-value,leaf,/business-value/creative-operations-efficiency,,/business-value,Home > Business Value > Creative Operations Efficiency,Q Business Value,value-team,creative operations efficiency,commercial,"Make a qualitative case for where GetSibu saves time, storage or confusion — no invented ROI figures.","Centralised search, metadata, approvals and analytics can make creative operations more predictable.",,Productivity and efficiency,351 Creative Productivity; 354 Agency Efficiency; 356 Asset Management Efficiency; 353 Production Productivity; 357 Storage Efficiency; 352 Marketing Productivity,22 Media Metadata Management; 67 Creative Approval Workflow; 181 Creative Asset Analytics,181 Creative Asset Analytics; 67 Creative Approval Workflow; 22 Media Metadata Management,,,,0,Start free -> https://getsibu.com/signup,Build a Smarter Creative Workflow -> /get-started/build-a-smarter-creative-workflow,Creative Operations Efficiency | GetSibu,"Centralised search, metadata, approvals and analytics can make creative operations more predictable.",/business-value/creative-operations-efficiency,WebPage BreadcrumbList,"index,follow",true,Business Value,diagram photography,"Where time and storage go without a central library (searching, recreating, version confusion) versus with one — described qualitatively.",,false,published,,"Centralised search, metadata, approvals and analytics can make creative operations more predictable."
356,Asset Management Efficiency,"341-360 Pricing, Plans and Business Value",canonical,,Business Value,business-value,leaf,/business-value/asset-management-efficiency,,/business-value,Home > Business Value > Asset Management Efficiency,Q Business Value,value-contrast,asset management efficiency,commercial,"Make a qualitative case for where GetSibu saves time, storage or confusion — no invented ROI figures.","Automation helps reduce repetitive work associated with tagging, organising and locating assets.",,Productivity and efficiency,351 Creative Productivity; 355 Creative Operations Efficiency; 357 Storage Efficiency; 354 Agency Efficiency; 358 Collaboration Efficiency; 353 Production Productivity,,,,,,0,Start free -> https://getsibu.com/signup,Build a Smarter Creative Workflow -> /get-started/build-a-smarter-creative-workflow,Asset Management Efficiency | GetSibu,"Automation helps reduce repetitive work associated with tagging, organising and locating assets.",/business-value/asset-management-efficiency,WebPage BreadcrumbList,"index,follow",true,Business Value,diagram photography,"Where time and storage go without a central library (searching, recreating, version confusion) versus with one — described qualitatively.",,false,published,,"Automation helps reduce repetitive work associated with tagging, organising and locating assets."
357,Storage Efficiency,"341-360 Pricing, Plans and Business Value",canonical,,Business Value,business-value,leaf,/business-value/storage-efficiency,,/business-value,Home > Business Value > Storage Efficiency,Q Business Value,value-team,storage efficiency,commercial,"Make a qualitative case for where GetSibu saves time, storage or confusion — no invented ROI figures.",Duplicate detection and storage analytics can help teams better understand how their storage is being consumed.,Efficiency: understanding consumption and duplicates.,Storage analytics; Productivity and efficiency,183 Storage Analytics; 351 Creative Productivity; 356 Asset Management Efficiency; 358 Collaboration Efficiency; 355 Creative Operations Efficiency; 354 Agency Efficiency,40 AI Duplicate Detection; 183 Storage Analytics; 181 Creative Asset Analytics,183 Storage Analytics; 209 Library Growth Reporting; 192 Storage by Category; 149 Storage Growth Analytics,,,,0,Start free -> https://getsibu.com/signup,Build a Smarter Creative Workflow -> /get-started/build-a-smarter-creative-workflow,Storage Efficiency | GetSibu,Duplicate detection and storage analytics can help teams better understand how their storage is being consumed.,/business-value/storage-efficiency,WebPage BreadcrumbList,"index,follow",true,Business Value,diagram photography,"Where time and storage go without a central library (searching, recreating, version confusion) versus with one — described qualitatively.",duplicate-detection,false,published,,Duplicate detection and storage analytics can help teams better understand how their storage is being consumed.
358,Collaboration Efficiency,"341-360 Pricing, Plans and Business Value",canonical,,Business Value,business-value,leaf,/business-value/collaboration-efficiency,,/business-value,Home > Business Value > Collaboration Efficiency,Q Business Value,value-contrast,collaboration efficiency,commercial,"Make a qualitative case for where GetSibu saves time, storage or confusion — no invented ROI figures.",Contextual comments and approvals reduce the need to communicate asset-specific feedback across multiple disconnected tools.,,Productivity and efficiency,351 Creative Productivity; 357 Storage Efficiency; 356 Asset Management Efficiency; 355 Creative Operations Efficiency; 354 Agency Efficiency; 353 Production Productivity,62 Asset Comments; 67 Creative Approval Workflow,67 Creative Approval Workflow; 62 Asset Comments; 360 Why Invest in GetSibu,,,,0,Start free -> https://getsibu.com/signup,Build a Smarter Creative Workflow -> /get-started/build-a-smarter-creative-workflow,Collaboration Efficiency | GetSibu,Contextual comments and approvals reduce the need to communicate asset-specific feedback across multiple disconnected tools.,/business-value/collaboration-efficiency,WebPage BreadcrumbList,"index,follow",true,Business Value,diagram photography,"Where time and storage go without a central library (searching, recreating, version confusion) versus with one — described qualitatively.",,false,published,,Contextual comments and approvals reduce the need to communicate asset-specific feedback across multiple disconnected tools.
359,DAM Business Case,"341-360 Pricing, Plans and Business Value",canonical,,Business Value,business-value,leaf,/business-value/dam-business-case,,/business-value,Home > Business Value > DAM Business Case,Q Business Value,value-team,dam business case,commercial,"Make a qualitative case for where GetSibu saves time, storage or confusion — no invented ROI figures.","The business case for GetSibu can be built around faster discovery, improved organisation, stronger governance and more efficient collaboration.",The business case structure.,Return on investment,360 Why Invest in GetSibu; 350 Duplicate Reduction; 349 Asset Discovery ROI; 348 Creative Workflow ROI; 347 Enterprise Asset Management Cost; 114 Creative Asset Governance,114 Creative Asset Governance,360 Why Invest in GetSibu; 114 Creative Asset Governance,,,,0,Start free -> https://getsibu.com/signup,Build a Smarter Creative Workflow -> /get-started/build-a-smarter-creative-workflow,DAM Business Case | GetSibu,"The business case for GetSibu can be built around faster discovery, improved organisation, stronger governance and more efficient collaboration.",/business-value/dam-business-case,WebPage BreadcrumbList,"index,follow",true,Business Value,diagram photography,"Where time and storage go without a central library (searching, recreating, version confusion) versus with one — described qualitatively.",,false,published,,"The business case for GetSibu can be built around faster discovery, improved organisation, stronger governance and more efficient collaboration."
360,Why Invest in GetSibu,"341-360 Pricing, Plans and Business Value",canonical,,Business Value,business-value,leaf,/business-value/why-invest-in-getsibu,,/business-value,Home > Business Value > Why Invest in GetSibu,A Product / Platform,platform-statement,why invest in getsibu,commercial,Explain a platform-level idea of GetSibu and show how its parts combine into one creative library.,"GetSibu combines AI-powered discovery, centralised asset management, collaboration, analytics and security into one platform designed specifically for creative workflows.",Investment case summary for decision makers.,What GetSibu is; Return on investment,359 DAM Business Case; 350 Duplicate Reduction; 349 Asset Discovery ROI; 348 Creative Workflow ROI; 347 Enterprise Asset Management Cost; 382 Who Is GetSibu For?,181 Creative Asset Analytics,120 Complete Asset Management; 7 Modern Digital Asset Management; 5 Intelligent Media Library; 3 AI-Powered Digital Asset Management,,381 What Is GetSibu?; 382 Who Is GetSibu For?,,0,Start free -> https://getsibu.com/signup,Build a Smarter Creative Workflow -> /get-started/build-a-smarter-creative-workflow,Why Invest in GetSibu,"GetSibu combines AI-powered discovery, centralised asset management, collaboration, analytics and security into one platform.",/business-value/why-invest-in-getsibu,WebPage BreadcrumbList,"index,follow",true,Business Value,diagram photography,"Where time and storage go without a central library (searching, recreating, version confusion) versus with one — described qualitatively.",,false,published,,"GetSibu combines AI-powered discovery, centralised asset management, collaboration, analytics and security into one platform designed specifically for creative workflows."
361,What Is Digital Asset Management?,361-380 Resources and Education,canonical,,Resources,resources,leaf,/resources/what-is-digital-asset-management,,/resources,Home > Resources > What Is Digital Asset Management?,J Resource / Education,resource-definition,what is digital asset management,informational,"Answer the question in the title directly, then explain it with structure a reader and an answer engine can both use.","Digital asset management is the structured process of storing, organising, finding, managing and distributing digital content.",,DAM fundamentals,373 What Is a Creative Library?; 374 What Is Asset Metadata?; 375 What Is Asset Taxonomy?; 376 What Is a DAM Migration?; 7 Modern Digital Asset Management; 39 AI Semantic Search,31 AI-Assisted Tagging; 39 AI Semantic Search,7 Modern Digital Asset Management; 39 AI Semantic Search; 31 AI-Assisted Tagging,373 What Is a Creative Library?; 374 What Is Asset Metadata?; 375 What Is Asset Taxonomy?,,,0,Start free -> https://getsibu.com/signup,Make Every Asset Discoverable -> /get-started/make-every-asset-discoverable,What Is Digital Asset Management? | GetSibu,"Digital asset management is the structured process of storing, organising, finding, managing and distributing digital content.",/resources/what-is-digital-asset-management,Article DefinedTerm BreadcrumbList,"index,follow",true,Resources,diagram typographic,"Explanatory figures that teach the concept (what metadata is, how a taxonomy nests, what a scene boundary is) — vendor-neutral where the article is.",ai-tagging semantic-search,false,published,,"Digital asset management is the structured process of storing, organising, finding, managing and distributing digital content. GetSibu extends traditional DAM with AI-assisted tagging, semantic search and collaboration."
362,What Is AI Asset Management?,361-380 Resources and Education,canonical,,Resources,resources,leaf,/resources/what-is-ai-asset-management,,/resources,Home > Resources > What Is AI Asset Management?,J Resource / Education,resource-visual,what is ai asset management,informational,"Answer the question in the title directly, then explain it with structure a reader and an answer engine can both use.","AI asset management uses machine intelligence to analyse and classify digital content, making large libraries easier to search and organise.",Vendor-neutral explainer: what AI asset management is.,"Practical, human-controlled AI; AI explained",60 Practical AI for Creative Teams; 363 What Is Semantic Search?; 364 What Is AI Tagging?; 366 What Is OCR in DAM?; 368 What Is Duplicate Detection?; 377 How AI Changes DAM,,60 Practical AI for Creative Teams; 59 AI Creative Operations; 55 AI Media Automation; 54 AI Creative Workflow,363 What Is Semantic Search?; 364 What Is AI Tagging?; 366 What Is OCR in DAM?,,,0,Start free -> https://getsibu.com/signup,Make Every Asset Discoverable -> /get-started/make-every-asset-discoverable,What Is AI Asset Management? | GetSibu,"AI asset management uses machine intelligence to analyse and classify digital content, making large libraries easier to search and organise.",/resources/what-is-ai-asset-management,Article DefinedTerm BreadcrumbList,"index,follow",true,Resources,diagram typographic,"Explanatory figures that teach the concept (what metadata is, how a taxonomy nests, what a scene boundary is) — vendor-neutral where the article is.",,false,published,,"AI asset management uses machine intelligence to analyse and classify digital content, making large libraries easier to search and organise."
363,What Is Semantic Search?,361-380 Resources and Education,canonical,,Resources,resources,leaf,/resources/what-is-semantic-search,,/resources,Home > Resources > What Is Semantic Search?,J Resource / Education,resource-definition,what is semantic search,informational,"Answer the question in the title directly, then explain it with structure a reader and an answer engine can both use.",Semantic search allows users to search by meaning and context rather than relying only on exact keyword matches.,Vendor-neutral explainer: what semantic search is.,Semantic and natural language search; AI explained,39 AI Semantic Search; 362 What Is AI Asset Management?; 364 What Is AI Tagging?; 366 What Is OCR in DAM?; 368 What Is Duplicate Detection?; 317 Search Infrastructure,39 AI Semantic Search,39 AI Semantic Search; 317 Search Infrastructure; 49 AI Creative Search; 18 Natural Language Asset Search,362 What Is AI Asset Management?; 364 What Is AI Tagging?; 366 What Is OCR in DAM?,,,0,Start free -> https://getsibu.com/signup,Make Every Asset Discoverable -> /get-started/make-every-asset-discoverable,What Is Semantic Search? | GetSibu,Semantic search allows users to search by meaning and context rather than relying only on exact keyword matches.,/resources/what-is-semantic-search,Article DefinedTerm BreadcrumbList,"index,follow",true,Resources,diagram typographic,"Explanatory figures that teach the concept (what metadata is, how a taxonomy nests, what a scene boundary is) — vendor-neutral where the article is.",semantic-search,false,published,,Semantic search allows users to search by meaning and context rather than relying only on exact keyword matches.
364,What Is AI Tagging?,361-380 Resources and Education,canonical,,Resources,resources,leaf,/resources/what-is-ai-tagging,,/resources,Home > Resources > What Is AI Tagging?,J Resource / Education,resource-visual,what is ai tagging,informational,"Answer the question in the title directly, then explain it with structure a reader and an answer engine can both use.",AI tagging automatically suggests labels based on what the system detects in an asset.,Vendor-neutral explainer: what AI tagging is.,AI-assisted tagging; AI explained,31 AI-Assisted Tagging; 362 What Is AI Asset Management?; 363 What Is Semantic Search?; 366 What Is OCR in DAM?; 368 What Is Duplicate Detection?; 48 AI Tag Override,31 AI-Assisted Tagging,31 AI-Assisted Tagging; 48 AI Tag Override; 47 AI Tag Approval; 46 AI Tag Confidence,362 What Is AI Asset Management?; 363 What Is Semantic Search?; 366 What Is OCR in DAM?,383 Does GetSibu Support AI Tagging?,,0,Start free -> https://getsibu.com/signup,Make Every Asset Discoverable -> /get-started/make-every-asset-discoverable,What Is AI Tagging? | GetSibu,AI tagging automatically suggests labels based on what the system detects in an asset.,/resources/what-is-ai-tagging,Article DefinedTerm BreadcrumbList,"index,follow",true,Resources,diagram typographic,"Explanatory figures that teach the concept (what metadata is, how a taxonomy nests, what a scene boundary is) — vendor-neutral where the article is.",,false,published,,AI tagging automatically suggests labels based on what the system detects in an asset.
365,What Is Scene Detection?,361-380 Resources and Education,canonical,,Resources,resources,leaf,/resources/what-is-scene-detection,,/resources,Home > Resources > What Is Scene Detection?,J Resource / Education,resource-definition,what is scene detection,informational,"Answer the question in the title directly, then explain it with structure a reader and an answer engine can both use.",Scene detection identifies distinct sections or scenes within video content so users can navigate large files more efficiently.,,Scene detection and video; AI explained,362 What Is AI Asset Management?; 364 What Is AI Tagging?; 366 What Is OCR in DAM?; 363 What Is Semantic Search?; 368 What Is Duplicate Detection?; 217 GetSibu for Documentary Teams,,51 AI-Powered Video Discovery,362 What Is AI Asset Management?; 364 What Is AI Tagging?; 366 What Is OCR in DAM?,,217 GetSibu for Documentary Teams; 216 GetSibu for Post-Production Teams; 212 GetSibu for Video Teams,0,Start free -> https://getsibu.com/signup,Make Every Asset Discoverable -> /get-started/make-every-asset-discoverable,What Is Scene Detection? | GetSibu,"What Is Scene Detection? AI asset management uses machine intelligence to analyse and classify digital content, making large libraries easier to search and…",/resources/what-is-scene-detection,Article DefinedTerm BreadcrumbList,"noindex,follow",false,Resources,diagram typographic,"Explanatory figures that teach the concept (what metadata is, how a taxonomy nests, what a scene boundary is) — vendor-neutral where the article is.",scene-detection,true,held,362,Scene detection identifies distinct sections or scenes within video content so users can navigate large files more efficiently.
366,What Is OCR in DAM?,361-380 Resources and Education,canonical,,Resources,resources,leaf,/resources/what-is-ocr-in-dam,,/resources,Home > Resources > What Is OCR in DAM?,J Resource / Education,resource-visual,what is ocr in dam,informational,"Answer the question in the title directly, then explain it with structure a reader and an answer engine can both use.",OCR converts text visible inside images and documents into searchable information.,Vendor-neutral explainer: what OCR means in DAM.,OCR and text inside assets; AI explained,38 AI OCR; 362 What Is AI Asset Management?; 364 What Is AI Tagging?; 368 What Is Duplicate Detection?; 363 What Is Semantic Search?; 53 AI Document Discovery,38 AI OCR,38 AI OCR; 53 AI Document Discovery; 27 Searchable Document Library; 15 OCR-Powered Asset Search,362 What Is AI Asset Management?; 364 What Is AI Tagging?; 368 What Is Duplicate Detection?,384 Can GetSibu Search Inside Documents?,,0,Start free -> https://getsibu.com/signup,Make Every Asset Discoverable -> /get-started/make-every-asset-discoverable,What Is OCR in DAM? | GetSibu,OCR converts text visible inside images and documents into searchable information.,/resources/what-is-ocr-in-dam,Article DefinedTerm BreadcrumbList,"index,follow",true,Resources,diagram typographic,"Explanatory figures that teach the concept (what metadata is, how a taxonomy nests, what a scene boundary is) — vendor-neutral where the article is.",ocr,false,published,,OCR converts text visible inside images and documents into searchable information.
367,What Is Face Grouping?,361-380 Resources and Education,canonical,,Resources,resources,leaf,/resources/what-is-face-grouping,,/resources,Home > Resources > What Is Face Grouping?,J Resource / Education,resource-definition,what is face grouping,informational,"Answer the question in the title directly, then explain it with structure a reader and an answer engine can both use.",Face grouping identifies recurring people across media collections and groups related assets together.,,Face grouping; AI explained,362 What Is AI Asset Management?; 366 What Is OCR in DAM?; 368 What Is Duplicate Detection?; 364 What Is AI Tagging?; 363 What Is Semantic Search?,,,362 What Is AI Asset Management?; 366 What Is OCR in DAM?; 368 What Is Duplicate Detection?,,,0,Start free -> https://getsibu.com/signup,Make Every Asset Discoverable -> /get-started/make-every-asset-discoverable,What Is Face Grouping? | GetSibu,"What Is Face Grouping? AI asset management uses machine intelligence to analyse and classify digital content, making large libraries easier to search and…",/resources/what-is-face-grouping,Article DefinedTerm BreadcrumbList,"noindex,follow",false,Resources,diagram typographic,"Explanatory figures that teach the concept (what metadata is, how a taxonomy nests, what a scene boundary is) — vendor-neutral where the article is.",face-grouping,true,held,362,Face grouping identifies recurring people across media collections and groups related assets together.
368,What Is Duplicate Detection?,361-380 Resources and Education,canonical,,Resources,resources,leaf,/resources/what-is-duplicate-detection,,/resources,Home > Resources > What Is Duplicate Detection?,J Resource / Education,resource-visual,what is duplicate detection,informational,"Answer the question in the title directly, then explain it with structure a reader and an answer engine can both use.","Duplicate detection identifies files that are identical or visually equivalent, including some renamed or re-encoded copies.",Vendor-neutral explainer: what duplicate detection is.,Duplicate detection; AI explained,40 AI Duplicate Detection; 362 What Is AI Asset Management?; 366 What Is OCR in DAM?; 364 What Is AI Tagging?; 363 What Is Semantic Search?; 350 Duplicate Reduction,40 AI Duplicate Detection,40 AI Duplicate Detection; 112 Duplicate Asset Management,362 What Is AI Asset Management?; 366 What Is OCR in DAM?; 364 What Is AI Tagging?,,,0,Start free -> https://getsibu.com/signup,Make Every Asset Discoverable -> /get-started/make-every-asset-discoverable,What Is Duplicate Detection? | GetSibu,"Duplicate detection identifies files that are identical or visually equivalent, including some renamed or re-encoded copies.",/resources/what-is-duplicate-detection,Article DefinedTerm BreadcrumbList,"index,follow",true,Resources,diagram typographic,"Explanatory figures that teach the concept (what metadata is, how a taxonomy nests, what a scene boundary is) — vendor-neutral where the article is.",duplicate-detection,false,published,,"Duplicate detection identifies files that are identical or visually equivalent, including some renamed or re-encoded copies."
369,What Is Asset Versioning?,361-380 Resources and Education,canonical,,Resources,resources,leaf,/resources/what-is-asset-versioning,,/resources,Home > Resources > What Is Asset Versioning?,J Resource / Education,resource-definition,what is asset versioning,informational,"Answer the question in the title directly, then explain it with structure a reader and an answer engine can both use.",Asset versioning maintains previous versions of a file so teams can understand its history and restore earlier versions when necessary.,Vendor-neutral explainer: what asset versioning is.,Versioning; Workflow and governance explained,91 Creative Asset Versioning; 370 What Is Creative Approval?; 371 What Is Creative Governance?; 372 What Is Multi-Tenant DAM?; 100 Creative Revision Tracking; 99 Document Version Management,91 Creative Asset Versioning,91 Creative Asset Versioning; 100 Creative Revision Tracking; 99 Document Version Management; 98 Image Version Management,370 What Is Creative Approval?; 371 What Is Creative Governance?; 372 What Is Multi-Tenant DAM?,386 Does GetSibu Support Versioning?,,0,Start free -> https://getsibu.com/signup,Make Every Asset Discoverable -> /get-started/make-every-asset-discoverable,What Is Asset Versioning? | GetSibu,Asset versioning maintains previous versions of a file so teams can understand its history and restore earlier versions when necessary.,/resources/what-is-asset-versioning,Article DefinedTerm BreadcrumbList,"index,follow",true,Resources,diagram typographic,"Explanatory figures that teach the concept (what metadata is, how a taxonomy nests, what a scene boundary is) — vendor-neutral where the article is.",,false,published,,Asset versioning maintains previous versions of a file so teams can understand its history and restore earlier versions when necessary.
370,What Is Creative Approval?,361-380 Resources and Education,canonical,,Resources,resources,leaf,/resources/what-is-creative-approval,,/resources,Home > Resources > What Is Creative Approval?,J Resource / Education,resource-visual,what is creative approval,informational,"Answer the question in the title directly, then explain it with structure a reader and an answer engine can both use.",Creative approval is a workflow where authorised users review assets and confirm that content is ready for use.,Vendor-neutral explainer: what creative approval is.,Approvals; Workflow and governance explained,67 Creative Approval Workflow; 369 What Is Asset Versioning?; 371 What Is Creative Governance?; 372 What Is Multi-Tenant DAM?; 267 Approval API; 103 Approved Asset Library,67 Creative Approval Workflow,67 Creative Approval Workflow; 267 Approval API; 103 Approved Asset Library; 89 Creative Approval Management,369 What Is Asset Versioning?; 371 What Is Creative Governance?; 372 What Is Multi-Tenant DAM?,,,0,Start free -> https://getsibu.com/signup,Make Every Asset Discoverable -> /get-started/make-every-asset-discoverable,What Is Creative Approval? | GetSibu,Creative approval is a workflow where authorised users review assets and confirm that content is ready for use.,/resources/what-is-creative-approval,Article DefinedTerm BreadcrumbList,"index,follow",true,Resources,diagram typographic,"Explanatory figures that teach the concept (what metadata is, how a taxonomy nests, what a scene boundary is) — vendor-neutral where the article is.",,false,published,,Creative approval is a workflow where authorised users review assets and confirm that content is ready for use.
371,What Is Creative Governance?,361-380 Resources and Education,canonical,,Resources,resources,leaf,/resources/what-is-creative-governance,,/resources,Home > Resources > What Is Creative Governance?,J Resource / Education,resource-definition,what is creative governance,informational,"Answer the question in the title directly, then explain it with structure a reader and an answer engine can both use.","Creative governance establishes rules around asset ownership, permissions, approvals, retention and usage.",Vendor-neutral explainer: what creative governance is.,Governance; Workflow and governance explained,114 Creative Asset Governance; 369 What Is Asset Versioning?; 370 What Is Creative Approval?; 372 What Is Multi-Tenant DAM?; 339 Creative Data Governance; 179 Enterprise Asset Governance,114 Creative Asset Governance; 151 Creative Asset Permissions; 67 Creative Approval Workflow,114 Creative Asset Governance; 339 Creative Data Governance; 179 Enterprise Asset Governance; 159 Creative Access Governance,369 What Is Asset Versioning?; 370 What Is Creative Approval?; 372 What Is Multi-Tenant DAM?,,,0,Start free -> https://getsibu.com/signup,Make Every Asset Discoverable -> /get-started/make-every-asset-discoverable,What Is Creative Governance? | GetSibu,"Creative governance establishes rules around asset ownership, permissions, approvals, retention and usage.",/resources/what-is-creative-governance,Article DefinedTerm BreadcrumbList,"index,follow",true,Resources,diagram typographic,"Explanatory figures that teach the concept (what metadata is, how a taxonomy nests, what a scene boundary is) — vendor-neutral where the article is.",,false,published,,"Creative governance establishes rules around asset ownership, permissions, approvals, retention and usage."
372,What Is Multi-Tenant DAM?,361-380 Resources and Education,canonical,,Resources,resources,leaf,/resources/what-is-multi-tenant-dam,,/resources,Home > Resources > What Is Multi-Tenant DAM?,J Resource / Education,resource-visual,what is multi-tenant dam,informational,"Answer the question in the title directly, then explain it with structure a reader and an answer engine can both use.",Multi-tenant DAM allows one platform to support multiple isolated organisations or clients.,Vendor-neutral explainer: what multi-tenant DAM is.,Multi-tenancy; Workflow and governance explained,160 Multi-Tenant Digital Asset Management; 369 What Is Asset Versioning?; 371 What Is Creative Governance?; 370 What Is Creative Approval?; 324 Tenant Isolation; 276 API Tenant Isolation,160 Multi-Tenant Digital Asset Management,160 Multi-Tenant Digital Asset Management; 324 Tenant Isolation; 276 API Tenant Isolation; 177 Client Workspace Access,369 What Is Asset Versioning?; 371 What Is Creative Governance?; 370 What Is Creative Approval?,387 Does GetSibu Support Multiple Clients?,215 GetSibu for Creative Agencies,0,Start free -> https://getsibu.com/signup,Make Every Asset Discoverable -> /get-started/make-every-asset-discoverable,What Is Multi-Tenant DAM? | GetSibu,Multi-tenant DAM allows one platform to support multiple isolated organisations or clients.,/resources/what-is-multi-tenant-dam,Article DefinedTerm BreadcrumbList,"index,follow",true,Resources,diagram typographic,"Explanatory figures that teach the concept (what metadata is, how a taxonomy nests, what a scene boundary is) — vendor-neutral where the article is.",multi-tenant,false,published,,Multi-tenant DAM allows one platform to support multiple isolated organisations or clients.
373,What Is a Creative Library?,361-380 Resources and Education,canonical,,Resources,resources,leaf,/resources/what-is-a-creative-library,,/resources,Home > Resources > What Is a Creative Library?,J Resource / Education,resource-definition,what is a creative library,informational,"Answer the question in the title directly, then explain it with structure a reader and an answer engine can both use.","A creative library is a central repository for images, videos, documents, audio and other digital content.",Vendor-neutral explainer: what a creative library is.,One central library; DAM fundamentals,361 What Is Digital Asset Management?; 6 Centralised Creative Asset Library; 374 What Is Asset Metadata?; 375 What Is Asset Taxonomy?; 376 What Is a DAM Migration?; 150 Centralised Media Storage,,6 Centralised Creative Asset Library; 150 Centralised Media Storage; 10 One Source of Truth for Creative Teams; 7 Modern Digital Asset Management,361 What Is Digital Asset Management?; 374 What Is Asset Metadata?; 375 What Is Asset Taxonomy?,,,0,Start free -> https://getsibu.com/signup,Bring Your Creative Assets Together -> /get-started/bring-your-creative-assets-together,What Is a Creative Library? | GetSibu,"A creative library is a central repository for images, videos, documents, audio and other digital content.",/resources/what-is-a-creative-library,Article DefinedTerm BreadcrumbList,"index,follow",true,Resources,diagram typographic,"Explanatory figures that teach the concept (what metadata is, how a taxonomy nests, what a scene boundary is) — vendor-neutral where the article is.",,false,published,,"A creative library is a central repository for images, videos, documents, audio and other digital content."
374,What Is Asset Metadata?,361-380 Resources and Education,canonical,,Resources,resources,leaf,/resources/what-is-asset-metadata,,/resources,Home > Resources > What Is Asset Metadata?,J Resource / Education,resource-visual,what is asset metadata,informational,"Answer the question in the title directly, then explain it with structure a reader and an answer engine can both use.","Asset metadata is information describing a file, including creator, format, dimensions, keywords and other contextual details.",Vendor-neutral explainer: what asset metadata is.,Indexing and metadata; DAM fundamentals,22 Media Metadata Management; 361 What Is Digital Asset Management?; 373 What Is a Creative Library?; 375 What Is Asset Taxonomy?; 376 What Is a DAM Migration?; 50 AI Media Indexing,22 Media Metadata Management,22 Media Metadata Management; 50 AI Media Indexing; 23 Asset Metadata Search; 21 Creative Asset Indexing,361 What Is Digital Asset Management?; 373 What Is a Creative Library?; 375 What Is Asset Taxonomy?,,,0,Start free -> https://getsibu.com/signup,Make Every Asset Discoverable -> /get-started/make-every-asset-discoverable,What Is Asset Metadata? | GetSibu,"Asset metadata is information describing a file, including creator, format, dimensions, keywords and other contextual details.",/resources/what-is-asset-metadata,Article DefinedTerm BreadcrumbList,"index,follow",true,Resources,diagram typographic,"Explanatory figures that teach the concept (what metadata is, how a taxonomy nests, what a scene boundary is) — vendor-neutral where the article is.",,false,published,,"Asset metadata is information describing a file, including creator, format, dimensions, keywords and other contextual details."
375,What Is Asset Taxonomy?,361-380 Resources and Education,canonical,,Resources,resources,leaf,/resources/what-is-asset-taxonomy,,/resources,Home > Resources > What Is Asset Taxonomy?,J Resource / Education,resource-definition,what is asset taxonomy,informational,"Answer the question in the title directly, then explain it with structure a reader and an answer engine can both use.",An asset taxonomy is a structured classification system that defines how digital content is grouped and labelled.,Vendor-neutral explainer: what an asset taxonomy is.,Organising the library; DAM fundamentals,8 Creative Asset Organisation; 361 What Is Digital Asset Management?; 374 What Is Asset Metadata?; 376 What Is a DAM Migration?; 373 What Is a Creative Library?; 57 AI Library Organisation,42 AI Asset Classification,8 Creative Asset Organisation; 57 AI Library Organisation; 29 Creative Library Navigation; 7 Modern Digital Asset Management,361 What Is Digital Asset Management?; 374 What Is Asset Metadata?; 376 What Is a DAM Migration?,,,0,Start free -> https://getsibu.com/signup,Scale Your Creative Library -> /get-started/scale-your-creative-library,What Is Asset Taxonomy? | GetSibu,An asset taxonomy is a structured classification system that defines how digital content is grouped and labelled.,/resources/what-is-asset-taxonomy,Article DefinedTerm BreadcrumbList,"index,follow",true,Resources,diagram typographic,"Explanatory figures that teach the concept (what metadata is, how a taxonomy nests, what a scene boundary is) — vendor-neutral where the article is.",,false,published,,An asset taxonomy is a structured classification system that defines how digital content is grouped and labelled.
376,What Is a DAM Migration?,361-380 Resources and Education,canonical,,Resources,resources,leaf,/resources/what-is-a-dam-migration,,/resources,Home > Resources > What Is a DAM Migration?,J Resource / Education,resource-visual,what is a dam migration,informational,"Answer the question in the title directly, then explain it with structure a reader and an answer engine can both use.",DAM migration is the process of moving an existing digital asset collection into another asset management environment.,Vendor-neutral explainer: what DAM migration is.,Moving to GetSibu; DAM fundamentals,281 Migrate to GetSibu; 361 What Is Digital Asset Management?; 375 What Is Asset Taxonomy?; 374 What Is Asset Metadata?; 373 What Is a Creative Library?; 300 GetSibu Migration Support,281 Migrate to GetSibu,281 Migrate to GetSibu; 300 GetSibu Migration Support; 298 Creative Team Migration; 288 Creative Data Migration,361 What Is Digital Asset Management?; 375 What Is Asset Taxonomy?; 374 What Is Asset Metadata?,,,0,Start free -> https://getsibu.com/signup,Make Every Asset Discoverable -> /get-started/make-every-asset-discoverable,What Is a DAM Migration? | GetSibu,DAM migration is the process of moving an existing digital asset collection into another asset management environment.,/resources/what-is-a-dam-migration,Article DefinedTerm BreadcrumbList,"index,follow",true,Resources,diagram typographic,"Explanatory figures that teach the concept (what metadata is, how a taxonomy nests, what a scene boundary is) — vendor-neutral where the article is.",,false,published,,DAM migration is the process of moving an existing digital asset collection into another asset management environment.
377,How AI Changes DAM,361-380 Resources and Education,canonical,,Resources,resources,leaf,/resources/how-ai-changes-dam,,/resources,Home > Resources > How AI Changes DAM,J Resource / Education,resource-essay,how ai changes dam,informational,"Answer the question in the title directly, then explain it with structure a reader and an answer engine can both use.",AI changes digital asset management by making visual and textual content more discoverable without requiring every piece of metadata to be entered manually.,Essay: how AI changes DAM. / How AI changes DAM now: discoverability without manual metadata.,"Practical, human-controlled AI; Where DAM is heading",378 Future of Digital Asset Management; 60 Practical AI for Creative Teams; 379 Future of Creative Collaboration; 380 Future of AI-Powered Creative Libraries; 362 What Is AI Asset Management?; 59 AI Creative Operations,22 Media Metadata Management,60 Practical AI for Creative Teams; 59 AI Creative Operations; 55 AI Media Automation; 54 AI Creative Workflow,378 Future of Digital Asset Management; 379 Future of Creative Collaboration; 380 Future of AI-Powered Creative Libraries,,,0,Start free -> https://getsibu.com/signup,The Future of Creative Asset Management -> /get-started/future-of-creative-asset-management,How AI Changes DAM | GetSibu,AI changes digital asset management by making visual and textual content more discoverable without requiring every piece of metadata to be entered manually.,/resources/how-ai-changes-dam,Article DefinedTerm BreadcrumbList,"index,follow",true,Resources,diagram typographic,"Explanatory figures that teach the concept (what metadata is, how a taxonomy nests, what a scene boundary is) — vendor-neutral where the article is.",,false,published,,AI changes digital asset management by making visual and textual content more discoverable without requiring every piece of metadata to be entered manually.
378,Future of Digital Asset Management,361-380 Resources and Education,canonical,,Resources,resources,leaf,/resources/future-of-digital-asset-management,,/resources,Home > Resources > Future of Digital Asset Management,J Resource / Education,resource-visual,future of digital asset management,informational,"Answer the question in the title directly, then explain it with structure a reader and an answer engine can both use.","The future of DAM is moving toward intelligent systems that understand content, automate organisation and provide more contextual search.",Direction of DAM: systems that understand content and automate organisation.,Where DAM is heading,377 How AI Changes DAM; 379 Future of Creative Collaboration; 380 Future of AI-Powered Creative Libraries; 376 What Is a DAM Migration?; 400 The Future of Creative Asset Management,,,377 How AI Changes DAM; 379 Future of Creative Collaboration; 380 Future of AI-Powered Creative Libraries,,,0,Start free -> https://getsibu.com/signup,The Future of Creative Asset Management -> /get-started/future-of-creative-asset-management,Future of Digital Asset Management | GetSibu,"The future of DAM is moving toward intelligent systems that understand content, automate organisation and provide more contextual search.",/resources/future-of-digital-asset-management,Article DefinedTerm BreadcrumbList,"index,follow",true,Resources,diagram typographic,"Explanatory figures that teach the concept (what metadata is, how a taxonomy nests, what a scene boundary is) — vendor-neutral where the article is.",,false,published,,"The future of DAM is moving toward intelligent systems that understand content, automate organisation and provide more contextual search."
379,Future of Creative Collaboration,361-380 Resources and Education,canonical,,Resources,resources,leaf,/resources/future-of-creative-collaboration,,/resources,Home > Resources > Future of Creative Collaboration,J Resource / Education,resource-essay,future of creative collaboration,informational,"Answer the question in the title directly, then explain it with structure a reader and an answer engine can both use.","Creative collaboration is increasingly moving into platforms where feedback, approvals, versions and assets exist together.","Essay: the future of creative collaboration. / Direction of collaboration: feedback, approvals, versions and assets together.",Collaboration by team; Where DAM is heading,378 Future of Digital Asset Management; 90 Creative Team Workspace; 380 Future of AI-Powered Creative Libraries; 377 How AI Changes DAM; 88 Remote Creative Collaboration; 87 Collaborative Asset Review,67 Creative Approval Workflow; 91 Creative Asset Versioning,90 Creative Team Workspace; 88 Remote Creative Collaboration; 87 Collaborative Asset Review; 84 Agency Collaboration,378 Future of Digital Asset Management; 380 Future of AI-Powered Creative Libraries; 377 How AI Changes DAM,,,0,Start free -> https://getsibu.com/signup,The Future of Creative Asset Management -> /get-started/future-of-creative-asset-management,Future of Creative Collaboration | GetSibu,"Creative collaboration is increasingly moving into platforms where feedback, approvals, versions and assets exist together.",/resources/future-of-creative-collaboration,Article DefinedTerm BreadcrumbList,"index,follow",true,Resources,diagram typographic,"Explanatory figures that teach the concept (what metadata is, how a taxonomy nests, what a scene boundary is) — vendor-neutral where the article is.",,false,published,,"Creative collaboration is increasingly moving into platforms where feedback, approvals, versions and assets exist together."
380,Future of AI-Powered Creative Libraries,361-380 Resources and Education,canonical,,Resources,resources,leaf,/resources/future-of-ai-powered-creative-libraries,,/resources,Home > Resources > Future of AI-Powered Creative Libraries,J Resource / Education,resource-visual,future of ai-powered creative libraries,informational,"Answer the question in the title directly, then explain it with structure a reader and an answer engine can both use.",AI-powered creative libraries can become more than storage systems by acting as intelligent knowledge environments for an organisation's creative content.,Forward-looking essay: libraries as knowledge environments. / AI-powered libraries as knowledge environments.,AI media understanding; Where DAM is heading,378 Future of Digital Asset Management; 43 AI Media Understanding; 379 Future of Creative Collaboration; 377 How AI Changes DAM; 58 AI Asset Intelligence; 50 AI Media Indexing,,43 AI Media Understanding; 58 AI Asset Intelligence; 50 AI Media Indexing; 44 AI Creative Intelligence,378 Future of Digital Asset Management; 379 Future of Creative Collaboration; 377 How AI Changes DAM,,,0,Start free -> https://getsibu.com/signup,Turn Your Asset Library Into Intelligence -> /get-started/turn-your-asset-library-into-intelligence,Future of AI-Powered Creative Libraries | GetSibu,AI-powered creative libraries can become more than storage systems by acting as intelligent knowledge environments for an organisation's creative content.,/resources/future-of-ai-powered-creative-libraries,Article DefinedTerm BreadcrumbList,"index,follow",true,Resources,diagram typographic,"Explanatory figures that teach the concept (what metadata is, how a taxonomy nests, what a scene boundary is) — vendor-neutral where the article is.",,false,published,,AI-powered creative libraries can become more than storage systems by acting as intelligent knowledge environments for an organisation's creative content.
381,What Is GetSibu?,381-390 FAQ Pages,canonical,,FAQs,faq,leaf,/faq/what-is-getsibu,,/faq,Home > FAQs > What Is GetSibu?,K FAQ,faq-answer,what is getsibu,informational,"Give a direct, sourced answer in the first sentence, then link to the page that explains it fully.","GetSibu is an AI-aware digital asset management platform for storing, organising, searching and collaborating around videos, images, documents and audio.",FAQ: one-sentence definition.,What GetSibu is,360 Why Invest in GetSibu; 120 Complete Asset Management; 7 Modern Digital Asset Management; 5 Intelligent Media Library; 3 AI-Powered Digital Asset Management; 2 The Operating System for Creative Libraries,,360 Why Invest in GetSibu; 120 Complete Asset Management; 7 Modern Digital Asset Management; 5 Intelligent Media Library,,382 Who Is GetSibu For?; 383 Does GetSibu Support AI Tagging?,,0,Start free -> https://getsibu.com/signup,Start Your Creative Library -> /get-started,What Is GetSibu?,"A plain answer to “What is GetSibu?”: an AI-aware digital asset management platform for videos, images, documents and audio, and what each part means.",/faq/what-is-getsibu,FAQPage BreadcrumbList,"index,follow",true,FAQs,typographic,Answer-first typography; a small supporting product visual only where it shows the answer.,,false,published,,"GetSibu is an AI-aware digital asset management platform for storing, organising, searching and collaborating around videos, images, documents and audio."
382,Who Is GetSibu For?,381-390 FAQ Pages,canonical,,FAQs,faq,leaf,/faq/who-is-getsibu-for,,/faq,Home > FAQs > Who Is GetSibu For?,K FAQ,faq-answer-visual,who is getsibu for,informational,"Give a direct, sourced answer in the first sentence, then link to the page that explains it fully.","GetSibu is designed for production teams, marketing teams, agencies, brand teams, creative studios and other organisations managing large creative libraries.",FAQ: the audiences GetSibu is designed for.,What GetSibu is,360 Why Invest in GetSibu; 120 Complete Asset Management; 7 Modern Digital Asset Management; 5 Intelligent Media Library; 3 AI-Powered Digital Asset Management; 2 The Operating System for Creative Libraries,,360 Why Invest in GetSibu; 120 Complete Asset Management; 7 Modern Digital Asset Management; 5 Intelligent Media Library,,381 What Is GetSibu?; 383 Does GetSibu Support AI Tagging?; 384 Can GetSibu Search Inside Documents?,,0,Start free -> https://getsibu.com/signup,Start Your Creative Library -> /get-started,Who Is GetSibu For?,"GetSibu is designed for production teams, marketing teams, agencies, brand teams, creative studios and other organisations managing large creative libraries.",/faq/who-is-getsibu-for,FAQPage BreadcrumbList,"index,follow",true,FAQs,typographic,Answer-first typography; a small supporting product visual only where it shows the answer.,,false,published,,"GetSibu is designed for production teams, marketing teams, agencies, brand teams, creative studios and other organisations managing large creative libraries."
383,Does GetSibu Support AI Tagging?,381-390 FAQ Pages,canonical,,FAQs,faq,leaf,/faq/does-getsibu-support-ai-tagging,,/faq,Home > FAQs > Does GetSibu Support AI Tagging?,K FAQ,faq-answer,does getsibu support ai tagging,informational,"Give a direct, sourced answer in the first sentence, then link to the page that explains it fully.",Yes.,FAQ: direct yes answer.,AI-assisted tagging,31 AI-Assisted Tagging; 364 What Is AI Tagging?; 48 AI Tag Override; 47 AI Tag Approval; 46 AI Tag Confidence; 42 AI Asset Classification,31 AI-Assisted Tagging,31 AI-Assisted Tagging; 48 AI Tag Override; 47 AI Tag Approval; 46 AI Tag Confidence,364 What Is AI Tagging?,382 Who Is GetSibu For?; 384 Can GetSibu Search Inside Documents?; 381 What Is GetSibu?,,0,Start free -> https://getsibu.com/signup,Start Your Creative Library -> /get-started,Does GetSibu Support AI Tagging?,Yes. GetSibu provides AI-assisted tagging that can suggest tags based on the content of supported media.,/faq/does-getsibu-support-ai-tagging,FAQPage BreadcrumbList,"index,follow",true,FAQs,typographic,Answer-first typography; a small supporting product visual only where it shows the answer.,ai-tagging,false,published,,Yes. GetSibu provides AI-assisted tagging that can suggest tags based on the content of supported media.
384,Can GetSibu Search Inside Documents?,381-390 FAQ Pages,canonical,,FAQs,faq,leaf,/faq/can-getsibu-search-inside-documents,,/faq,Home > FAQs > Can GetSibu Search Inside Documents?,K FAQ,faq-answer-visual,can getsibu search inside documents,informational,"Give a direct, sourced answer in the first sentence, then link to the page that explains it fully.",Yes.,FAQ: direct yes/no answer.,OCR and text inside assets,38 AI OCR; 366 What Is OCR in DAM?; 53 AI Document Discovery; 27 Searchable Document Library; 15 OCR-Powered Asset Search,38 AI OCR,38 AI OCR; 53 AI Document Discovery; 27 Searchable Document Library; 15 OCR-Powered Asset Search,366 What Is OCR in DAM?,383 Does GetSibu Support AI Tagging?; 385 Does GetSibu Support Video Comments?; 382 Who Is GetSibu For?,,0,Start free -> https://getsibu.com/signup,Start Your Creative Library -> /get-started,Can GetSibu Search Inside Documents?,Yes. OCR allows supported documents and images to become searchable based on extracted text.,/faq/can-getsibu-search-inside-documents,FAQPage BreadcrumbList,"index,follow",true,FAQs,typographic,Answer-first typography; a small supporting product visual only where it shows the answer.,ocr,false,published,,Yes. OCR allows supported documents and images to become searchable based on extracted text.
385,Does GetSibu Support Video Comments?,381-390 FAQ Pages,canonical,,FAQs,faq,leaf,/faq/does-getsibu-support-video-comments,,/faq,Home > FAQs > Does GetSibu Support Video Comments?,K FAQ,faq-answer,does getsibu support video comments,informational,"Give a direct, sourced answer in the first sentence, then link to the page that explains it fully.",Yes.,FAQ: direct yes answer.,Video and creative review,64 Video Timeline Comments; 81 Production Collaboration; 69 Creative Review; 65 Frame-Accurate Review; 62 Asset Comments,62 Asset Comments; 64 Video Timeline Comments,64 Video Timeline Comments; 81 Production Collaboration; 69 Creative Review; 65 Frame-Accurate Review,,384 Can GetSibu Search Inside Documents?; 386 Does GetSibu Support Versioning?; 383 Does GetSibu Support AI Tagging?,,0,Start free -> https://getsibu.com/signup,Start Your Creative Library -> /get-started,Does GetSibu Support Video Comments?,Yes. GetSibu supports comments attached to specific points in a video timeline.,/faq/does-getsibu-support-video-comments,FAQPage BreadcrumbList,"index,follow",true,FAQs,typographic,Answer-first typography; a small supporting product visual only where it shows the answer.,timeline-comments,false,published,,Yes. GetSibu supports comments attached to specific points in a video timeline.
386,Does GetSibu Support Versioning?,381-390 FAQ Pages,canonical,,FAQs,faq,leaf,/faq/does-getsibu-support-versioning,,/faq,Home > FAQs > Does GetSibu Support Versioning?,K FAQ,faq-answer-visual,does getsibu support versioning,informational,"Give a direct, sourced answer in the first sentence, then link to the page that explains it fully.",Yes.,FAQ: direct yes answer.,Versioning,91 Creative Asset Versioning; 369 What Is Asset Versioning?; 100 Creative Revision Tracking; 99 Document Version Management; 98 Image Version Management; 97 Video Version Management,91 Creative Asset Versioning,91 Creative Asset Versioning; 100 Creative Revision Tracking; 99 Document Version Management; 98 Image Version Management,369 What Is Asset Versioning?,385 Does GetSibu Support Video Comments?; 387 Does GetSibu Support Multiple Clients?; 384 Can GetSibu Search Inside Documents?,,0,Start free -> https://getsibu.com/signup,Start Your Creative Library -> /get-started,Does GetSibu Support Versioning?,Yes. Files can be replaced while previous versions remain available within the asset history.,/faq/does-getsibu-support-versioning,FAQPage BreadcrumbList,"index,follow",true,FAQs,typographic,Answer-first typography; a small supporting product visual only where it shows the answer.,,false,published,,Yes. Files can be replaced while previous versions remain available within the asset history.
387,Does GetSibu Support Multiple Clients?,381-390 FAQ Pages,canonical,,FAQs,faq,leaf,/faq/does-getsibu-support-multiple-clients,,/faq,Home > FAQs > Does GetSibu Support Multiple Clients?,K FAQ,faq-answer,does getsibu support multiple clients,informational,"Give a direct, sourced answer in the first sentence, then link to the page that explains it fully.",Yes.,FAQ: direct yes answer.,Multi-tenancy,160 Multi-Tenant Digital Asset Management; 324 Tenant Isolation; 372 What Is Multi-Tenant DAM?; 276 API Tenant Isolation; 215 GetSibu for Creative Agencies; 177 Client Workspace Access,160 Multi-Tenant Digital Asset Management; 324 Tenant Isolation,160 Multi-Tenant Digital Asset Management; 324 Tenant Isolation; 276 API Tenant Isolation; 177 Client Workspace Access,372 What Is Multi-Tenant DAM?,386 Does GetSibu Support Versioning?; 388 Does GetSibu Have an API?; 385 Does GetSibu Support Video Comments?,215 GetSibu for Creative Agencies,0,Start free -> https://getsibu.com/signup,Start Your Creative Library -> /get-started,Does GetSibu Support Multiple Clients?,Yes. Its multi-tenant design is intended to support agencies and organisations that need isolated client environments.,/faq/does-getsibu-support-multiple-clients,FAQPage BreadcrumbList,"index,follow",true,FAQs,typographic,Answer-first typography; a small supporting product visual only where it shows the answer.,multi-tenant,false,published,,Yes. Its multi-tenant design is intended to support agencies and organisations that need isolated client environments.
388,Does GetSibu Have an API?,381-390 FAQ Pages,canonical,,FAQs,faq,leaf,/faq/does-getsibu-have-an-api,,/faq,Home > FAQs > Does GetSibu Have an API?,K FAQ,faq-answer-visual,does getsibu have an api,informational,"Give a direct, sourced answer in the first sentence, then link to the page that explains it fully.",Yes.,FAQ: direct yes answer.,The GetSibu API,261 GetSibu API; 254 API-First DAM; 253 REST API; 280 GetSibu for Developers; 279 Custom Asset Applications; 273 API Documentation,254 API-First DAM; 253 REST API; 261 GetSibu API; 252 Webhooks,261 GetSibu API; 254 API-First DAM; 253 REST API; 280 GetSibu for Developers,,387 Does GetSibu Support Multiple Clients?; 386 Does GetSibu Support Versioning?; 390 Can GetSibu Integrate With Existing Tools?,,0,Start free -> https://getsibu.com/signup,Start Your Creative Library -> /get-started,Does GetSibu Have an API?,"Yes. GetSibu is positioned as an API-first DAM and provides REST API capabilities, webhooks and developer tooling.",/faq/does-getsibu-have-an-api,FAQPage BreadcrumbList,"index,follow",true,FAQs,typographic,Answer-first typography; a small supporting product visual only where it shows the answer.,rest-api-first,false,published,,"Yes. GetSibu is positioned as an API-first DAM and provides REST API capabilities, webhooks and developer tooling."
389,Does GetSibu Support SSO?,381-390 FAQ Pages,canonical,,FAQs,faq,leaf,/faq/does-getsibu-support-sso,,/faq,Home > FAQs > Does GetSibu Support SSO?,K FAQ,faq-answer,does getsibu support sso,informational,"Give a direct, sourced answer in the first sentence, then link to the page that explains it fully.",The Business plan includes SSO and SCIM capabilities according to the supplied website content.,,Identity and sign-in; Plans and pricing,341 GetSibu Pricing; 347 Enterprise Asset Management Cost; 346 DAM Pricing for Agencies; 345 Creative Team Pricing; 336 MFA; 165 Per-Client Authentication,,336 MFA; 165 Per-Client Authentication,,,,0,Start free -> https://getsibu.com/signup,Start Your Creative Library -> /get-started,Does GetSibu Support SSO?,Does GetSibu Support SSO? Security is built into the GetSibu architecture.,/faq/does-getsibu-support-sso,FAQPage BreadcrumbList,"noindex,follow",false,FAQs,typographic,Answer-first typography; a small supporting product visual only where it shows the answer.,sso-scim pricing-tiers,true,held,321,The Business plan includes SSO and SCIM capabilities according to the supplied website content.
390,Can GetSibu Integrate With Existing Tools?,381-390 FAQ Pages,canonical,,FAQs,faq,leaf,/faq/can-getsibu-integrate-with-existing-tools,,/faq,Home > FAQs > Can GetSibu Integrate With Existing Tools?,K FAQ,faq-answer-visual,can getsibu integrate with existing tools,informational,"Give a direct, sourced answer in the first sentence, then link to the page that explains it fully.",Yes.,,Integrations,241 GetSibu Integrations; 260 Custom Integrations; 252 Webhooks,241 GetSibu Integrations; 252 Webhooks,241 GetSibu Integrations; 260 Custom Integrations; 252 Webhooks,,388 Does GetSibu Have an API?; 387 Does GetSibu Support Multiple Clients?,,0,Start free -> https://getsibu.com/signup,Start Your Creative Library -> /get-started,Can GetSibu Integrate With Existing Tools?,Can GetSibu Integrate With Existing Tools? GetSibu connects with the tools teams already use.,/faq/can-getsibu-integrate-with-existing-tools,FAQPage BreadcrumbList,"index,follow",true,FAQs,typographic,Answer-first typography; a small supporting product visual only where it shows the answer.,storage-sources slack zapier frame-io figma adobe-premiere-after-effects,true,framed,241,"Yes. The supplied platform content lists integrations and connectivity for Google Drive, Dropbox, OneDrive, AWS S3, Slack, Figma, Premiere Pro, After Effects, Zapier, Frame.io and webhooks."
391,Start Your Creative Library,391-400 Final Conversion Pages,canonical,,Get Started,conversion,section-root,/get-started,,/,Home > Start Your Creative Library,L CTA / Conversion,conversion-statement,start your creative library,transactional,Make one promise from the PDF concrete and ask for one action.,GetSibu gives teams a simple way to begin bringing their creative assets into one searchable environment.,Conversion: connect a source or upload files and let the library build.,Ingestion and import; Get started,127 Drag and Drop Upload; 121 Automated Asset Ingestion; 135 Digital Asset Import; 130 Bulk Asset Import; 129 Automated Media Import; 128 Watch Folder Ingestion,127 Drag and Drop Upload,127 Drag and Drop Upload; 121 Automated Asset Ingestion; 135 Digital Asset Import; 130 Bulk Asset Import,,,,9,Start free -> https://getsibu.com/signup,,Start Your Creative Library | GetSibu,GetSibu gives teams a simple way to begin bringing their creative assets into one searchable environment.,/get-started,WebPage BreadcrumbList,"index,follow",true,Get Started,product-ui photography typographic,"A single strong statement with one visual of the promised outcome (scattered sources becoming one library, a search that finds the asset).",,false,published,,GetSibu gives teams a simple way to begin bringing their creative assets into one searchable environment. Connect an existing source or upload files directly and let the platform begin building an organised library.
392,Bring Your Creative Assets Together,391-400 Final Conversion Pages,canonical,,Get Started,conversion,leaf,/get-started/bring-your-creative-assets-together,,/get-started,Home > Get Started > Bring Your Creative Assets Together,L CTA / Conversion,conversion-proof,bring your creative assets together,transactional,Make one promise from the PDF concrete and ask for one action.,"Instead of keeping videos in one drive, images in another folder and documents somewhere else, GetSibu creates a central environment where teams can search and manage different asset types together.",,One central library; Get started,6 Centralised Creative Asset Library; 373 What Is a Creative Library?; 150 Centralised Media Storage; 10 One Source of Truth for Creative Teams,,6 Centralised Creative Asset Library; 150 Centralised Media Storage; 10 One Source of Truth for Creative Teams,373 What Is a Creative Library?,,,0,Start free -> https://getsibu.com/signup,,Bring Your Creative Assets Together | GetSibu,"Instead of keeping videos in one drive, images in another folder and documents somewhere else, GetSibu creates a central environment.",/get-started/bring-your-creative-assets-together,WebPage BreadcrumbList,"index,follow",true,Get Started,product-ui photography typographic,"A single strong statement with one visual of the promised outcome (scattered sources becoming one library, a search that finds the asset).",,false,published,,"Instead of keeping videos in one drive, images in another folder and documents somewhere else, GetSibu creates a central environment where teams can search and manage different asset types together."
393,Stop Searching Through Folders,391-400 Final Conversion Pages,canonical,,Get Started,conversion,leaf,/get-started/stop-searching-through-folders,,/get-started,Home > Get Started > Stop Searching Through Folders,L CTA / Conversion,conversion-statement,stop searching through folders,transactional,Make one promise from the PDF concrete and ask for one action.,Creative professionals should not have to remember complicated folder structures to find important files.,Conversion: search by what you remember instead of folder structures.,Creative asset search; Get started,11 Creative Asset Search; 24 Creative File Discovery; 23 Asset Metadata Search; 16 Search Across Creative Libraries; 13 Media Search Platform; 5 Intelligent Media Library,133 Folder Mapping; 22 Media Metadata Management; 39 AI Semantic Search,11 Creative Asset Search; 24 Creative File Discovery; 23 Asset Metadata Search; 16 Search Across Creative Libraries,,,,0,Start free -> https://getsibu.com/signup,,Stop Searching Through Folders | GetSibu,Creative professionals should not have to remember complicated folder structures to find important files.,/get-started/stop-searching-through-folders,WebPage BreadcrumbList,"index,follow",true,Get Started,product-ui photography typographic,"A single strong statement with one visual of the promised outcome (scattered sources becoming one library, a search that finds the asset).",,false,published,,"Creative professionals should not have to remember complicated folder structures to find important files. GetSibu provides AI-assisted search, metadata discovery and semantic retrieval so teams can search based on what they actually remember."
394,Make Every Asset Discoverable,391-400 Final Conversion Pages,canonical,,Get Started,conversion,leaf,/get-started/make-every-asset-discoverable,,/get-started,Home > Get Started > Make Every Asset Discoverable,L CTA / Conversion,conversion-proof,make every asset discoverable,transactional,Make one promise from the PDF concrete and ask for one action.,"Every image, video, document and audio file contains information that can become useful for future work.",,The discovery workflow; Get started,30 Asset Discovery Workflow; 29 Creative Library Navigation; 12 AI Asset Discovery,,30 Asset Discovery Workflow; 29 Creative Library Navigation; 12 AI Asset Discovery,,,,0,Start free -> https://getsibu.com/signup,,Make Every Asset Discoverable | GetSibu,"Every image, video, document and audio file contains information that can become useful for future work.",/get-started/make-every-asset-discoverable,WebPage BreadcrumbList,"index,follow",true,Get Started,product-ui photography typographic,"A single strong statement with one visual of the promised outcome (scattered sources becoming one library, a search that finds the asset).",,false,published,,"Every image, video, document and audio file contains information that can become useful for future work. GetSibu turns that information into searchable library data."
395,Give Your Creative Team One Source of Truth,391-400 Final Conversion Pages,canonical,,Get Started,conversion,leaf,/get-started/give-your-creative-team-one-source-of-truth,,/get-started,Home > Get Started > Give Your Creative Team One Source of Truth,L CTA / Conversion,conversion-statement,give your creative team one source of truth,transactional,Make one promise from the PDF concrete and ask for one action.,"A shared creative library creates consistency across production, marketing, brand and agency teams.",,One central library; Get started,6 Centralised Creative Asset Library; 373 What Is a Creative Library?; 150 Centralised Media Storage; 10 One Source of Truth for Creative Teams; 151 Creative Asset Permissions,151 Creative Asset Permissions,6 Centralised Creative Asset Library; 150 Centralised Media Storage; 10 One Source of Truth for Creative Teams; 151 Creative Asset Permissions,373 What Is a Creative Library?,,,0,Start free -> https://getsibu.com/signup,,Give Your Creative Team One Source of Truth | GetSibu,"A shared creative library creates consistency across production, marketing, brand and agency teams.",/get-started/give-your-creative-team-one-source-of-truth,WebPage BreadcrumbList,"index,follow",true,Get Started,product-ui photography typographic,"A single strong statement with one visual of the promised outcome (scattered sources becoming one library, a search that finds the asset).",,false,published,,"A shared creative library creates consistency across production, marketing, brand and agency teams. Everyone can work from the same approved content while permissions control who can access different areas."
396,Build a Smarter Creative Workflow,391-400 Final Conversion Pages,canonical,,Get Started,conversion,leaf,/get-started/build-a-smarter-creative-workflow,,/get-started,Home > Get Started > Build a Smarter Creative Workflow,L CTA / Conversion,conversion-proof,build a smarter creative workflow,transactional,Make one promise from the PDF concrete and ask for one action.,"GetSibu connects ingestion, AI processing, organisation, search, collaboration, approvals, analytics and governance into one workflow.",,End-to-end creative workflow; Get started,67 Creative Approval Workflow; 80 Creative Workflow Management; 208 Creative Workflow Metrics; 107 Creative Asset Lifecycle; 90 Creative Team Workspace; 54 AI Creative Workflow,67 Creative Approval Workflow; 181 Creative Asset Analytics; 114 Creative Asset Governance,67 Creative Approval Workflow; 80 Creative Workflow Management; 208 Creative Workflow Metrics; 107 Creative Asset Lifecycle,,,,0,Start free -> https://getsibu.com/signup,,Build a Smarter Creative Workflow | GetSibu,"GetSibu connects ingestion, AI processing, organisation, search, collaboration, approvals, analytics and governance into one workflow.",/get-started/build-a-smarter-creative-workflow,WebPage BreadcrumbList,"index,follow",true,Get Started,product-ui photography typographic,"A single strong statement with one visual of the promised outcome (scattered sources becoming one library, a search that finds the asset).",,false,published,,"GetSibu connects ingestion, AI processing, organisation, search, collaboration, approvals, analytics and governance into one workflow. This helps creative teams spend less time managing files and more time producing work."
397,Scale Your Creative Library,391-400 Final Conversion Pages,canonical,,Get Started,conversion,leaf,/get-started/scale-your-creative-library,,/get-started,Home > Get Started > Scale Your Creative Library,L CTA / Conversion,conversion-statement,scale your creative library,transactional,Make one promise from the PDF concrete and ask for one action.,"As organisations produce more campaigns, videos, images and documents, their asset libraries become increasingly difficult to manage.",,Organising the library; Get started,8 Creative Asset Organisation; 375 What Is Asset Taxonomy?; 57 AI Library Organisation; 29 Creative Library Navigation; 4 Creative Library Management; 114 Creative Asset Governance,114 Creative Asset Governance,8 Creative Asset Organisation; 57 AI Library Organisation; 29 Creative Library Navigation; 4 Creative Library Management,375 What Is Asset Taxonomy?,,,0,Start free -> https://getsibu.com/signup,,Scale Your Creative Library | GetSibu,"As organisations produce more campaigns, videos, images and documents, their asset libraries become increasingly difficult to manage.",/get-started/scale-your-creative-library,WebPage BreadcrumbList,"index,follow",true,Get Started,product-ui photography typographic,"A single strong statement with one visual of the promised outcome (scattered sources becoming one library, a search that finds the asset).",,false,published,,"As organisations produce more campaigns, videos, images and documents, their asset libraries become increasingly difficult to manage. GetSibu provides the search, organisation, storage and governance capabilities needed to support growing libraries."
398,Turn Your Asset Library Into Intelligence,391-400 Final Conversion Pages,canonical,,Get Started,conversion,leaf,/get-started/turn-your-asset-library-into-intelligence,,/get-started,Home > Get Started > Turn Your Asset Library Into Intelligence,L CTA / Conversion,conversion-proof,turn your asset library into intelligence,transactional,Make one promise from the PDF concrete and ask for one action.,A digital asset library can contain years of organisational knowledge.,Conversion: turning years of organisational content into a usable resource.,AI media understanding; Get started,43 AI Media Understanding; 380 Future of AI-Powered Creative Libraries; 58 AI Asset Intelligence; 50 AI Media Indexing; 44 AI Creative Intelligence; 181 Creative Asset Analytics,31 AI-Assisted Tagging; 38 AI OCR; 39 AI Semantic Search; 181 Creative Asset Analytics,43 AI Media Understanding; 58 AI Asset Intelligence; 50 AI Media Indexing; 44 AI Creative Intelligence,380 Future of AI-Powered Creative Libraries,,,0,Start free -> https://getsibu.com/signup,,Turn Your Asset Library Into Intelligence | GetSibu,Turn Your Asset Library Into Intelligence: AI media understanding allows GetSibu to interpret the content of visual assets and make that information available.,/get-started/turn-your-asset-library-into-intelligence,WebPage BreadcrumbList,"index,follow",true,Get Started,product-ui photography typographic,"A single strong statement with one visual of the promised outcome (scattered sources becoming one library, a search that finds the asset).",scene-detection face-grouping ocr semantic-search,true,framed,43,"A digital asset library can contain years of organisational knowledge. With AI tagging, OCR, semantic search, face grouping, scene detection and analytics, GetSibu helps transform that content into a more intelligent and usable resource."
399,Bring Order to Creative Chaos,391-400 Final Conversion Pages,canonical,,Get Started,conversion,leaf,/get-started/bring-order-to-creative-chaos,,/get-started,Home > Get Started > Bring Order to Creative Chaos,L CTA / Conversion,conversion-statement,bring order to creative chaos,transactional,Make one promise from the PDF concrete and ask for one action.,"Creative chaos often begins with scattered storage, inconsistent filenames, duplicate files and unclear versions.",,Organising the library; Get started,8 Creative Asset Organisation; 375 What Is Asset Taxonomy?; 57 AI Library Organisation; 29 Creative Library Navigation; 4 Creative Library Management; 91 Creative Asset Versioning,40 AI Duplicate Detection; 91 Creative Asset Versioning; 46 AI Tag Confidence,8 Creative Asset Organisation; 57 AI Library Organisation; 29 Creative Library Navigation; 4 Creative Library Management,375 What Is Asset Taxonomy?,,,0,Start free -> https://getsibu.com/signup,,Bring Order to Creative Chaos | GetSibu,"Creative chaos often begins with scattered storage, inconsistent filenames, duplicate files and unclear versions.",/get-started/bring-order-to-creative-chaos,WebPage BreadcrumbList,"index,follow",true,Get Started,product-ui photography typographic,"A single strong statement with one visual of the promised outcome (scattered sources becoming one library, a search that finds the asset).",,false,published,,"Creative chaos often begins with scattered storage, inconsistent filenames, duplicate files and unclear versions. GetSibu brings those assets into a structured environment where teams can search, organise, review and collaborate with greater confidence."
400,The Future of Creative Asset Management,391-400 Final Conversion Pages,canonical,,Get Started,conversion,leaf,/get-started/future-of-creative-asset-management,,/get-started,Home > Get Started > The Future of Creative Asset Management,L CTA / Conversion,conversion-proof,the future of creative asset management,transactional,Make one promise from the PDF concrete and ask for one action.,GetSibu represents a modern approach to digital asset management where storage is only the beginning.,Conversion manifesto: GetSibu's approach where storage is only the beginning.,Where DAM is heading; Get started,378 Future of Digital Asset Management; 380 Future of AI-Powered Creative Libraries; 379 Future of Creative Collaboration; 377 How AI Changes DAM; 241 GetSibu Integrations; 181 Creative Asset Analytics,91 Creative Asset Versioning; 181 Creative Asset Analytics; 151 Creative Asset Permissions; 241 GetSibu Integrations,241 GetSibu Integrations; 181 Creative Asset Analytics; 151 Creative Asset Permissions; 91 Creative Asset Versioning,378 Future of Digital Asset Management; 380 Future of AI-Powered Creative Libraries; 379 Future of Creative Collaboration,,,0,Start free -> https://getsibu.com/signup,,The Future of Creative Asset Management | GetSibu,GetSibu represents a modern approach to digital asset management where storage is only the beginning.,/get-started/future-of-creative-asset-management,WebPage BreadcrumbList,"index,follow",true,Get Started,product-ui photography typographic,"A single strong statement with one visual of the promised outcome (scattered sources becoming one library, a search that finds the asset).",,false,published,,"GetSibu represents a modern approach to digital asset management where storage is only the beginning. By combining intelligent search, AI-assisted organisation, contextual collaboration, version control, analytics, permissions, integrations and enterprise security, GetSibu creates a creative library designed for teams that need to move quickly without losing control of their content."
